"name","pos","sourceName","team","name_fs","team_fs","positionRank_fs","overallRank_fs","points_fs","passYds_fs","passTds_fs","passInt_fs","rushAtt_fs","rushYds_fs","rushTds_fs","rec_fs","recYds_fs","recTds_fs","returnTds_fs","twoPts_fs","fumbles_fs"
"ANDREWLUCK","QB","fs","IND"," Andrew Luck ","IND",1,1,357,5026,37,17,64,322,3,0,0,0,0,0,4
"AARONRODGERS","QB","fs","GBP"," Aaron Rodgers ","GBP",2,2,349,4675,37,8,46,249,2,0,0,0,0,0,3
"RUSSELLWILSON","QB","fs","SEA"," Russell Wilson ","SEA",3,3,316,3678,26,10,96,575,5,0,0,0,0,0,1
"PEYTONMANNING","QB","fs","DEN"," Peyton Manning ","DEN",4,4,312,4652,40,12,21,0,0,0,0,0,0,0,5
"TOMBRADY","QB","fs","NEP"," Tom Brady ","NEP",5,5,309,4610,35,11,34,50,1,0,0,0,0,0,2
"CAMNEWTON","QB","fs","CAR"," Cam Newton ","CAR",6,6,292,3600,23,14,110,568,6,0,0,0,0,0,4
"TONYROMO","QB","fs","DAL"," Tony Romo ","DAL",7,7,289,3967,37,9,25,57,0,0,0,0,0,0,2
"BENROETHLISBERGER","QB","fs","PIT"," Ben Roethlisberger ","PIT",8,8,286,4748,30,13,33,71,1,0,0,0,0,0,5
"DREWBREES","QB","fs","NOS"," Drew Brees ","NOS",9,9,284,4326,31,13,26,55,2,0,0,0,0,0,2
"LEVEONBELL","RB","fs","PIT"," Le'Veon Bell ","PIT",1,10,274,0,0,0,313,1275,11,71,716,2,0,0,1
"RYANTANNEHILL","QB","fs","MIA"," Ryan Tannehill ","MIA",10,11,273,4115,28,14,48,276,1,0,0,0,0,0,4
"COLINKAEPERNICK","QB","fs","SFO"," Colin Kaepernick ","SFO",11,12,271,3244,22,8,110,660,2,0,0,0,0,0,4
"EDDIELACY","RB","fs","GBP"," Eddie Lacy ","GBP",2,13,260,0,0,0,308,1376,11,41,354,4,0,0,1
"MATTHEWSTAFFORD","QB","fs","DET"," Matthew Stafford ","DET",12,13,260,4445,26,15,37,95,2,0,0,0,0,0,6
"CJANDERSON","RB","fs","DEN"," C.J. Anderson ","DEN",3,15,258,0,0,0,267,1200,11,57,482,4,0,0,0
"JOEFLACCO","QB","fs","BAL"," Joe Flacco ","BAL",13,16,257,4100,27,17,40,99,2,0,0,0,0,0,1
"ADRIANPETERSON","RB","fs","MIN"," Adrian Peterson ","MIN",4,17,256,0,0,0,322,1375,13,49,350,2,0,0,3
"DEMARYIUSTHOMAS","WR","fs","DEN"," Demaryius Thomas ","DEN",1,17,256,0,0,0,0,0,0,115,1685,15,0,0,1
"ELIMANNING","QB","fs","NYG"," Eli Manning ","NYG",14,17,256,4577,28,17,15,32,0,0,0,0,0,0,4
"SAMBRADFORD","QB","fs","PHI"," Sam Bradford ","PHI",15,20,255,4251,26,18,49,153,2,0,0,0,0,0,5
"MATTRYAN","QB","fs","ATL"," Matt Ryan ","ATL",16,21,254,4323,26,12,20,88,0,0,0,0,0,0,3
"JAMAALCHARLES","RB","fs","KCC"," Jamaal Charles ","KCC",5,22,252,0,0,0,246,1239,11,55,451,4,0,0,3
"ALEXSMITH","QB","fs","KCC"," Alex Smith ","KCC",17,23,247,3426,22,7,63,343,1,0,0,0,0,0,2
"JAYCUTLER","QB","fs","CHI"," Jay Cutler ","CHI",18,24,242,3725,25,14,35,194,2,0,0,0,0,0,5
"JULIOJONES","WR","fs","ATL"," Julio Jones ","ATL",2,25,238,0,0,0,1,4,0,107,1565,14,0,0,1
"PHILIPRIVERS","QB","fs","SDC"," Philip Rivers ","SDC",19,26,237,3921,28,17,29,72,0,0,0,0,0,0,2
"DEZBRYANT","WR","fs","DAL"," Dez Bryant ","DAL",3,26,237,0,0,0,1,1,0,96,1375,17,0,0,1
"MARSHAWNLYNCH","RB","fs","SEA"," Marshawn Lynch ","SEA",6,28,233,0,0,0,261,1200,13,29,257,2,0,0,1
"ODELLBECKHAM","WR","fs","NYG"," Odell Beckham ","NYG",4,29,232,0,0,0,7,35,0,104,1475,14,0,0,1
"KIRKCOUSINS","QB","fs","WAS"," Kirk Cousins ","WAS",20,30,229,4041,20,19,60,286,2,0,0,0,0,0,7
"MATTFORTE","RB","fs","CHI"," Matt Forte ","CHI",7,31,228,0,0,0,269,1137,7,65,535,4,0,0,2
"NICKFOLES","QB","fs","STL"," Nick Foles ","STL",21,32,226,3724,24,15,31,88,2,0,0,0,0,0,4
"JEREMYHILL","RB","fs","CIN"," Jeremy Hill ","CIN",8,33,225,0,0,0,267,1250,11,39,301,1,0,0,1
"RYANFITZPATRICK","QB","fs","NYJ"," Ryan Fitzpatrick ","NYJ",22,34,224,3319,18,10,70,285,3,0,0,0,0,0,3
"CALVINJOHNSON","WR","fs","DET"," Calvin Johnson ","DET",5,34,224,0,0,0,0,0,0,91,1463,13,0,0,0
"MARCUSMARIOTA","QB","fs","TEN"," Marcus Mariota ","TEN",23,36,220,3240,19,12,49,258,3,0,0,0,0,0,2
"CARSONPALMER","QB","fs","ARI"," Carson Palmer ","ARI",24,37,218,3950,25,20,25,41,0,0,0,0,0,0,2
"DEREKCARR","QB","fs","OAK"," Derek Carr ","OAK",24,37,218,3624,24,14,46,186,0,0,0,0,0,0,6
"ROBGRONKOWSKI","TE","fs","NEP"," Rob Gronkowski ","NEP",1,39,216,0,0,0,0,0,0,97,1326,14,0,0,0
"ANDYDALTON","QB","fs","CIN"," Andy Dalton ","CIN",26,40,215,3325,22,20,57,185,4,0,0,0,0,0,4
"TYRODTAYLOR","QB","fs","BUF"," Tyrod Taylor ","BUF",27,41,214,3349,18,13,43,255,3,0,0,0,0,0,4
"RANDALLCOBB","WR","fs","GBP"," Randall Cobb ","GBP",6,41,214,0,0,0,10,34,0,95,1375,13,0,0,2
"TEDDYBRIDGEWATER","QB","fs","MIN"," Teddy Bridgewater ","MIN",28,43,213,3464,18,15,54,235,2,0,0,0,0,0,1
"DEMARCOMURRAY","RB","fs","PHI"," DeMarco Murray ","PHI",9,44,210,0,0,0,266,1250,11,35,278,0,0,0,4
"CARLOSHYDE","RB","fs","SFO"," Carlos Hyde ","SFO",10,45,209,0,0,0,279,1325,10,26,171,1,0,0,3
"ANTONIOBROWN","WR","fs","PIT"," Antonio Brown ","PIT",7,46,204,0,0,0,4,6,0,112,1466,10,0,0,1
"BLAKEBORTLES","QB","fs","JAC"," Blake Bortles ","JAC",29,47,198,3271,17,18,64,384,0,0,0,0,0,0,1
"MARKINGRAM","RB","fs","NOS"," Mark Ingram ","NOS",11,47,198,0,0,0,255,1175,10,44,257,0,0,0,2
"JUSTINFORSETT","RB","fs","BAL"," Justin Forsett ","BAL",12,49,196,0,0,0,175,975,7,65,475,2,0,0,1
"BRIANHOYER","QB","fs","HOU"," Brian Hoyer ","HOU",30,50,193,3542,16,13,44,120,1,0,0,0,0,0,2
"MIKEEVANS","WR","fs","TBB"," Mike Evans ","TBB",8,51,191,0,0,0,0,0,0,75,1150,13,0,0,1
"JORDANMATTHEWS","WR","fs","PHI"," Jordan Matthews ","PHI",9,52,188,0,0,0,0,2,0,85,1286,10,0,0,0
"AJGREEN","WR","fs","CIN"," A.J. Green ","CIN",10,53,187,0,0,0,2,8,0,95,1375,9,0,0,2
"FRANKGORE","RB","fs","IND"," Frank Gore ","IND",13,53,187,0,0,0,247,1126,5,32,274,4,0,0,3
"EMMANUELSANDERS","WR","fs","DEN"," Emmanuel Sanders ","DEN",11,55,182,0,0,0,5,30,0,98,1250,9,0,0,0
"BRANDINCOOKS","WR","fs","NOS"," Brandin Cooks ","NOS",12,56,178,0,0,0,8,47,1,89,1200,8,0,0,0
"DEANDREHOPKINS","WR","fs","HOU"," DeAndre Hopkins ","HOU",13,57,176,0,0,0,0,0,0,92,1325,8,0,0,2
"JAMEISWINSTON","QB","fs","TBB"," Jameis Winston ","TBB",31,58,174,2966,20,17,29,108,2,0,0,0,0,0,6
"ALFREDMORRIS","RB","fs","WAS"," Alfred Morris ","WAS",14,59,173,0,0,0,261,1125,9,13,119,0,0,0,2
"JOSEPHRANDLE","RB","fs","DAL"," Joseph Randle ","DAL",15,60,171,0,0,0,203,975,10,26,186,0,0,0,2
"JONATHANSTEWART","RB","fs","CAR"," Jonathan Stewart ","CAR",16,61,168,0,0,0,241,1121,5,28,186,2,0,0,2
"GOLDENTATE","WR","fs","DET"," Golden Tate ","DET",14,62,166,0,0,0,6,32,0,96,1276,6,0,0,0
"TYHILTON","WR","fs","IND"," T.Y. Hilton ","IND",15,63,165,0,0,0,2,13,0,85,1305,6,0,0,1
"TJYELDON","RB","fs","JAC"," T.J. Yeldon ","JAC",17,64,164,0,0,0,222,915,7,44,315,1,0,0,3
"AMARICOOPER","WR","fs","OAK"," Amari Cooper ","OAK",16,65,163,0,0,0,1,3,0,82,1050,10,0,0,1
"LESEANMCCOY","RB","fs","BUF"," LeSean McCoy ","BUF",18,66,161,0,0,0,242,1025,6,43,293,0,0,0,3
"LAMARMILLER","RB","fs","MIA"," Lamar Miller ","MIA",19,67,160,0,0,0,215,1034,5,36,256,1,0,0,2
"AMEERABDULLAH","RB","fs","DET"," Ameer Abdullah ","DET",20,68,159,0,0,0,136,765,4,46,430,3,0,0,1
"DAVANTEADAMS","WR","fs","GBP"," Davante Adams ","GBP",17,68,159,0,0,0,3,5,0,85,1193,7,0,0,1
"LATAVIUSMURRAY","RB","fs","OAK"," Latavius Murray ","OAK",21,70,158,0,0,0,206,925,5,48,389,0,0,0,1
"MELVINGORDON","RB","fs","SDC"," Melvin Gordon ","SDC",22,71,157,0,0,0,196,802,6,35,310,2,0,0,1
"LEGARRETTEBLOUNT","RB","fs","NEP"," LeGarrette Blount ","NEP",23,72,156,0,0,0,164,716,10,31,212,1,0,0,1
"ANDREELLINGTON","RB","fs","ARI"," Andre Ellington ","ARI",24,73,155,0,0,0,239,910,5,43,322,1,0,0,2
"DESEANJACKSON","WR","fs","WAS"," DeSean Jackson ","WAS",18,73,155,0,0,0,4,18,0,63,1125,7,0,0,0
"KEENANALLEN","WR","fs","SDC"," Keenan Allen ","SDC",19,75,154,0,0,0,0,1,0,86,1060,9,0,0,3
"ALSHONJEFFERY","WR","fs","CHI"," Alshon Jeffery ","CHI",20,76,149,0,0,0,4,16,0,68,888,10,0,0,0
"JOSHMCCOWN","QB","fs","CLE"," Josh McCown ","CLE",32,77,148,2831,12,16,32,110,3,0,0,0,0,0,5
"NELSONAGHOLOR","WR","fs","PHI"," Nelson Agholor ","PHI",21,77,148,0,0,0,1,5,0,75,1025,8,0,0,1
"GENOSMITH","QB","fs","NYJ"," Geno Smith ","NYJ",33,79,146,2333,12,11,50,219,2,0,0,0,0,0,3
"TORREYSMITH","WR","fs","SFO"," Torrey Smith ","SFO",22,79,146,0,0,0,3,10,1,56,797,10,0,0,0
"ISAIAHCROWELL","RB","fs","CLE"," Isaiah Crowell ","CLE",25,81,145,0,0,0,194,735,9,20,181,1,0,0,3
"BRANDONMARSHALL","WR","fs","NYJ"," Brandon Marshall ","NYJ",23,82,144,0,0,0,4,16,1,71,915,8,0,0,1
"JULIANEDELMAN","WR","fs","NEP"," Julian Edelman ","NEP",24,83,143,0,0,0,10,58,0,98,1025,6,0,0,0
"CHARLESJOHNSON","WR","fs","MIN"," Charles Johnson ","MIN",25,84,140,0,0,0,6,36,1,66,951,6,0,0,0
"ALFREDBLUE","RB","fs","HOU"," Alfred Blue ","HOU",26,85,139,0,0,0,224,846,4,28,216,2,0,0,1
"RYANMATHEWS","RB","fs","PHI"," Ryan Mathews ","PHI",26,85,139,0,0,0,146,650,9,32,207,0,0,0,0
"MARQUESCOLSTON","WR","fs","NOS"," Marques Colston ","NOS",26,87,138,0,0,0,2,8,1,58,865,8,0,0,1
"JARVISLANDRY","WR","fs","MIA"," Jarvis Landry ","MIA",27,88,136,0,0,0,2,1,0,89,924,8,0,0,2
"CHRISIVORY","RB","fs","NYJ"," Chris Ivory ","NYJ",28,88,136,0,0,0,201,876,6,15,95,1,0,0,1
"MIKEWALLACE","WR","fs","MIN"," Mike Wallace ","MIN",28,90,135,0,0,0,4,10,0,59,824,9,0,0,1
"ALLENROBINSON","WR","fs","JAC"," Allen Robinson ","JAC",29,91,132,0,0,0,0,0,0,80,966,6,0,0,0
"ANQUANBOLDIN","WR","fs","SFO"," Anquan Boldin ","SFO",29,91,132,0,0,0,2,4,0,73,965,6,0,0,0
"STEVESMITH","WR","fs","BAL"," Steve Smith ","BAL",31,93,129,0,0,0,0,0,0,71,950,6,0,0,1
"BRANDONLAFELL","WR","fs","NEP"," Brandon LaFell ","NEP",31,93,129,0,0,0,4,21,0,71,819,8,0,0,1
"DEVINFUNCHESS","WR","fs","CAR"," Devin Funchess ","CAR",33,95,128,0,0,0,2,10,0,61,857,7,0,0,0
"JEREMYMACLIN","WR","fs","KCC"," Jeremy Maclin ","KCC",33,95,128,0,0,0,0,0,0,66,989,5,0,0,0
"KENDALLWRIGHT","WR","fs","TEN"," Kendall Wright ","TEN",35,97,127,0,0,0,3,14,0,76,984,5,0,0,1
"TERRANCEWILLIAMS","WR","fs","DAL"," Terrance Williams ","DAL",36,98,126,0,0,0,1,3,0,36,681,10,0,0,1
"RODDYWHITE","WR","fs","ATL"," Roddy White ","ATL",36,98,126,0,0,0,0,1,0,77,885,7,0,0,2
"VINCENTJACKSON","WR","fs","TBB"," Vincent Jackson ","TBB",36,98,126,0,0,0,0,0,0,73,1045,4,0,0,1
"MICHAELFLOYD","WR","fs","ARI"," Michael Floyd ","ARI",39,101,125,0,0,0,1,2,0,47,799,8,0,0,1
"SAMMYWATKINS","WR","fs","BUF"," Sammy Watkins ","BUF",39,101,125,0,0,0,3,14,0,60,925,6,0,0,2
"JIMMYGRAHAM","TE","fs","SEA"," Jimmy Graham ","SEA",2,101,125,0,0,0,0,0,0,68,819,8,0,0,2
"ERICDECKER","WR","fs","NYJ"," Eric Decker ","NYJ",41,104,124,0,0,0,7,38,0,78,916,5,0,0,0
"EDDIEROYAL","WR","fs","CHI"," Eddie Royal ","CHI",42,105,122,0,0,0,2,12,0,75,875,6,0,0,1
"DOUGBALDWIN","WR","fs","SEA"," Doug Baldwin ","SEA",43,106,121,0,0,0,5,28,0,66,915,5,0,0,1
"LARRYFITZGERALD","WR","fs","ARI"," Larry Fitzgerald ","ARI",43,106,121,0,0,0,1,2,0,79,915,5,0,0,0
"RUEBENRANDLE","WR","fs","NYG"," Rueben Randle ","NYG",45,108,120,0,0,0,1,2,0,65,965,4,0,0,0
"ARIANFOSTER","RB","fs","HOU"," Arian Foster ","HOU",29,108,120,0,0,0,152,685,3,22,187,3,0,0,1
"GREGOLSEN","TE","fs","CAR"," Greg Olsen ","CAR",3,108,120,0,0,0,0,0,0,77,900,5,0,0,0
"BRIANQUICK","WR","fs","STL"," Brian Quick ","STL",46,111,117,0,0,0,5,31,0,54,840,5,0,0,0
"MALCOMFLOYD","WR","fs","SDC"," Malcom Floyd ","SDC",46,111,117,0,0,0,0,0,0,53,814,6,0,0,0
"DELANIEWALKER","TE","fs","TEN"," Delanie Walker ","TEN",4,113,116,0,0,0,0,0,0,67,806,6,0,0,0
"ANDREJOHNSON","WR","fs","IND"," Andre Johnson ","IND",48,114,114,0,0,0,1,4,0,78,880,5,0,0,2
"GIOVANIBERNARD","RB","fs","CIN"," Giovani Bernard ","CIN",30,114,114,0,0,0,129,525,4,36,282,2,0,0,1
"KNILEDAVIS","RB","fs","KCC"," Knile Davis ","KCC",31,116,112,0,0,0,150,505,6,25,225,1,0,0,1
"CHARLESCLAY","TE","fs","BUF"," Charles Clay ","BUF",5,116,112,0,0,0,0,0,0,75,825,5,0,0,0
"JOHNBROWN","WR","fs","ARI"," John Brown ","ARI",49,116,112,0,0,0,3,0,0,61,825,5,0,0,0
"DANNYWOODHEAD","RB","fs","SDC"," Danny Woodhead ","SDC",31,116,112,0,0,0,119,425,2,55,426,3,0,0,1
"DWAYNEALLEN","TE","fs","IND"," Dwayne Allen ","IND",5,116,112,0,0,0,0,0,0,47,529,10,0,0,0
"MARTELLUSBENNETT","TE","fs","CHI"," Martellus Bennett ","CHI",7,121,110,0,0,0,0,0,0,78,825,5,0,0,1
"DARRENMCFADDEN","RB","fs","DAL"," Darren McFadden ","DAL",33,122,109,0,0,0,154,625,4,36,271,0,0,0,2
"LANCEDUNBAR","RB","fs","DAL"," Lance Dunbar ","DAL",34,123,108,0,0,0,83,425,4,26,320,2,0,0,1
"ROYHELU","RB","fs","OAK"," Roy Helu ","OAK",35,124,107,0,0,0,80,365,1,53,494,3,0,0,1
"OWENDANIELS","TE","fs","DEN"," Owen Daniels ","DEN",8,125,106,0,0,0,0,0,0,51,602,8,0,0,1
"PIERREGARCON","WR","fs","WAS"," Pierre Garcon ","WAS",50,126,105,0,0,0,1,2,0,69,871,3,0,0,0
"ANTONIOGATES","TE","fs","SDC"," Antonio Gates ","SDC",9,126,105,0,0,0,0,0,0,57,630,7,0,0,0
"JONASGRAY","RB","fs","NEP"," Jonas Gray ","NEP",36,126,105,0,0,0,127,475,5,29,221,1,0,0,0
"DANHERRON","RB","fs","IND"," Dan Herron ","IND",37,129,104,0,0,0,138,567,4,40,302,0,0,0,3
"RONNIEHILLMAN","RB","fs","DEN"," Ronnie Hillman ","DEN",38,130,103,0,0,0,141,642,3,24,159,1,0,0,0
"STEVIEJOHNSON","WR","fs","SDC"," Stevie Johnson ","SDC",51,131,102,0,0,0,1,7,0,60,725,5,0,0,0
"JASONWITTEN","TE","fs","DAL"," Jason Witten ","DAL",10,132,101,0,0,0,0,0,0,61,710,5,0,0,0
"ANDREWILLIAMS","RB","fs","NYG"," Andre Williams ","NYG",39,132,101,0,0,0,167,538,6,17,129,0,0,0,0
"JORDANCAMERON","TE","fs","MIA"," Jordan Cameron ","MIA",11,134,100,0,0,0,0,0,0,59,767,4,0,0,0
"HARRYDOUGLAS","WR","fs","TEN"," Harry Douglas ","TEN",52,135,98,0,0,0,0,0,0,55,687,5,0,0,0
"JAREDCOOK","TE","fs","STL"," Jared Cook ","STL",12,135,98,0,0,0,1,0,0,56,680,5,0,0,0
"MARTAVISBRYANT","WR","fs","PIT"," Martavis Bryant ","PIT",52,135,98,0,0,0,5,21,0,36,544,7,0,0,0
"LADARIUSGREEN","TE","fs","SDC"," Ladarius Green ","SDC",12,135,98,0,0,0,0,0,0,46,625,6,0,0,0
"MARKUSWHEATON","WR","fs","PIT"," Markus Wheaton ","PIT",54,139,97,0,0,0,3,13,0,60,726,4,0,0,0
"PERCYHARVIN","WR","fs","BUF"," Percy Harvin ","BUF",54,139,97,0,0,0,23,127,1,57,655,3,0,0,2
"TODDGURLEY","RB","fs","STL"," Todd Gurley ","STL",40,141,96,0,0,0,134,530,3,31,233,1,0,0,2
"KENNYSTILLS","WR","fs","MIA"," Kenny Stills ","MIA",56,141,96,0,0,0,1,0,0,65,745,4,0,0,1
"JERMAINEKEARSE","WR","fs","SEA"," Jermaine Kearse ","SEA",56,141,96,0,0,0,3,16,0,40,650,5,0,0,0
"BOBBYRAINEY","RB","fs","TBB"," Bobby Rainey ","TBB",40,141,96,0,0,0,136,450,2,44,393,1,0,0,3
"DEANGELOWILLIAMS","RB","fs","PIT"," DeAngelo Williams ","PIT",40,141,96,0,0,0,166,575,2,30,316,0,0,0,2
"MARVINJONES","WR","fs","CIN"," Marvin Jones ","CIN",58,146,95,0,0,0,8,14,0,49,609,6,0,0,1
"BRANDENOLIVER","RB","fs","SDC"," Branden Oliver ","SDC",43,146,95,0,0,0,146,475,3,35,246,1,0,0,0
"MICHAELCRABTREE","WR","fs","OAK"," Michael Crabtree ","OAK",59,148,94,0,0,0,0,0,0,63,702,4,0,0,0
"TRAVISKELCE","TE","fs","KCC"," Travis Kelce ","KCC",14,148,94,0,0,0,0,0,0,57,702,5,0,0,3
"KENNYBRITT","WR","fs","STL"," Kenny Britt ","STL",60,150,93,0,0,0,3,19,0,49,743,3,0,0,0
"RASHADJENNINGS","RB","fs","NYG"," Rashad Jennings ","NYG",44,151,92,0,0,0,136,523,4,26,182,0,0,0,1
"STEDMANBAILEY","WR","fs","STL"," Stedman Bailey ","STL",61,151,92,0,0,0,11,68,1,39,503,5,0,0,0
"COBYFLEENER","TE","fs","IND"," Coby Fleener ","IND",15,151,92,0,0,0,0,0,0,41,560,6,0,0,0
"ZACHERTZ","TE","fs","PHI"," Zach Ertz ","PHI",15,151,92,0,0,0,0,0,0,49,580,6,0,0,1
"BISHOPSANKEY","RB","fs","TEN"," Bishop Sankey ","TEN",45,155,90,0,0,0,169,615,2,20,135,1,0,0,1
"MOHAMEDSANU","WR","fs","CIN"," Mohamed Sanu ","CIN",62,155,90,0,0,0,9,52,0,46,615,4,0,0,0
"TREMASON","RB","fs","STL"," Tre Mason ","STL",45,155,90,0,0,0,157,603,3,22,163,0,0,0,2
"DARRENSPROLES","RB","fs","PHI"," Darren Sproles ","PHI",47,158,89,0,0,0,54,280,6,32,278,0,0,0,1
"SHANEVEREEN","RB","fs","NYG"," Shane Vereen ","NYG",47,158,89,0,0,0,117,439,2,36,285,1,0,0,0
"CROCKETTGILLMORE","TE","fs","BAL"," Crockett Gillmore ","BAL",17,160,87,0,0,0,0,0,0,44,512,6,0,0,0
"CECILSHORTS","WR","fs","HOU"," Cecil Shorts ","HOU",63,161,86,0,0,0,1,0,0,65,704,3,0,0,1
"DWAYNEBOWE","WR","fs","CLE"," Dwayne Bowe ","CLE",63,161,86,0,0,0,1,2,0,62,800,1,0,0,0
"VERNONDAVIS","TE","fs","SFO"," Vernon Davis ","SFO",18,161,86,0,0,0,1,3,0,36,468,7,0,0,1
"TERRANCEWEST","RB","fs","CLE"," Terrance West ","CLE",49,161,86,0,0,0,130,479,4,10,52,2,0,0,1
"AUSTINSEFERIANJENKINS","TE","fs","TBB"," Austin Seferian-Jenkins ","TBB",18,161,86,0,0,0,1,1,0,64,585,5,0,0,1
"JOIQUEBELL","RB","fs","DET"," Joique Bell ","DET",49,161,86,0,0,0,116,451,4,20,196,0,0,0,1
"CHRISPOLK","RB","fs","HOU"," Chris Polk ","HOU",51,167,85,0,0,0,96,365,5,10,136,1,0,0,0
"MYCHALRIVERA","TE","fs","OAK"," Mychal Rivera ","OAK",20,167,85,0,0,0,0,0,0,54,510,6,0,0,1
"KYLERUDOLPH","TE","fs","MIN"," Kyle Rudolph ","MIN",20,167,85,0,0,0,0,0,0,51,551,5,0,0,0
"RODSTREATER","WR","fs","OAK"," Rod Streater ","OAK",65,167,85,0,0,0,2,12,0,46,562,5,0,0,1
"CORDARRELLEPATTERSON","WR","fs","MIN"," Cordarrelle Patterson ","MIN",65,167,85,0,0,0,17,101,3,38,415,3,0,0,1
"DANNYAMENDOLA","WR","fs","NEP"," Danny Amendola ","NEP",67,172,84,0,0,0,1,0,0,53,543,5,0,0,0
"KARLOSWILLIAMS","RB","fs","BUF"," Karlos Williams ","BUF",52,173,83,0,0,0,137,498,3,25,183,0,0,0,1
"DOUGMARTIN","RB","fs","TBB"," Doug Martin ","TBB",52,173,83,0,0,0,158,625,2,18,111,0,0,0,1
"ALLENHURNS","WR","fs","JAC"," Allen Hurns ","JAC",68,173,83,0,0,0,1,1,0,51,593,4,0,0,0
"JULIUSTHOMAS","TE","fs","JAC"," Julius Thomas ","JAC",22,176,82,0,0,0,0,0,0,36,405,7,0,0,0
"LARRYDONNELL","TE","fs","NYG"," Larry Donnell ","NYG",23,177,81,0,0,0,0,0,0,56,573,5,0,0,3
"GARYBARNIDGE","TE","fs","CLE"," Gary Barnidge ","CLE",24,178,80,0,0,0,0,0,0,44,626,3,0,0,0
"HEATHMILLER","TE","fs","PIT"," Heath Miller ","PIT",24,178,80,0,0,0,0,0,0,64,725,2,0,0,2
"COLEBEASLEY","WR","fs","DAL"," Cole Beasley ","DAL",69,180,79,0,0,0,0,1,0,45,539,5,0,0,2
"REGGIEBUSH","RB","fs","SFO"," Reggie Bush ","SFO",54,180,79,0,0,0,107,383,3,33,194,1,0,0,1
"JARIUSWRIGHT","WR","fs","MIN"," Jarius Wright ","MIN",70,182,78,0,0,0,3,19,0,37,531,4,0,0,0
"JAMESSTARKS","RB","fs","GBP"," James Starks ","GBP",55,182,78,0,0,0,80,370,4,15,111,1,0,0,0
"TYLEREIFERT","TE","fs","CIN"," Tyler Eifert ","CIN",26,184,77,0,0,0,0,0,0,50,430,6,0,0,1
"PRESTONPARKER","WR","fs","NYG"," Preston Parker ","NYG",71,185,76,0,0,0,1,2,0,50,600,3,0,0,1
"ROBERTWOODS","WR","fs","BUF"," Robert Woods ","BUF",71,185,76,0,0,0,0,0,0,52,567,4,0,0,2
"ANDREWHAWKINS","WR","fs","CLE"," Andrew Hawkins ","CLE",73,187,75,0,0,0,2,11,0,46,625,2,0,0,0
"ANDREHOLMES","WR","fs","OAK"," Andre Holmes ","OAK",74,188,74,0,0,0,1,1,0,42,560,3,0,0,0
"KHIRYROBINSON","RB","fs","NOS"," Khiry Robinson ","NOS",56,188,74,0,0,0,92,412,4,19,130,0,0,0,2
"JUSTINHUNTER","WR","fs","TEN"," Justin Hunter ","TEN",74,188,74,0,0,0,0,0,0,30,508,4,0,0,0
"BENWATSON","TE","fs","NOS"," Ben Watson ","NOS",27,191,73,0,0,0,0,0,0,48,395,6,0,0,1
"JORDANREED","TE","fs","WAS"," Jordan Reed ","WAS",27,191,73,0,0,0,1,4,0,65,651,2,0,0,2
"DONTEMONCRIEF","WR","fs","IND"," Donte Moncrief ","IND",76,193,72,0,0,0,4,14,0,34,476,4,0,0,0
"ERICEBRON","TE","fs","DET"," Eric Ebron ","DET",29,193,72,0,0,0,0,0,0,55,485,4,0,0,0
"MARKSANCHEZ","QB","fs","PHI"," Mark Sanchez ","PHI",34,195,71,951,9,5,18,31,1,0,0,0,0,0,1
"GREGJENNINGS","WR","fs","MIA"," Greg Jennings ","MIA",77,195,71,0,0,0,1,1,0,44,550,3,0,0,1
"GARRETTGRAHAM","TE","fs","HOU"," Garrett Graham ","HOU",30,195,71,0,0,0,0,0,0,43,476,4,0,0,0
"BILALPOWELL","RB","fs","NYJ"," Bilal Powell ","NYJ",57,198,70,0,0,0,104,444,1,23,161,1,0,0,1
"LORENZOTALIAFERRO","RB","fs","BAL"," Lorenzo Taliaferro ","BAL",58,199,68,0,0,0,87,354,3,17,170,0,0,0,1
"CHRISJOHNSON","RB","fs","ARI"," Chris Johnson ","ARI",58,199,68,0,0,0,112,455,2,19,135,0,0,0,1
"BRESHADPERRIMAN","WR","fs","BAL"," Breshad Perriman ","BAL",78,199,68,0,0,0,0,0,0,47,583,2,0,0,1
"BRIANHARTLINE","WR","fs","CLE"," Brian Hartline ","CLE",78,199,68,0,0,0,2,8,0,41,560,2,0,0,0
"ALBERTWILSON","WR","fs","KCC"," Albert Wilson ","KCC",80,203,67,0,0,0,2,3,0,34,495,3,0,0,0
"BRENTCELEK","TE","fs","PHI"," Brent Celek ","PHI",31,203,67,0,0,0,0,0,0,39,457,4,0,0,1
"JERMAINEGRESHAM","TE","fs","ARI"," Jermaine Gresham ","ARI",31,203,67,0,0,0,0,0,0,50,434,4,0,0,0
"ANTONESMITH","RB","fs","ATL"," Antone Smith ","ATL",60,203,67,0,0,0,37,215,3,18,188,2,0,0,1
"MATTJONES","RB","fs","WAS"," Matt Jones ","WAS",61,207,66,0,0,0,87,335,2,23,216,0,0,0,0
"CODYLATIMER","WR","fs","DEN"," Cody Latimer ","DEN",81,208,65,0,0,0,0,0,0,53,535,2,0,0,0
"KEVINWHITE","WR","fs","CHI"," Kevin White ","CHI",81,208,65,0,0,0,3,18,0,45,521,2,0,0,0
"CJSPILLER","RB","fs","NOS"," C.J. Spiller ","NOS",62,208,65,0,0,0,82,294,2,25,187,2,0,0,3
"CHARLESSIMS","RB","fs","TBB"," Charles Sims ","TBB",62,208,65,0,0,0,105,325,1,32,299,0,0,0,1
"LANCEKENDRICKS","TE","fs","STL"," Lance Kendricks ","STL",33,212,64,0,0,0,0,0,0,29,281,6,0,0,0
"RICHARDRODGERS","TE","fs","GBP"," Richard Rodgers ","GBP",33,212,64,0,0,0,0,0,0,36,405,4,0,0,0
"JOSHHILL","TE","fs","NOS"," Josh Hill ","NOS",33,212,64,0,0,0,0,0,0,38,405,4,0,0,0
"CAMERONARTISPAYNE","RB","fs","CAR"," Cameron Artis-Payne ","CAR",64,215,63,0,0,0,107,358,2,19,121,1,0,0,1
"ANDREROBERTS","WR","fs","WAS"," Andre Roberts ","WAS",83,215,63,0,0,0,2,8,0,38,493,3,0,0,2
"BENNYCUNNINGHAM","RB","fs","STL"," Benny Cunningham ","STL",65,217,62,0,0,0,58,227,3,35,267,0,0,0,2
"JERICKMCKINNON","RB","fs","MIN"," Jerick McKinnon ","MIN",65,217,62,0,0,0,107,485,0,25,145,0,0,0,0
"JEFFJANIS","WR","fs","GBP"," Jeff Janis ","GBP",84,217,62,0,0,0,0,0,0,32,381,4,0,0,0
"DENARDROBINSON","RB","fs","JAC"," Denard Robinson ","JAC",67,220,61,0,0,0,100,424,2,20,115,0,0,0,2
"DAMIENWILLIAMS","RB","fs","MIA"," Damien Williams ","MIA",67,220,61,0,0,0,61,226,0,30,272,2,0,0,0
"JAMESJONES","WR","fs","NYG"," James Jones ","NYG",85,220,61,0,0,0,0,0,0,40,370,4,0,0,0
"THEORIDDICK","RB","fs","DET"," Theo Riddick ","DET",69,223,60,0,0,0,17,35,0,36,334,4,0,0,0
"PIERRETHOMAS","RB","fs","FA*"," Pierre Thomas ","FA*",70,224,59,0,0,0,60,275,1,30,260,0,0,0,0
"CHADHENNE","QB","fs","JAC"," Chad Henne ","JAC",35,224,59,912,7,3,7,35,0,0,0,0,0,0,1
"JEFFCUMBERLAND","TE","fs","NYJ"," Jeff Cumberland ","NYJ",36,226,58,0,0,0,0,0,0,28,343,4,0,0,0
"TAYLORGABRIEL","WR","fs","CLE"," Taylor Gabriel ","CLE",86,227,57,0,0,0,2,0,0,32,516,1,0,0,0
"ROBERTGRIFFIN","QB","fs","WAS"," III Robert Griffin ","WAS",36,227,57,1085,4,4,28,167,0,0,0,0,0,0,5
"VIRGILGREEN","TE","fs","DEN"," Virgil Green ","DEN",37,229,56,0,0,0,2,5,0,22,465,2,0,0,1
"DEVANTEPARKER","WR","fs","MIA"," DeVante Parker ","MIA",87,229,56,0,0,0,2,5,0,26,565,0,0,0,0
"KAMARAIKEN","WR","fs","BAL"," Kamar Aiken ","BAL",88,231,55,0,0,0,1,1,0,29,312,4,0,0,0
"DREWSTANTON","QB","fs","ARI"," Drew Stanton ","ARI",37,231,55,928,5,2,10,26,0,0,0,0,0,0,0
"NATEWASHINGTON","WR","fs","HOU"," Nate Washington ","HOU",88,231,55,0,0,0,2,9,0,36,492,1,0,0,0
"DEVINHESTER","WR","fs","ATL"," Devin Hester ","ATL",88,231,55,0,0,0,5,26,1,29,376,2,0,0,1
"JUWANTHOMPSON","RB","fs","DEN"," Juwan Thompson ","DEN",71,231,55,0,0,0,74,415,0,14,148,0,0,0,0
"DEVONTAFREEMAN","RB","fs","ATL"," Devonta Freeman ","ATL",71,231,55,0,0,0,51,237,2,17,143,1,0,0,0
"ANTHONYDIXON","RB","fs","BUF"," Anthony Dixon ","BUF",73,237,54,0,0,0,92,378,2,9,59,0,0,0,0
"COREYBROWN","WR","fs","CAR"," Corey Brown ","CAR",91,237,54,0,0,0,9,55,0,35,459,1,0,0,1
"SCOTTCHANDLER","TE","fs","NEP"," Scott Chandler ","NEP",38,237,54,0,0,0,1,0,0,35,368,3,0,0,0
"MARCEDESLEWIS","TE","fs","JAC"," Marcedes Lewis ","JAC",39,240,53,0,0,0,0,0,0,23,293,4,0,0,0
"EJMANUEL","QB","fs","BUF"," E.J. Manuel ","BUF",38,241,52,576,6,2,13,32,1,0,0,0,0,0,0
"TAVONAUSTIN","WR","fs","STL"," Tavon Austin ","STL",92,241,52,0,0,0,28,168,1,27,243,1,0,0,0
"ZACHZENNER","RB","fs","DET"," Zach Zenner ","DET",74,241,52,0,0,0,75,450,0,14,95,0,0,0,1
"JERRICHOCOTCHERY","WR","fs","CAR"," Jerricho Cotchery ","CAR",93,244,51,0,0,0,2,6,0,41,457,1,0,0,0
"DONALDBROWN","RB","fs","SDC"," Donald Brown ","SDC",75,245,50,0,0,0,92,249,1,29,201,0,0,0,0
"DUKEJOHNSON","RB","fs","CLE"," Duke Johnson ","CLE",75,245,50,0,0,0,81,311,2,16,117,0,0,0,2
"REGGIEWAYNE","WR","fs","NEP"," Reggie Wayne ","NEP",94,245,50,0,0,0,0,0,0,38,460,1,0,0,1
"TYLERLOCKETT","WR","fs","SEA"," Tyler Lockett ","SEA",95,248,49,0,0,0,2,3,0,34,373,2,0,0,0
"JOSHHUFF","WR","fs","PHI"," Josh Huff ","PHI",95,248,49,0,0,0,0,0,0,38,475,1,0,0,2
"LUKEWILLSON","TE","fs","SEA"," Luke Willson ","SEA",40,248,49,0,0,0,0,0,0,24,311,3,0,0,0
"ANDREWQUARLESS","TE","fs","GBP"," Andrew Quarless ","GBP",41,251,48,0,0,0,0,0,0,27,305,3,0,0,0
"MATTASIATA","RB","fs","MIN"," Matt Asiata ","MIN",77,252,47,0,0,0,61,225,3,16,94,0,0,0,1
"DAVIDCOBB","RB","fs","TEN"," David Cobb ","TEN",77,252,47,0,0,0,78,287,1,15,99,1,0,0,1
"BRANDONCOLEMAN","WR","fs","NOS"," Brandon Coleman ","NOS",97,252,47,0,0,0,2,6,0,40,454,1,0,0,2
"ZACHMETTENBERGER","QB","fs","TEN"," Zach Mettenberger ","TEN",39,255,46,998,7,8,13,38,0,0,0,0,0,0,4
"KNOWSHONMORENO","RB","fs","FA*"," Knowshon Moreno ","FA*",79,255,46,0,0,0,75,320,1,12,85,0,0,0,0
"TYMONTGOMERY","WR","fs","GBP"," Ty Montgomery ","GBP",98,255,46,0,0,0,0,0,0,30,345,2,0,0,0
"FOZZYWHITTAKER","RB","fs","CAR"," Fozzy Whittaker ","CAR",80,258,45,0,0,0,37,163,1,10,116,2,0,0,0
"MARQISELEE","WR","fs","JAC"," Marqise Lee ","JAC",99,258,45,0,0,0,3,8,0,38,418,1,0,0,1
"STEPFANTAYLOR","RB","fs","ARI"," Stepfan Taylor ","ARI",80,258,45,0,0,0,63,209,0,11,76,3,0,0,0
"TIMWRIGHT","TE","fs","DET"," Tim Wright ","DET",42,261,44,0,0,0,1,0,0,20,204,4,0,0,0
"TOBYGERHART","RB","fs","JAC"," Toby Gerhart ","JAC",82,261,44,0,0,0,78,241,1,17,169,0,0,0,1
"DEXTERMCCLUSTER","RB","fs","TEN"," Dexter McCluster ","TEN",83,263,43,0,0,0,43,135,0,32,244,1,0,0,0
"JORDANTODMAN","RB","fs","CAR"," Jordan Todman ","CAR",83,263,43,0,0,0,27,162,1,20,155,1,0,0,0
"HAKEEMNICKS","WR","fs","TEN"," Hakeem Nicks ","TEN",100,265,42,0,0,0,0,0,0,22,248,3,0,0,0
"RILEYCOOPER","WR","fs","PHI"," Riley Cooper ","PHI",100,265,42,0,0,0,0,0,0,36,383,1,0,0,1
"JAMESWHITE","RB","fs","NEP"," James White ","NEP",85,265,42,0,0,0,67,283,0,14,84,1,0,0,0
"MATTHASSELBECK","QB","fs","IND"," Matt Hasselbeck ","IND",40,268,41,740,5,1,18,0,0,0,0,0,0,0,3
"DARRELYOUNG","RB","fs","WAS"," Darrel Young ","WAS",86,269,40,0,0,0,10,23,2,9,89,3,0,0,0
"ZACSTACY","RB","fs","NYJ"," Zac Stacy ","NYJ",86,269,40,0,0,0,74,269,1,14,108,0,0,0,1
"QUINTONPATTON","WR","fs","SFO"," Quinton Patton ","SFO",102,269,40,0,0,0,4,21,0,26,301,2,0,0,2
"JACQUIZZRODGERS","RB","fs","CHI"," Jacquizz Rodgers ","CHI",88,272,39,0,0,0,51,194,1,20,142,0,0,0,0
"MILESAUSTIN","WR","fs","PHI"," Miles Austin ","PHI",103,273,38,0,0,0,0,0,0,28,343,1,0,0,1
"BRYCEBROWN","RB","fs","BUF"," Bryce Brown ","BUF",89,273,38,0,0,0,54,173,1,19,193,0,0,0,2
"BERNARDPIERCE","RB","fs","JAC"," Bernard Pierce ","JAC",89,273,38,0,0,0,64,255,2,2,12,0,0,0,0
"VICTORCRUZ","WR","fs","NYG"," Victor Cruz ","NYG",104,276,37,0,0,0,0,0,0,33,398,0,0,0,1
"ROBERTTURBIN","RB","fs","SEA"," Robert Turbin ","SEA",91,276,37,0,0,0,68,263,0,9,78,1,0,0,1
"LOUISMURPHY","WR","fs","TBB"," Louis Murphy ","TBB",104,276,37,0,0,0,1,3,0,22,253,2,0,0,0
"LEONARDHANKERSON","WR","fs","ATL"," Leonard Hankerson ","ATL",106,279,36,0,0,0,1,1,0,28,305,1,0,0,0
"MONTEEBALL","RB","fs","DEN"," Montee Ball ","DEN",92,280,35,0,0,0,78,300,0,13,74,0,0,0,1
"DEVINSTREET","WR","fs","DAL"," Devin Street ","DAL",107,280,35,0,0,0,0,0,0,6,350,0,0,0,0
"LEVINETOILOLO","TE","fs","ATL"," Levine Toilolo ","ATL",43,280,35,0,0,0,0,0,0,31,255,2,0,0,1
"AUSTINDAVIS","QB","fs","STL"," Austin Davis ","STL",41,283,34,760,4,5,6,5,0,0,0,0,0,0,1
"ANTHONYFASANO","TE","fs","TEN"," Anthony Fasano ","TEN",44,283,34,0,0,0,0,0,0,17,165,3,0,0,0
"JACOBTAMME","TE","fs","ATL"," Jacob Tamme ","ATL",45,285,33,0,0,0,0,0,0,23,171,3,0,0,1
"DANIELFELLS","TE","fs","NYG"," Daniel Fells ","NYG",45,285,33,0,0,0,0,1,0,16,176,3,0,0,1
"DIONSIMS","TE","fs","MIA"," Dion Sims ","MIA",45,285,33,0,0,0,0,0,0,20,214,2,0,0,0
"MIKETOLBERT","RB","fs","CAR"," Mike Tolbert ","CAR",93,288,32,0,0,0,64,172,0,22,158,0,0,0,0
"DAMARISJOHNSON","WR","fs","HOU"," Damaris Johnson ","HOU",108,288,32,0,0,0,4,24,0,31,303,0,0,0,0
"RISHARDMATTHEWS","WR","fs","MIA"," Rishard Matthews ","MIA",108,288,32,0,0,0,2,6,0,18,209,2,0,0,0
"QUINCYENUNWA","WR","fs","NYJ"," Quincy Enunwa ","NYJ",110,291,31,0,0,0,10,45,0,25,270,0,0,0,0
"CHRISTHOMPSON","RB","fs","WAS"," Chris Thompson ","WAS",94,291,31,0,0,0,13,68,2,15,77,1,0,0,0
"RICARDOLOCKETTE","WR","fs","SEA"," Ricardo Lockette ","SEA",110,291,31,0,0,0,2,6,0,16,253,1,0,0,0
"CHASEFORD","TE","fs","MIN"," Chase Ford ","MIN",48,291,31,0,0,0,0,0,0,26,312,0,0,0,0
"MARCELREECE","RB","fs","OAK"," Marcel Reece ","OAK",95,295,30,0,0,0,20,88,0,32,241,0,0,0,1
"SHAUNHILL","QB","fs","MIN"," Shaun Hill ","MIN",42,295,30,508,4,2,7,6,0,0,0,0,0,0,1
"JEREMYKERLEY","WR","fs","NYJ"," Jeremy Kerley ","NYJ",112,297,29,0,0,0,4,24,0,26,278,0,0,0,0
"PHILLIPDORSETT","WR","fs","IND"," Phillip Dorsett ","IND",112,297,29,0,0,0,2,0,0,37,316,0,0,0,1
"JARONBROWN","WR","fs","ARI"," Jaron Brown ","ARI",112,297,29,0,0,0,1,3,0,16,170,2,0,0,0
"RYANGRIFFIN","TE","fs","HOU"," Ryan Griffin ","HOU",49,300,28,0,0,0,0,0,0,15,162,2,0,0,0
"MARQUESSWILSON","WR","fs","CHI"," Marquess Wilson ","CHI",115,300,28,0,0,0,1,3,0,21,160,2,0,0,0
"ORSONCHARLES","TE","fs","NOS"," Orson Charles ","NOS",49,300,28,0,0,0,0,0,0,17,162,2,0,0,0
"EDDICKSON","TE","fs","CAR"," Ed Dickson ","CAR",49,300,28,0,0,0,0,0,0,16,220,1,0,0,0
"JUSTINHARDY","WR","fs","ATL"," Justin Hardy ","ATL",115,300,28,0,0,0,3,11,0,15,119,3,0,0,1
"MARLONBROWN","WR","fs","BAL"," Marlon Brown ","BAL",115,300,28,0,0,0,1,4,0,29,289,0,0,0,0
"MICHAELVICK","QB","fs","PIT"," Michael Vick ","PIT",43,300,28,434,2,2,22,133,0,0,0,0,0,0,3
"CHRISHOGAN","WR","fs","BUF"," Chris Hogan ","BUF",118,307,27,0,0,0,0,0,0,18,153,2,0,0,0
"GRIFFWHALEN","WR","fs","IND"," Griff Whalen ","IND",118,307,27,0,0,0,0,0,0,16,171,2,0,0,1
"ZURLONTIPTON","RB","fs","IND"," Zurlon Tipton ","IND",96,307,27,0,0,0,38,123,1,8,95,0,0,0,0
"MICHAELCAMPANARO","WR","fs","BAL"," Michael Campanaro ","BAL",118,307,27,0,0,0,2,0,0,15,172,2,0,0,1
"JIMDRAY","TE","fs","CLE"," Jim Dray ","CLE",52,307,27,0,0,0,1,4,0,19,239,1,0,0,1
"TRAVISBENJAMIN","WR","fs","CLE"," Travis Benjamin ","CLE",118,307,27,0,0,0,2,8,0,12,219,1,0,0,0
"MARQUISEGOODWIN","WR","fs","BUF"," Marquise Goodwin ","BUF",118,307,27,0,0,0,3,4,0,8,151,2,0,0,0
"SAMMIECOATES","WR","fs","PIT"," Sammie Coates ","PIT",123,314,26,0,0,0,0,0,0,20,285,0,0,0,1
"MICHAELDYER","RB","fs","OAK"," Michael Dyer ","OAK",97,314,26,0,0,0,48,153,0,19,131,0,0,0,1
"JAMESOSHAUGHNESSY","TE","fs","KCC"," James O'Shaughnessy ","KCC",53,314,26,0,0,0,0,0,0,20,208,1,0,0,0
"KENDALLHUNTER","RB","fs","SFO"," Kendall Hunter ","SFO",97,314,26,0,0,0,50,179,1,5,52,0,0,0,1
"STEVANRIDLEY","RB","fs","NYJ"," Stevan Ridley ","NYJ",97,314,26,0,0,0,49,177,1,5,38,0,0,0,0
"JOSEPHFAURIA","TE","fs","DET"," Joseph Fauria ","DET",53,314,26,0,0,0,0,0,0,11,141,2,0,0,0
"BRANDONMYERS","TE","fs","TBB"," Brandon Myers ","TBB",53,314,26,0,0,0,0,0,0,21,202,1,0,0,0
"PAULRICHARDSON","WR","fs","SEA"," Paul Richardson ","SEA",124,321,25,0,0,0,0,0,0,26,251,0,0,0,0
"COREYFULLER","WR","fs","DET"," Corey Fuller ","DET",124,321,25,0,0,0,1,3,0,22,298,0,0,0,2
"MIKEGLENNON","QB","fs","TBB"," Mike Glennon ","TBB",44,321,25,350,3,1,4,13,0,0,0,0,0,0,0
"MAXXWILLIAMS","TE","fs","BAL"," Maxx Williams ","BAL",56,321,25,0,0,0,0,0,0,18,192,1,0,0,0
"BRANDONGIBSON","WR","fs","NEP"," Brandon Gibson ","NEP",124,321,25,0,0,0,0,0,0,17,194,1,0,0,0
"JASONAVANT","WR","fs","KCC"," Jason Avant ","KCC",127,326,24,0,0,0,1,1,0,24,245,0,0,0,0
"EDWINBAKER","RB","fs","NOS"," Edwin Baker ","NOS",100,326,24,0,0,0,40,127,1,12,67,0,0,0,0
"ANTONIOANDREWS","RB","fs","TEN"," Antonio Andrews ","TEN",100,326,24,0,0,0,34,200,0,8,48,0,0,0,0
"STORMJOHNSON","RB","fs","JAC"," Storm Johnson ","JAC",100,326,24,0,0,0,38,123,2,2,8,0,0,0,0
"BRICEBUTLER","WR","fs","OAK"," Brice Butler ","OAK",127,326,24,0,0,0,0,0,0,14,127,2,0,0,0
"BRANDONWEEDEN","QB","fs","DAL"," Brandon Weeden ","DAL",45,326,24,204,4,0,8,0,0,0,0,0,0,0,0
"DARRENFELLS","TE","fs","ARI"," Darren Fells ","ARI",57,326,24,0,0,0,1,1,0,15,202,1,0,0,1
"KERWYNNWILLIAMS","RB","fs","ARI"," Kerwynn Williams ","ARI",100,326,24,0,0,0,59,242,0,4,3,0,0,0,0
"DENNISPITTA","TE","fs","BAL"," Dennis Pitta ","BAL",57,326,24,0,0,0,0,0,0,23,187,1,0,0,0
"AUSTINPETTIS","WR","fs","SDC"," Austin Pettis ","SDC",129,335,23,0,0,0,0,0,0,18,175,1,0,0,0
"CHRISGIVENS","WR","fs","STL"," Chris Givens ","STL",130,336,21,0,0,0,2,0,0,12,158,1,0,0,0
"COOPERHELFET","TE","fs","SEA"," Cooper Helfet ","SEA",59,336,21,0,0,0,0,0,0,9,91,2,0,0,0
"MARIONGRICE","RB","fs","ARI"," Marion Grice ","ARI",104,336,21,0,0,0,11,28,3,6,12,0,0,0,0
"TEVINCOLEMAN","RB","fs","ATL"," Tevin Coleman ","ATL",104,336,21,0,0,0,25,97,0,11,69,1,0,0,0
"CLAYHARBOR","TE","fs","JAC"," Clay Harbor ","JAC",59,336,21,0,0,0,0,0,0,22,218,0,0,0,0
"BLAINEGABBERT","QB","fs","SFO"," Blaine Gabbert ","SFO",46,336,21,169,4,1,11,10,0,0,0,0,0,0,0
"BRANDONBOLDEN","RB","fs","NEP"," Brandon Bolden ","NEP",106,342,20,0,0,0,31,106,1,4,40,0,0,0,0
"LANCEMOORE","WR","fs","DET"," Lance Moore ","DET",131,342,20,0,0,0,0,0,0,11,147,1,0,0,0
"BRUCEELLINGTON","WR","fs","SFO"," Bruce Ellington ","SFO",131,342,20,0,0,0,1,2,0,12,142,1,0,0,0
"MATTMCGLOIN","QB","fs","OAK"," Matt McGloin ","OAK",47,342,20,522,3,5,4,6,0,0,0,0,0,0,1
"JONATHANGRIMES","RB","fs","HOU"," Jonathan Grimes ","HOU",106,342,20,0,0,0,33,135,0,6,72,0,0,0,0
"REXBURKHEAD","RB","fs","CIN"," Rex Burkhead ","CIN",106,342,20,0,0,0,13,59,1,11,95,0,0,0,0
"CHRISTINEMICHAEL","RB","fs","SEA"," Christine Michael ","SEA",109,348,19,0,0,0,45,184,0,3,14,0,0,0,0
"RHETTELLISON","TE","fs","MIN"," Rhett Ellison ","MIN",61,348,19,0,0,0,0,0,0,21,196,0,0,0,0
"JOSEPHMORGAN","WR","fs","NOS"," Joseph Morgan ","NOS",133,348,19,0,0,0,1,2,0,10,132,1,0,0,0
"JEREMYROSS","WR","fs","DET"," Jeremy Ross ","DET",133,348,19,0,0,0,2,0,0,20,235,0,0,0,2
"JIMMYGAROPPOLO","QB","fs","NEP"," Jimmy Garoppolo ","NEP",48,352,18,301,1,0,18,22,0,0,0,0,0,0,0
"MICHAELHOOMANAWANUI","TE","fs","NEP"," Michael Hoomanawanui ","NEP",62,352,18,0,0,0,0,0,0,11,124,1,0,0,0
"TYLERKROFT","TE","fs","CIN"," Tyler Kroft ","CIN",63,354,17,0,0,0,0,0,0,18,133,1,0,0,1
"TRAVARISCADET","RB","fs","NEP"," Travaris Cadet ","NEP",110,354,17,0,0,0,5,15,0,20,148,1,0,0,2
"GREGSALAS","WR","fs","DET"," Greg Salas ","DET",135,354,17,0,0,0,1,4,1,6,114,0,0,0,0
"MATTSPAETH","TE","fs","PIT"," Matt Spaeth ","PIT",63,354,17,0,0,0,0,0,0,4,52,2,0,0,0
"JEREMYLANGFORD","RB","fs","CHI"," Jeremy Langford ","CHI",111,358,16,0,0,0,28,165,0,1,6,0,0,0,0
"CHARLIEWHITEHURST","QB","fs","TEN"," Charlie Whitehurst ","TEN",49,358,16,225,2,1,5,15,0,0,0,0,0,0,0
"SCOTTTOLZIEN","QB","fs","GBP"," Scott Tolzien ","GBP",49,358,16,281,0,2,13,32,1,0,0,0,0,0,0
"JOHNNYMANZIEL","QB","fs","CLE"," Johnny Manziel ","CLE",49,358,16,211,1,1,5,26,1,0,0,0,0,0,1
"KELLENCLEMENS","QB","fs","SDC"," Kellen Clemens ","SDC",49,358,16,344,2,2,5,10,0,0,0,0,0,0,1
"ADRIENROBINSON","TE","fs","NYG"," Adrien Robinson ","NYG",65,358,16,0,0,0,0,0,0,5,42,2,0,0,0
"ERICWEEMS","WR","fs","ATL"," Eric Weems ","ATL",136,358,16,0,0,0,0,0,0,6,48,2,0,0,0
"KYLEJUSZCZYK","RB","fs","BAL"," Kyle Juszczyk ","BAL",111,358,16,0,0,0,0,0,0,23,189,0,0,0,1
"KADEEMCAREY","RB","fs","CHI"," Ka'Deem Carey ","CHI",111,358,16,0,0,0,34,148,0,3,28,0,0,0,0
"BROCKOSWEILER","QB","fs","DEN"," Brock Osweiler ","DEN",53,367,15,189,2,0,15,0,0,0,0,0,0,0,0
"BRANDONTATE","WR","fs","CIN"," Brandon Tate ","CIN",137,367,15,0,0,0,2,12,0,12,144,0,0,0,0
"RYANMALLETT","QB","fs","HOU"," Ryan Mallett ","HOU",53,367,15,333,2,3,8,0,0,0,0,0,0,0,0
"BRANDONPETTIGREW","TE","fs","DET"," Brandon Pettigrew ","DET",66,367,15,0,0,0,0,0,0,17,159,0,0,0,0
"STEFONDIGGS","WR","fs","MIN"," Stefon Diggs ","MIN",137,367,15,0,0,0,0,0,0,3,150,0,0,0,0
"DEREKCARRIER","TE","fs","WAS"," Derek Carrier ","WAS",66,367,15,0,0,0,1,1,0,17,179,0,0,0,1
"TEDGINN","WR","fs","CAR"," Jr. Ted Ginn ","CAR",139,373,14,0,0,0,3,13,0,13,135,0,0,0,0
"JOSHHARRIS","RB","fs","PIT"," Josh Harris ","PIT",114,373,14,0,0,0,42,125,0,4,22,0,0,0,0
"DAVIDJOHNSON","RB","fs","ARI"," David Johnson ","ARI",114,373,14,0,0,0,32,93,0,8,53,0,0,0,0
"RAJIONNEAL","RB","fs","GBP"," Rajion Neal ","GBP",116,376,13,0,0,0,23,81,1,4,16,0,0,0,1
"BRENTONBERSIN","WR","fs","CAR"," Brenton Bersin ","CAR",140,376,13,0,0,0,0,0,0,12,154,0,0,0,1
"TONYMOEAKI","TE","fs","ATL"," Tony Moeaki ","ATL",68,378,12,0,0,0,0,0,0,7,61,1,0,0,0
"CHRISOWUSU","WR","fs","NYJ"," Chris Owusu ","NYJ",141,378,12,0,0,0,0,2,0,8,65,1,0,0,0
"DEREKANDERSON","QB","fs","CAR"," Derek Anderson ","CAR",55,380,11,86,2,0,4,0,0,0,0,0,0,0,0
"CHARCANDRICKWEST","RB","fs","KCC"," Charcandrick West ","KCC",117,380,11,0,0,0,26,78,0,8,61,0,0,0,1
"LAMICHAELJAMES","RB","fs","MIA"," LaMichael James ","MIA",117,380,11,0,0,0,23,79,0,8,45,0,0,0,0
"CHRISMATTHEWS","WR","fs","SEA"," Chris Matthews ","SEA",142,380,11,0,0,0,1,0,0,11,133,0,0,0,1
"JACKDOYLE","TE","fs","IND"," Jack Doyle ","IND",69,384,10,0,0,0,0,0,0,18,100,0,0,0,0
"JOHNPHILLIPS","TE","fs","SDC"," John Phillips ","SDC",69,384,10,0,0,0,0,0,0,5,48,1,0,0,0
"VINCENTBROWN","WR","fs","IND"," Vincent Brown ","IND",143,384,10,0,0,0,0,0,0,11,101,0,0,0,0
"DRIARCHER","RB","fs","PIT"," Dri Archer ","PIT",119,384,10,0,0,0,17,59,0,12,51,0,0,0,0
"JOHNKUHN","RB","fs","GBP"," John Kuhn ","GBP",119,384,10,0,0,0,21,81,0,5,27,0,0,0,0
"JAMESHANNA","TE","fs","DAL"," James Hanna ","DAL",69,384,10,0,0,0,0,0,0,10,100,0,0,0,0
"GAVINESCOBAR","TE","fs","DAL"," Gavin Escobar ","DAL",69,384,10,0,0,0,0,0,0,5,44,1,0,0,0
"CJFIEDOROWICZ","TE","fs","HOU"," C.J. Fiedorowicz ","HOU",69,384,10,0,0,0,0,0,0,5,40,1,0,0,0
"MATTHEWMULLIGAN","TE","fs","BUF"," Matthew Mulligan ","BUF",69,384,10,0,0,0,0,0,0,11,100,0,0,0,0
"JOSHROBINSON","RB","fs","IND"," Josh Robinson ","IND",119,384,10,0,0,0,30,90,0,6,32,0,0,0,1
"TERRONWARD","RB","fs","ATL"," Terron Ward ","ATL",119,384,10,0,0,0,23,78,0,9,38,0,0,0,0
"COLTMCCOY","QB","fs","WAS"," Colt McCoy ","WAS",56,395,9,133,0,1,3,7,1,0,0,0,0,0,0
"MYCOLEPRUITT","TE","fs","MIN"," MyCole Pruitt ","MIN",75,395,9,0,0,0,0,0,0,11,99,0,0,0,0
"LOGANTHOMAS","QB","fs","ARI"," Logan Thomas ","ARI",56,395,9,225,0,0,0,0,0,0,0,0,0,0,0
"MIKEJAMES","RB","fs","TBB"," Mike James ","TBB",123,395,9,0,0,0,26,98,0,0,0,0,0,0,0
"DONTRELLEINMAN","WR","fs","SDC"," Dontrelle Inman ","SDC",144,399,8,0,0,0,0,0,0,6,81,0,0,0,0
"JAMESCASEY","TE","fs","DEN"," James Casey ","DEN",76,399,8,0,0,0,0,0,0,2,22,1,0,0,0
"CHRISGRAGG","TE","fs","BUF"," Chris Gragg ","BUF",76,399,8,0,0,0,0,0,0,8,88,0,0,0,0
"JACOBYJONES","WR","fs","SDC"," Jacoby Jones ","SDC",144,399,8,0,0,0,3,17,0,7,97,0,0,0,1
"ANDRECALDWELL","WR","fs","DEN"," Andre Caldwell ","DEN",144,399,8,0,0,0,1,3,0,8,82,0,0,0,0
"JEROMESIMPSON","WR","fs","SFO"," Jerome Simpson ","SFO",144,399,8,0,0,0,0,0,0,5,86,0,0,0,0
"KELLENDAVIS","TE","fs","NYJ"," Kellen Davis ","NYJ",76,399,8,0,0,0,0,0,0,8,89,0,0,0,0
"NICJACOBS","TE","fs","JAC"," Nic Jacobs ","JAC",79,406,7,0,0,0,0,0,0,3,17,1,0,0,0
"DERRICKCOLEMAN","RB","fs","SEA"," Derrick Coleman ","SEA",124,406,7,0,0,0,0,0,0,2,13,1,0,0,0
"AJJENKINS","WR","fs","DAL"," A.J. Jenkins ","DAL",148,406,7,0,0,0,1,0,0,6,78,0,0,0,0
"ROBERTHOUSLER","TE","fs","CLE"," Robert Housler ","CLE",79,406,7,0,0,0,1,1,0,6,73,0,0,0,0
"JOSHMORGAN","WR","fs","NOS"," Josh Morgan ","NOS",148,406,7,0,0,0,3,17,0,6,60,0,0,0,0
"GARRETTCELEK","TE","fs","SFO"," Garrett Celek ","SFO",79,406,7,0,0,0,0,0,0,4,79,0,0,0,0
"TAIWANJONES","RB","fs","OAK"," Taiwan Jones ","OAK",124,406,7,0,0,0,11,14,0,6,86,0,0,0,1
"GREGLITTLE","WR","fs","CIN"," Greg Little ","CIN",148,406,7,0,0,0,1,5,0,8,77,0,0,0,0
"AARONDOBSON","WR","fs","NEP"," Aaron Dobson ","NEP",148,406,7,0,0,0,0,0,0,5,74,0,0,0,0
"MARQUEISGRAY","TE","fs","BUF"," MarQueis Gray ","BUF",79,406,7,0,0,0,1,2,0,8,79,0,0,0,0
"ADAMTHIELEN","WR","fs","MIN"," Adam Thielen ","MIN",148,406,7,0,0,0,0,0,0,5,77,0,0,0,0
"DANTEROSARIO","TE","fs","CHI"," Dante Rosario ","CHI",83,417,6,0,0,0,0,0,0,12,85,0,0,0,1
"FITZGERALDTOUSSAINT","RB","fs","BAL"," Fitzgerald Toussaint ","BAL",126,417,6,0,0,0,14,27,0,8,43,0,0,0,0
"DARRINREAVES","RB","fs","KCC"," Darrin Reaves ","KCC",126,417,6,0,0,0,10,22,0,5,44,0,0,0,0
"CEDRICPEERMAN","RB","fs","CIN"," Cedric Peerman ","CIN",128,420,5,0,0,0,11,17,0,5,49,0,0,0,0
"VANCEMCDONALD","TE","fs","SFO"," Vance McDonald ","SFO",84,420,5,0,0,0,0,0,0,4,53,0,0,0,0
"PATRICKDIMARCO","RB","fs","ATL"," Patrick DiMarco ","ATL",128,420,5,0,0,0,0,0,0,7,59,0,0,0,0
"TROYNIKLAS","TE","fs","ARI"," Troy Niklas ","ARI",84,420,5,0,0,0,1,1,0,5,55,0,0,0,0
"RASHADGREENE","WR","fs","JAC"," Rashad Greene ","JAC",153,420,5,0,0,0,0,0,0,9,71,0,0,0,1
"BRITTANGOLDEN","WR","fs","ARI"," Brittan Golden ","ARI",153,420,5,0,0,0,0,0,0,3,54,0,0,0,0
"MIKEDAVIS","RB","fs","SFO"," Mike Davis ","SFO",130,426,4,0,0,0,17,48,0,1,3,0,0,0,0
"JIMMYCLAUSEN","QB","fs","CHI"," Jimmy Clausen ","CHI",58,426,4,113,0,0,1,0,0,0,0,0,0,0,0
"KESHAWNMARTIN","WR","fs","HOU"," Keshawn Martin ","HOU",155,426,4,0,0,0,0,0,0,5,45,0,0,0,0
"JAELENSTRONG","WR","fs","HOU"," Jaelen Strong ","HOU",155,426,4,0,0,0,0,0,0,6,44,0,0,0,0
"LEESMITH","TE","fs","OAK"," Lee Smith ","OAK",86,426,4,0,0,0,0,0,0,5,49,0,0,0,0
"JUSTICECUNNINGHAM","TE","fs","STL"," Justice Cunningham ","STL",86,426,4,0,0,0,0,0,0,7,46,0,0,0,0
"RUSSELLSHEPARD","WR","fs","TBB"," Russell Shepard ","TBB",155,426,4,0,0,0,1,0,0,3,46,0,0,0,0
"CLIVEWALFORD","TE","fs","OAK"," Clive Walford ","OAK",86,426,4,0,0,0,0,0,0,5,43,0,0,0,0
"MIKEGILLISLEE","RB","fs","MIA"," Mike Gillislee ","MIA",131,434,3,0,0,0,6,35,0,0,0,0,0,0,0
"COREYWASHINGTON","WR","fs","NYG"," Corey Washington ","NYG",158,434,3,0,0,0,0,0,0,3,39,0,0,0,0
"MYLESWHITE","WR","fs","GBP"," Myles White ","GBP",158,434,3,0,0,0,0,0,0,5,34,0,0,0,0
"GEORGEWINN","RB","fs","DET"," George Winn ","DET",131,434,3,0,0,0,10,32,0,0,0,0,0,0,0
"KENNYBELL","WR","fs","TBB"," Kenny Bell ","TBB",158,434,3,0,0,0,0,0,0,3,33,0,0,0,0
"JEFFMAEHL","WR","fs","PHI"," Jeff Maehl ","PHI",158,434,3,0,0,0,0,0,0,3,35,0,0,0,0
"LUKESTOCKER","TE","fs","TBB"," Luke Stocker ","TBB",89,434,3,0,0,0,0,0,0,6,33,0,0,0,0
"BRIANLEONHARDT","TE","fs","OAK"," Brian Leonhardt ","OAK",89,434,3,0,0,0,0,0,0,6,39,0,0,0,0
"RYANGRANT","WR","fs","WAS"," Ryan Grant ","WAS",158,434,3,0,0,0,1,1,0,5,34,0,0,0,0
"MALCOLMBROWN","RB","fs","STL"," Malcolm Brown ","STL",133,443,2,0,0,0,0,25,0,0,0,0,0,0,0
"CHRISCONLEY","WR","fs","KCC"," Chris Conley ","KCC",163,443,2,0,0,0,1,0,0,5,40,0,0,0,1
"DWAYNEHARRIS","WR","fs","NYG"," Dwayne Harris ","NYG",163,443,2,0,0,0,3,0,0,5,41,0,0,0,1
"DEMETRIUSHARRIS","TE","fs","KCC"," Demetrius Harris ","KCC",91,443,2,0,0,0,0,0,0,2,21,0,0,0,0
"CHASECOFFMAN","TE","fs","TEN"," Chase Coffman ","TEN",91,443,2,0,0,0,0,0,0,2,21,0,0,0,0
"JJNELSON","WR","fs","ARI"," J.J. Nelson ","ARI",163,443,2,0,0,0,1,0,0,3,25,0,0,0,0
"DOMINIQUEJONES","TE","fs","DEN"," Dominique Jones ","DEN",93,449,1,0,0,0,0,0,0,1,10,0,0,0,0
"TREYWATTS","RB","fs","STL"," Trey Watts ","STL",134,449,1,0,0,0,3,11,0,0,2,0,0,0,0
"BRANDONWILLIAMS","TE","fs","CAR"," Brandon Williams ","CAR",93,449,1,0,0,0,0,0,0,2,17,0,0,0,0
"DARRIUSHEYWARDBEY","WR","fs","PIT"," Darrius Heyward-Bey ","PIT",166,449,1,0,0,0,0,0,0,4,35,0,0,0,1
"ORLEANSDARKWA","RB","fs","NYG"," Orleans Darkwa ","NYG",134,449,1,0,0,0,6,7,0,2,18,0,0,0,0
"JAMISONCROWDER","WR","fs","WAS"," Jamison Crowder ","WAS",166,449,1,0,0,0,0,0,0,2,13,0,0,0,0
"WESSAXTON","TE","fs","NYJ"," Wes Saxton ","NYJ",93,449,1,0,0,0,0,0,0,1,16,0,0,0,0
"REXGROSSMAN","QB","fs","ATL"," Rex Grossman ","ATL",59,456,0,7,0,0,0,0,0,0,0,0,0,0,0
"JUSTINPERILLO","TE","fs","GBP"," Justin Perillo ","GBP",96,456,0,0,0,0,0,0,0,1,1,0,0,0,0
"EVANSPENCER","WR","fs","WAS"," Evan Spencer ","WAS",168,456,0,0,0,0,0,0,0,1,9,0,0,0,0
"BRANDONWEGHER","RB","fs","CAR"," Brandon Wegher ","CAR",136,456,0,0,0,0,0,0,0,0,0,0,0,0,0
"JERONHAMM","TE","fs","WAS"," Je'Ron Hamm ","WAS",96,456,0,0,0,0,0,0,0,2,9,0,0,0,0
"TREYBURTON","TE","fs","PHI"," Trey Burton ","PHI",96,456,0,0,0,0,0,0,0,0,2,0,0,0,0
"MATTCASSEL","QB","fs","BUF"," Matt Cassel ","BUF",59,456,0,13,0,0,0,1,0,0,0,0,0,0,0
"DEANTHONYTHOMAS","WR","fs","KCC"," De'Anthony Thomas ","KCC",168,456,0,0,0,0,0,0,0,0,1,0,0,0,0
"JOSHGORDON","WR","fs","CLE"," Josh Gordon ","CLE",168,456,0,0,0,0,0,0,0,0,0,0,0,0,0
"ROBERTMEACHEM","WR","fs","FA*"," Robert Meachem ","FA*",168,456,0,0,0,0,0,0,0,0,0,0,0,0,0
"RODSMITH","RB","fs","SEA"," Rod Smith ","SEA",136,456,0,0,0,0,0,0,0,0,0,0,0,0,0
"TREVORSIEMIAN","QB","fs","DEN"," Trevor Siemian ","DEN",59,456,0,0,0,0,0,0,0,0,0,0,0,0,0
"GARRETTGRAYSON","QB","fs","NOS"," Garrett Grayson ","NOS",59,456,0,0,0,0,0,0,0,0,0,0,0,0,0
"SEANMANNION","QB","fs","STL"," Sean Mannion ","STL",59,456,0,0,0,0,0,0,0,0,0,0,0,0,0
"JACEAMARO","TE","fs","NYJ"," Jace Amaro ","NYJ",96,456,0,0,0,0,0,0,0,0,0,0,0,0,0
"VINCEMAYLE","WR","fs","CLE"," Vince Mayle ","CLE",168,456,0,0,0,0,0,0,0,0,0,0,0,0,0
"BRETTHUNDLEY","QB","fs","GBP"," Brett Hundley ","GBP",59,456,0,0,0,0,0,0,0,0,0,0,0,0,0
"FREDJACKSON","RB","fs","FA*"," Fred Jackson ","FA*",136,456,0,0,0,0,0,0,0,0,0,0,0,0,0
"BRYCEPETTY","QB","fs","NYJ"," Bryce Petty ","NYJ",59,456,0,0,0,0,0,0,0,0,0,0,0,0,0
"JORDYNELSON","WR","fs","GBP"," Jordy Nelson ","GBP",168,456,0,0,0,0,0,0,0,0,0,0,0,0,0
"KEVINDORSEY","WR","fs","NEP"," Kevin Dorsey ","NEP",168,456,0,0,0,0,0,0,0,0,0,0,0,0,0
"LUCKYWHITEHEAD","WR","fs","DAL"," Lucky Whitehead ","DAL",168,456,0,0,0,0,1,0,0,0,0,0,0,0,0
"MARCUSMURPHY","RB","fs","NOS"," Marcus Murphy ","NOS",136,456,0,0,0,0,12,25,0,2,8,0,0,0,1
"PHILLIPSUPERNAW","TE","fs","TEN"," Phillip Supernaw ","TEN",96,456,0,0,0,0,0,0,0,0,3,0,0,0,0
"BRUCEGRADKOWSKI","QB","fs","PIT"," Bruce Gradkowski ","PIT",59,456,0,14,0,0,7,0,0,0,0,0,0,0,0
"MIKEKAFKA","QB","fs","MIN"," Mike Kafka ","MIN",59,456,0,0,0,0,0,0,0,0,0,0,0,0,0
"MARCELJENSEN","TE","fs","DEN"," Marcel Jensen ","DEN",96,456,0,0,0,0,0,0,0,1,4,0,0,0,0
"JOHNCROCKETT","RB","fs","GBP"," John Crockett ","GBP",136,456,0,0,0,0,0,0,0,0,0,0,0,0,0
"GERALDCHRISTIAN","TE","fs","ARI"," Gerald Christian ","ARI",96,456,0,0,0,0,0,0,0,0,0,0,0,0,0
"CHASEDANIEL","QB","fs","KCC"," Chase Daniel ","KCC",59,456,0,62,0,1,12,0,0,0,0,0,0,0,0
"TREYWILLIAMS","RB","fs","WAS"," Trey Williams ","WAS",136,456,0,0,0,0,5,9,0,1,3,0,0,0,0
"CJUZOMAH","TE","fs","CIN"," C.J. Uzomah ","CIN",96,456,0,0,0,0,0,0,0,0,1,0,0,0,0
"JOSHJOHNSON","QB","fs","SFO"," Josh Johnson ","SFO",59,456,0,0,0,0,0,0,0,0,0,0,0,0,0
"LUKEMCCOWN","QB","fs","NOS"," Luke McCown ","NOS",59,456,0,0,0,0,2,0,0,0,0,0,0,0,0
"ARTHURLYNCH","TE","fs","NYJ"," Arthur Lynch ","NYJ",96,456,0,0,0,0,0,0,0,0,0,0,0,0,0
"DANORLOVSKY","QB","fs","DET"," Dan Orlovsky ","DET",59,456,0,0,0,0,2,0,0,0,0,0,0,0,0
"ZACHSUDFELD","TE","fs","NYJ"," Zach Sudfeld ","NYJ",96,456,0,0,0,0,0,0,0,0,0,0,0,0,0
"DEANDRESMELTER","WR","fs","SFO"," DeAndre Smelter ","SFO",168,456,0,0,0,0,1,5,0,1,4,0,0,0,0
"DARRENWALLER","WR","fs","BAL"," Darren Waller ","BAL",168,456,0,0,0,0,0,0,0,0,0,0,0,0,0
"CHRISHARPER","WR","fs","NEP"," Chris Harper ","NEP",168,456,0,0,0,0,0,0,0,0,0,0,0,0,0
"BLAKEBELL","TE","fs","SFO"," Blake Bell ","SFO",96,456,0,0,0,0,0,0,0,0,0,0,0,0,0
"DEVINSMITH","WR","fs","NYJ"," Devin Smith ","NYJ",168,456,0,0,0,0,0,0,0,0,0,0,0,0,0
"LDAMIANWASHINGTON","WR","fs","PIT"," L'Damian Washington ","PIT",168,456,0,0,0,0,0,0,0,0,0,0,0,0,0
"GUSJOHNSON","RB","fs","DAL"," Gus Johnson ","DAL",136,456,0,0,0,0,0,0,0,0,0,0,0,0,0
"TARVARISJACKSON","QB","fs","SEA"," Tarvaris Jackson ","SEA",59,456,0,7,0,0,1,0,0,0,0,0,0,0,0
"JOSHFREEMAN","QB","fs","MIA"," Josh Freeman ","MIA",59,456,0,0,0,0,0,0,0,0,0,0,0,0,0
"JACOBYFORD","WR","fs","TEN"," Jacoby Ford ","TEN",168,456,0,0,0,0,1,5,0,0,0,0,0,0,0
"JESSEJAMES","TE","fs","PIT"," Jesse James ","PIT",96,456,0,0,0,0,0,0,0,0,0,0,0,0,0
"JEFFHEUERMAN","TE","fs","DEN"," Jeff Heuerman ","DEN",96,456,0,0,0,0,0,0,0,0,0,0,0,0,0
"NICKOLEARY","TE","fs","BUF"," Nick O'Leary ","BUF",96,456,0,0,0,0,0,0,0,0,0,0,0,0,0
"KRISDURHAM","WR","fs","OAK"," Kris Durham ","OAK",168,456,0,0,0,0,1,0,0,3,26,0,0,0,1
"EMORYBLAKE","WR","fs","STL"," Emory Blake ","STL",168,456,0,0,0,0,0,0,0,0,0,0,0,0,0
"JUSTINBLACKMON","WR","fs","JAC"," Justin Blackmon ","JAC",168,456,0,0,0,0,0,0,0,0,0,0,0,0,0
"SEANRENFREE","QB","fs","ATL"," Sean Renfree ","ATL",59,456,0,0,0,0,0,0,0,0,0,0,0,0,0
"JOSHBOYCE","WR","fs","NEP"," Josh Boyce ","NEP",168,456,0,0,0,0,0,0,0,0,0,0,0,0,0
"AARONMURRAY","QB","fs","KCC"," Aaron Murray ","KCC",59,456,0,0,0,0,0,0,0,0,0,0,0,0,0
"ANTHONYDENHAM","TE","fs","HOU"," Anthony Denham ","HOU",96,456,0,0,0,0,0,0,0,0,0,0,0,0,0
"LOGANPAULSEN","TE","fs","WAS"," Logan Paulsen ","WAS",96,456,0,0,0,0,0,0,0,0,0,0,0,0,0
"KENNYHILLIARD","RB","fs","HOU"," Kenny Hilliard ","HOU",136,456,0,0,0,0,1,1,0,0,0,0,0,0,0
"THOMASRAWLS","RB","fs","SEA"," Thomas Rawls ","SEA",136,456,0,0,0,0,3,6,0,1,4,0,0,0,0
"JAMESWRIGHT","WR","fs","CIN"," James Wright ","CIN",168,456,0,0,0,0,0,0,0,0,0,0,0,0,0
"ALLENREISNER","TE","fs","BAL"," Allen Reisner ","BAL",96,456,0,0,0,0,0,0,0,0,0,0,0,0,0
"MARCMARIANI","WR","fs","CHI"," Marc Mariani ","CHI",168,456,0,0,0,0,0,0,0,0,2,0,0,0,0
"JOSHBELLAMY","WR","fs","CHI"," Josh Bellamy ","CHI",168,456,0,0,0,0,0,0,0,0,0,0,0,0,0
"RICHARDGORDON","TE","fs","KCC"," Richard Gordon ","KCC",96,456,0,0,0,0,0,0,0,1,5,0,0,0,0
"JORDANNORWOOD","WR","fs","DEN"," Jordan Norwood ","DEN",168,456,0,0,0,0,0,0,0,0,0,0,0,0,0
"LANDRYJONES","QB","fs","PIT"," Landry Jones ","PIT",59,456,0,0,0,0,0,0,0,0,0,0,0,0,0
"RYANNASSIB","QB","fs","NYG"," Ryan Nassib ","NYG",59,456,0,116,0,2,8,0,0,0,0,0,0,0,0
"JUNIORHEMINGWAY","WR","fs","KCC"," Junior Hemingway ","KCC",168,456,0,0,0,0,0,0,0,0,0,0,0,0,0
"MATTHEWTUCKER","RB","fs","PHI"," Matthew Tucker ","PHI",136,456,0,0,0,0,0,0,0,0,0,0,0,0,0
"MICHAELHILL","RB","fs","DAL"," Michael Hill ","DAL",136,456,0,0,0,0,0,0,0,0,0,0,0,0,0
"MARCUSEASLEY","WR","fs","BUF"," Marcus Easley ","BUF",168,456,0,0,0,0,0,0,0,0,0,0,0,0,0
"DARYLRICHARDSON","RB","fs","NYJ"," Daryl Richardson ","NYJ",136,456,0,0,0,0,1,3,0,1,4,0,0,0,0
"AHMADBRADSHAW","RB","fs","FA*"," Ahmad Bradshaw ","FA*",136,456,0,0,0,0,0,0,0,0,0,0,0,0,0
"NICKTOON","WR","fs","NOS"," Nick Toon ","NOS",168,456,0,0,0,0,0,0,0,0,0,0,0,0,0
"VICKBALLARD","RB","fs","IND"," Vick Ballard ","IND",136,456,0,0,0,0,0,0,0,0,0,0,0,0,0
"KENJONBARNER","RB","fs","PHI"," Kenjon Barner ","PHI",136,456,0,0,0,0,0,0,0,0,0,0,0,0,0
"CRAIGSTEVENS","TE","fs","TEN"," Craig Stevens ","TEN",96,456,0,0,0,0,0,0,0,1,5,0,0,0,0
"DAVIDFALES","QB","fs","CHI"," David Fales ","CHI",59,456,0,0,0,0,0,0,0,0,0,0,0,0,0
"RYANLINDLEY","QB","fs","NEP"," Ryan Lindley ","NEP",59,456,0,0,0,0,0,0,0,0,0,0,0,0,0
"ZACHMILLER","TE","fs","CHI"," Zach Miller ","CHI",96,456,0,0,0,0,0,0,0,0,0,0,0,0,0
"MCLEODBETHELTHOMPSON","QB","fs","SFO"," McLeod Bethel-Thompson ","SFO",59,456,0,0,0,0,0,0,0,0,0,0,0,0,0
"DUSTINVAUGHAN","QB","fs","DAL"," Dustin Vaughan ","DAL",59,456,0,0,0,0,0,0,0,0,0,0,0,0,0
"BRYNRENNER","QB","fs","BAL"," Bryn Renner ","BAL",59,456,0,0,0,0,0,0,0,0,0,0,0,0,0
"JOEWEBB","QB","fs","CAR"," Joe Webb ","CAR",59,456,0,0,0,0,0,0,0,0,0,0,0,0,0
"CONNORSHAW","QB","fs","CLE"," Connor Shaw ","CLE",59,456,0,7,0,0,0,1,0,0,0,0,0,0,0
"STEPHENMORRIS","QB","fs","JAC"," Stephen Morris ","JAC",59,456,0,0,0,0,0,0,0,0,0,0,0,0,0
"AJMCCARRON","QB","fs","CIN"," A.J. McCarron ","CIN",59,456,0,0,0,0,10,8,0,0,0,0,0,0,0
"CHRISHARPER","WR","fs","NYG"," Chris Harper ","NYG",168,456,0,0,0,0,0,0,0,0,0,0,0,0,0
"KENDALLGASKINS","RB","fs","SFO"," Kendall Gaskins ","SFO",136,456,0,0,0,0,3,0,0,0,0,0,0,0,0
"SENORISEPERRY","RB","fs","CHI"," Senorise Perry ","CHI",136,456,0,0,0,0,0,0,0,0,0,0,0,0,0
"TJYATES","QB","fs","ATL"," T.J. Yates ","ATL",59,456,0,59,0,1,0,0,0,0,0,0,0,0,0
"JAVORIUSALLEN","RB","fs","BAL"," Javorius Allen ","BAL",136,456,0,0,0,0,0,0,0,0,0,0,0,0,0
"KELLENMOORE","QB","fs","DET"," Kellen Moore ","DET",59,456,0,0,0,0,0,0,0,0,0,0,0,0,0
"SILASREDD","RB","fs","WAS"," Silas Redd ","WAS",136,456,0,0,0,0,0,0,0,0,0,0,0,0,0
"JAMESWILDER","RB","fs","CIN"," James Wilder ","CIN",136,456,0,0,0,0,0,0,0,0,0,0,0,0,0
"BRIANTYMS","WR","fs","NEP"," Brian Tyms ","NEP",168,456,0,0,0,0,0,0,0,0,0,0,0,0,0
"RYANWILLIAMS","RB","fs","DAL"," Ryan Williams ","DAL",136,456,0,0,0,0,0,0,0,0,0,0,0,0,0
"GLENNWINSTON","RB","fs","CLE"," Glenn Winston ","CLE",136,456,0,0,0,0,0,0,0,0,0,0,0,0,0
"JAYAJAYI","RB","fs","MIA"," Jay Ajayi ","MIA",136,456,0,0,0,0,10,8,0,0,0,0,0,0,0
"SHAUNDRAUGHN","RB","fs","CLE"," Shaun Draughn ","CLE",136,456,0,0,0,0,1,1,0,1,1,0,0,0,0
"DUJUANHARRIS","RB","fs","MIN"," DuJuan Harris ","MIN",136,456,0,0,0,0,4,3,0,1,6,0,0,0,0
"TERRENCEMAGEE","RB","fs","BAL"," Terrence Magee ","BAL",136,456,0,0,0,0,0,0,0,0,0,0,0,0,0
"CHRISTIANPONDER","QB","fs","OAK"," Christian Ponder ","OAK",59,456,0,9,0,0,0,0,0,0,0,0,0,0,0
"ARRELIOUSBENN","WR","fs","JAC"," Arrelious Benn ","JAC",168,456,0,0,0,0,0,0,0,0,0,0,0,0,0
"THADDEUSLEWIS","QB","fs","CLE"," Thaddeus Lewis ","CLE",59,456,0,11,0,0,0,0,0,0,0,0,0,0,0
"AKEEMHUNT","RB","fs","NYG"," Akeem Hunt ","NYG",136,456,0,0,0,0,0,0,0,0,0,0,0,0,0
"MARCUSTHIGPEN","WR","fs","BUF"," Marcus Thigpen ","BUF",168,456,0,0,0,0,0,0,0,1,7,0,0,0,0
"ROBERTHERRON","WR","fs","TBB"," Robert Herron ","TBB",168,456,0,0,0,0,0,0,0,0,0,0,0,0,0
"MARCUSHARRIS","WR","fs","NYG"," Marcus Harris ","NYG",168,456,0,0,0,0,0,0,0,0,0,0,0,0,0
"MARLONMOORE","WR","fs","CLE"," Marlon Moore ","CLE",168,456,0,0,0,0,0,0,0,0,0,0,0,0,0
"JAREDABBREDERIS","WR","fs","GBP"," Jared Abbrederis ","GBP",168,456,0,0,0,0,0,0,0,0,0,0,0,0,0
"JALENSAUNDERS","WR","fs","NEP"," Jalen Saunders ","NEP",168,456,0,0,0,0,0,0,0,1,7,0,0,0,0
"SKYEDAWSON","WR","fs","DET"," Skye Dawson ","DET",168,456,0,0,0,0,2,7,0,0,0,0,0,0,0
"RYANGRIFFIN","QB","fs","NOS"," Ryan Griffin ","NOS",59,456,0,0,0,0,0,0,0,0,0,0,0,0,0
"NILESPAUL","TE","fs","WAS"," Niles Paul ","WAS",96,456,0,0,0,0,0,0,0,0,0,0,0,0,0
"DIONLEWIS","RB","fs","NEP"," Dion Lewis ","NEP",136,456,0,0,0,0,1,2,0,0,1,0,0,0,0
"KELVINBENJAMIN","WR","fs","CAR"," Kelvin Benjamin ","CAR",168,456,0,0,0,0,0,0,0,0,0,0,0,0,0
"SEANTAVIUSJONES","WR","fs","NOS"," Seantavius Jones ","NOS",168,456,0,0,0,0,0,0,0,0,0,0,0,0,0
"ISAIAHBURSE","WR","fs","DEN"," Isaiah Burse ","DEN",168,456,0,0,0,0,0,0,0,0,0,0,0,0,0
"JAKESTONEBURNER","TE","fs","MIA"," Jake Stoneburner ","MIA",96,456,0,0,0,0,0,0,0,0,1,0,0,0,0
"BJDANIELS","QB","fs","SEA"," B.J. Daniels ","SEA",59,456,0,0,0,0,0,0,0,0,0,0,0,0,0
"KEVINNORWOOD","WR","fs","CAR"," Kevin Norwood ","CAR",168,456,0,0,0,0,0,0,0,0,0,0,0,0,0
"MATTHAZEL","WR","fs","MIA"," Matt Hazel ","MIA",168,456,0,0,0,0,0,0,0,0,0,0,0,0,0
"CHASEREYNOLDS","RB","fs","STL"," Chase Reynolds ","STL",136,456,0,0,0,0,2,7,0,1,6,0,0,0,0
"TJJONES","WR","fs","DET"," T.J. Jones ","DET",168,456,0,0,0,0,0,0,0,0,0,0,0,0,0
"JEROMESMITH","RB","fs","ATL"," Jerome Smith ","ATL",165,582,-1,0,0,0,13,16,0,2,9,0,0,0,1
"TOMSAVAGE","QB","fs","HOU"," Tom Savage ","HOU",93,583,-2,74,0,1,3,0,0,0,0,0,0,0,1
"MATTFLYNN","QB","fs","NYJ"," Matt Flynn ","NYJ",93,583,-2,66,0,1,5,0,0,0,0,0,0,0,1
"DORIALGREENBECKHAM","WR","fs","TEN"," Dorial Green-Beckham ","TEN",209,583,-2,0,0,0,0,0,0,2,6,0,0,0,1
"MATTBARKLEY","QB","fs","PHI"," Matt Barkley ","PHI",93,583,-2,69,0,2,2,0,0,0,0,0,0,0,0
"MATTMOORE","QB","fs","MIA"," Matt Moore ","MIA",93,583,-2,122,0,3,6,0,0,0,0,0,0,0,0
"SPENCERWARE","RB","fs","KCC"," Spencer Ware ","KCC",166,583,-2,0,0,0,3,1,0,1,4,0,0,0,1
"MATTSCHAUB","QB","fs","BAL"," Matt Schaub ","BAL",97,589,-3,4,0,2,3,15,0,0,0,0,0,0,0
