"name","pos","sourceName","team","name_eds","team_eds","positionRank_eds","overallRank_eds","points_eds","passAtt_eds","passYds_eds","passTds_eds","passInt_eds","rushAtt_eds","rushYds_eds","rushTds_eds","rec_eds","recYds_eds","recTds_eds","returnTds_eds","twoPts_eds","fumbles_eds"
"ANDREWLUCK","QB","eds","IND","Andrew Luck","IND",1,1,377.24,620,4861,37.8,14.9,62,273,3.2,NA,NA,NA,NA,NA,NA
"AARONRODGERS","QB","eds","GB","Aaron Rodgers","GB",2,2,351.44,534,4486,36,7.5,48,235,2,NA,NA,NA,NA,NA,NA
"RUSSELLWILSON","QB","eds","SEA","Russell Wilson","SEA",3,3,334.04,465,3711,28.6,9.3,97,553,4.2,NA,NA,NA,NA,NA,NA
"DREWBREES","QB","eds","NO","Drew Brees","NO",4,4,322.34,630,4706,32.1,15.1,31,118,1.5,NA,NA,NA,NA,NA,NA
"BENROETHLISBERGER","QB","eds","PIT","Ben Roethlisberger","PIT",5,5,320.86,615,4889,32,12.9,31,90,0.2,NA,NA,NA,NA,NA,NA
"PEYTONMANNING","QB","eds","DEN","Peyton Manning","DEN",6,6,317.48,586,4602,37.5,14.7,28,-31,0.2,NA,NA,NA,NA,NA,NA
"MATTRYAN","QB","eds","ATL","Matt Ryan","ATL",7,7,309.34,630,4851,30.2,15.4,25,93,0.1,NA,NA,NA,NA,NA,NA
"ELIMANNING","QB","eds","NYG","Eli Manning","NYG",8,8,307.8,615,4680,32.6,15.4,15,32,0.4,NA,NA,NA,NA,NA,NA
"CAMNEWTON","QB","eds","CAR","Cam Newton","CAR",9,9,306.94,496,3646,21.8,12.9,96,514,5.9,NA,NA,NA,NA,NA,NA
"MATTHEWSTAFFORD","QB","eds","DET","Matthew Stafford","DET",10,10,306.18,638,4677,28.7,15.3,39,82,1.9,NA,NA,NA,NA,NA,NA
"RYANTANNEHILL","QB","eds","MIA","Ryan Tannehill","MIA",11,11,305.12,592,4168,27.2,13,58,336,1.5,NA,NA,NA,NA,NA,NA
"TONYROMO","QB","eds","DAL","Tony Romo","DAL",12,12,302.46,512,4224,33.8,10.2,24,79,0.1,NA,NA,NA,NA,NA,NA
"PHILIPRIVERS","QB","eds","SD","Philip Rivers","SD",13,13,301.36,565,4469,32.8,17,30,78,0.1,NA,NA,NA,NA,NA,NA
"COLINKAEPERNICK","QB","eds","SF","Colin Kaepernick","SF",14,14,294.62,522,3863,23.2,13.1,91,478,2.1,NA,NA,NA,NA,NA,NA
"TOMBRADY","QB","eds","NE","Tom Brady","NE",15,15,290.96,538,3944,33.4,7.5,34,41,0.5,NA,NA,NA,NA,NA,NA
"TEDDYBRIDGEWATER","QB","eds","MIN","Teddy Bridgewater","MIN",16,16,286.8,535,4150,26.1,13.4,54,232,1.1,NA,NA,NA,NA,NA,NA
"MARCUSMARIOTA","QB","eds","TEN","Marcus Mariota","TEN",17,17,280.64,486,3596,21.4,13.1,88,493,2.5,NA,NA,NA,NA,NA,NA
"ANDYDALTON","QB","eds","CIN","Andy Dalton","CIN",18,18,280.22,535,4013,26.5,18.7,58,168,2.6,NA,NA,NA,NA,NA,NA
"JOEFLACCO","QB","eds","BAL","Joe Flacco","BAL",19,19,279.44,576,4061,27.6,11.5,35,91,1.5,NA,NA,NA,NA,NA,NA
"CARSONPALMER","QB","eds","ARZ","Carson Palmer","ARZ",20,20,278.4,588,4410,27,14.1,25,63,0.3,NA,NA,NA,NA,NA,NA
"ALEXSMITH","QB","eds","KC","Alex Smith","KC",21,21,277.3,528,3830,23.3,7.4,61,323,1,NA,NA,NA,NA,NA,NA
"JAMEISWINSTON","QB","eds","TB","Jameis Winston","TB",22,22,274.74,585,4271,27.5,18.7,35,102,0.4,NA,NA,NA,NA,NA,NA
"JAYCUTLER","QB","eds","CHI","Jay Cutler","CHI",23,23,273.52,552,3988,27.5,16,31,146,0.9,NA,NA,NA,NA,NA,NA
"SAMBRADFORD","QB","eds","PHI","Sam Bradford","PHI",24,24,271.42,552,4223,26,12.1,28,64,0.7,NA,NA,NA,NA,NA,NA
"BLAKEBORTLES","QB","eds","JAC","Blake Bortles","JAC",25,25,267.14,522,3586,23,15.7,61,366,1.8,NA,NA,NA,NA,NA,NA
"ROBERTGRIFFIN","QB","eds","WAS","Robert Griffin III","WAS",26,26,262.92,484,3703,21.3,11.1,61,299,1.8,NA,NA,NA,NA,NA,NA
"DEREKCARR","QB","eds","OAK","Derek Carr","OAK",27,27,259.26,597,4089,24.8,13.7,32,96,0.1,NA,NA,NA,NA,NA,NA
"RYANFITZPATRICK","QB","eds","NYJ","Ryan Fitzpatrick","NYJ",28,28,255.08,478,3442,24.4,15.3,58,261,1.5,NA,NA,NA,NA,NA,NA
"LEVEONBELL","RB","eds","PIT","Le'Veon Bell","PIT",1,29,254.4,NA,NA,NA,NA,258,1174,9.8,68,632,2.5,NA,NA,NA
"NICKFOLES","QB","eds","STL","Nick Foles","STL",29,30,254.16,532,3884,24.2,12.8,32,112,0.6,NA,NA,NA,NA,NA,NA
"EDDIELACY","RB","eds","GB","Eddie Lacy","GB",2,31,243.6,NA,NA,NA,NA,272,1224,10.6,41,360,3.6,NA,NA,NA
"ADRIANPETERSON","RB","eds","MIN","Adrian Peterson","MIN",3,32,241.4,NA,NA,NA,NA,298,1356,12.2,38,272,0.9,NA,NA,NA
"JAMAALCHARLES","RB","eds","KC","Jamaal Charles","KC",4,33,238.5,NA,NA,NA,NA,250,1263,8.5,50,390,3.7,NA,NA,NA
"MARSHAWNLYNCH","RB","eds","SEA","Marshawn Lynch","SEA",5,34,236.7,NA,NA,NA,NA,278,1237,12,32,278,2.2,NA,NA,NA
"CJANDERSON","RB","eds","DEN","C.J. Anderson","DEN",6,35,231.3,NA,NA,NA,NA,290,1334,10.2,34,265,1.7,NA,NA,NA
"ANTONIOBROWN","WR","eds","PIT","Antonio Brown","PIT",1,36,230.3,NA,NA,NA,NA,5,23,0,116,1554,12.1,NA,NA,NA
"JEREMYHILL","RB","eds","CIN","Jeremy Hill","CIN",7,37,222.2,NA,NA,NA,NA,295,1401,10.3,25,185,0.3,NA,NA,NA
"MATTFORTE","RB","eds","CHI","Matt Forte","CHI",8,38,219.6,NA,NA,NA,NA,280,1190,6.7,58,454,2.5,NA,NA,NA
"DEZBRYANT","WR","eds","DAL","Dez Bryant","DAL",2,39,218.4,NA,NA,NA,NA,0,0,0,91,1374,13.5,NA,NA,NA
"JULIOJONES","WR","eds","ATL","Julio Jones","ATL",3,40,217.9,NA,NA,NA,NA,2,6,0,106,1579,9.9,NA,NA,NA
"DEMARYIUSTHOMAS","WR","eds","DEN","Demaryius Thomas","DEN",4,41,213.4,NA,NA,NA,NA,0,0,0,99,1426,11.8,NA,NA,NA
"DEMARCOMURRAY","RB","eds","PHI","DeMarco Murray","PHI",9,42,210.2,NA,NA,NA,NA,280,1274,10.6,24,180,0.2,NA,NA,NA
"LESEANMCCOY","RB","eds","BUF","LeSean McCoy","BUF",10,43,207.5,NA,NA,NA,NA,308,1371,6.5,34,236,1.3,NA,NA,NA
"CALVINJOHNSON","WR","eds","DET","Calvin Johnson","DET",5,44,203.9,NA,NA,NA,NA,0,0,0,94,1457,9.7,NA,NA,NA
"MATTCASSEL","QB","eds","BUF","Matt Cassel","BUF",30,45,203.56,480,3254,20.1,17.3,24,91,0.2,NA,NA,NA,NA,NA,NA
"ODELLBECKHAM","WR","eds","NYG","Odell Beckham","NYG",6,46,201.9,NA,NA,NA,NA,9,50,0,97,1339,10.5,NA,NA,NA
"ROBGRONKOWSKI","TE","eds","NE","Rob Gronkowski","NE",1,47,197.8,NA,NA,NA,NA,NA,NA,NA,85,1216,12.7,NA,NA,NA
"BRIANHOYER","QB","eds","HOU","Brian Hoyer","HOU",31,48,197.48,451,3297,18.5,13.1,27,41,0.1,NA,NA,NA,NA,NA,NA
"FRANKGORE","RB","eds","IND","Frank Gore","IND",11,49,196.3,NA,NA,NA,NA,260,1105,8.1,34,282,1.5,NA,NA,NA
"AJGREEN","WR","eds","CIN","A.J. Green","CIN",7,50,186.9,NA,NA,NA,NA,2,11,0,88,1276,9.7,NA,NA,NA
"RANDALLCOBB","WR","eds","GB","Randall Cobb","GB",8,51,185.2,NA,NA,NA,NA,5,35,0.1,93,1265,9.1,NA,NA,NA
"JUSTINFORSETT","RB","eds","BAL","Justin Forsett","BAL",12,52,183.2,NA,NA,NA,NA,198,950,6.1,64,420,1.6,NA,NA,NA
"ALSHONJEFFERY","WR","eds","CHI","Alshon Jeffery","CHI",9,52,183.2,NA,NA,NA,NA,8,49,0,87,1201,9.7,NA,NA,NA
"MARKINGRAM","RB","eds","NO","Mark Ingram","NO",13,54,180.5,NA,NA,NA,NA,246,1082,9.3,26,159,0.1,NA,NA,NA
"ALFREDMORRIS","RB","eds","WAS","Alfred Morris","WAS",14,55,179.4,NA,NA,NA,NA,272,1210,7.6,15,122,0.1,NA,NA,NA
"MELVINGORDON","RB","eds","SD","Melvin Gordon","SD",15,56,179.1,NA,NA,NA,NA,249,1145,7,21,160,1.1,NA,NA,NA
"MIKEEVANS","WR","eds","TB","Mike Evans","TB",10,57,178.1,NA,NA,NA,NA,0,0,0,76,1193,9.8,NA,NA,NA
"LATAVIUSMURRAY","RB","eds","OAK","Latavius Murray","OAK",16,58,176.5,NA,NA,NA,NA,252,1134,6,32,259,0.2,NA,NA,NA
"TYHILTON","WR","eds","IND","T.Y. Hilton","IND",11,59,175.8,NA,NA,NA,NA,2,12,0,84,1344,6.7,NA,NA,NA
"LAMARMILLER","RB","eds","MIA","Lamar Miller","MIA",17,60,174.2,NA,NA,NA,NA,220,1067,6.6,35,249,0.5,NA,NA,NA
"JONATHANSTEWART","RB","eds","CAR","Jonathan Stewart","CAR",18,61,172.2,NA,NA,NA,NA,254,1118,5.3,32,250,0.6,NA,NA,NA
"DEANDREHOPKINS","WR","eds","HOU","DeAndre Hopkins","HOU",12,62,164.1,NA,NA,NA,NA,0,0,0,81,1239,6.7,NA,NA,NA
"ANDREELLINGTON","RB","eds","ARZ","Andre Ellington","ARZ",19,63,164,NA,NA,NA,NA,215,935,3.7,45,387,1.6,NA,NA,NA
"JOSEPHRANDLE","RB","eds","DAL","Joseph Randle","DAL",20,64,163.5,NA,NA,NA,NA,224,1008,7.4,24,159,0.4,NA,NA,NA
"CARLOSHYDE","RB","eds","SF","Carlos Hyde","SF",21,65,163.1,NA,NA,NA,NA,230,989,8.3,19,120,0.4,NA,NA,NA
"TJYELDON","RB","eds","JAC","T.J. Yeldon","JAC",22,66,162.3,NA,NA,NA,NA,265,1140,6.1,17,105,0.2,NA,NA,NA
"JORDANMATTHEWS","WR","eds","PHI","Jordan Matthews","PHI",13,67,161.5,NA,NA,NA,NA,0,0,0,81,1069,9.1,NA,NA,NA
"ARIANFOSTER","RB","eds","HOU","Arian Foster","HOU",23,68,160.9,NA,NA,NA,NA,204,898,6.5,26,213,1.8,NA,NA,NA
"JOSHMCCOWN","QB","eds","CLE","Josh McCown","CLE",32,69,160.78,355,2467,14.2,12.4,28,129,0.8,NA,NA,NA,NA,NA,NA
"TODDGURLEY","RB","eds","STL","Todd Gurley","STL",24,70,159.2,NA,NA,NA,NA,200,890,6.4,31,264,0.9,NA,NA,NA
"CJSPILLER","RB","eds","NO","C.J. Spiller","NO",25,71,158.5,NA,NA,NA,NA,142,689,4.5,58,476,2.5,NA,NA,NA
"GIOVANIBERNARD","RB","eds","CIN","Giovani Bernard","CIN",26,72,156.9,NA,NA,NA,NA,136,585,3.5,64,576,3.3,NA,NA,NA
"BRANDINCOOKS","WR","eds","NO","Brandin Cooks","NO",14,73,155.5,NA,NA,NA,NA,12,110,1.2,94,1043,5.5,NA,NA,NA
"JIMMYGRAHAM","TE","eds","SEA","Jimmy Graham","SEA",2,74,153.1,NA,NA,NA,NA,NA,NA,NA,72,907,10.4,NA,NA,NA
"LEGARRETTEBLOUNT","RB","eds","NE","LeGarrette Blount","NE",27,75,151.2,NA,NA,NA,NA,198,871,9.5,12,65,0.1,NA,NA,NA
"JOIQUEBELL","RB","eds","DET","Joique Bell","DET",28,76,150.8,NA,NA,NA,NA,196,784,7.1,31,280,0.3,NA,NA,NA
"ANDREJOHNSON","WR","eds","IND","Andre Johnson","IND",15,77,149.4,NA,NA,NA,NA,0,0,0,86,1092,6.7,NA,NA,NA
"BRANDONMARSHALL","WR","eds","NYJ","Brandon Marshall","NYJ",16,78,148.9,NA,NA,NA,NA,0,0,0,82,1009,8,NA,NA,NA
"CHRISIVORY","RB","eds","NYJ","Chris Ivory","NYJ",29,79,148,NA,NA,NA,NA,208,926,7.3,16,104,0.2,NA,NA,NA
"EMMANUELSANDERS","WR","eds","DEN","Emmanuel Sanders","DEN",17,80,147,NA,NA,NA,NA,5,33,0,77,993,7.4,NA,NA,NA
"AMARICOOPER","WR","eds","OAK","Amari Cooper","OAK",18,81,146.8,NA,NA,NA,NA,0,0,0,78,1030,7.3,NA,NA,NA
"AMEERABDULLAH","RB","eds","DET","Ameer Abdullah","DET",30,82,145.4,NA,NA,NA,NA,164,730,5.7,41,340,0.7,NA,NA,NA
"ALLENROBINSON","WR","eds","JAC","Allen Robinson","JAC",19,83,145.3,NA,NA,NA,NA,0,0,0,79,1069,6.4,NA,NA,NA
"SAMMYWATKINS","WR","eds","BUF","Sammy Watkins","BUF",20,84,144.7,NA,NA,NA,NA,3,15,0,70,1036,6.6,NA,NA,NA
"KEENANALLEN","WR","eds","SD","Keenan Allen","SD",21,85,142.8,NA,NA,NA,NA,0,0,0,81,1032,6.6,NA,NA,NA
"DAVANTEADAMS","WR","eds","GB","Davante Adams","GB",22,86,142.7,NA,NA,NA,NA,0,0,0,72,929,8.3,NA,NA,NA
"GOLDENTATE","WR","eds","DET","Golden Tate","DET",23,87,140.2,NA,NA,NA,NA,5,30,0,80,1000,6.2,NA,NA,NA
"JEREMYMACLIN","WR","eds","KC","Jeremy Maclin","KC",24,88,140,NA,NA,NA,NA,0,0,0,78,1022,6.3,NA,NA,NA
"DESEANJACKSON","WR","eds","WAS","DeSean Jackson","WAS",25,89,139.9,NA,NA,NA,NA,3,5,0,57,998,6.6,NA,NA,NA
"TRAVISKELCE","TE","eds","KC","Travis Kelce","KC",3,90,138.4,NA,NA,NA,NA,NA,NA,NA,74,940,7.4,NA,NA,NA
"RASHADJENNINGS","RB","eds","NYG","Rashad Jennings","NYG",31,91,138.2,NA,NA,NA,NA,207,828,5.4,26,200,0.5,NA,NA,NA
"JULIANEDELMAN","WR","eds","NE","Julian Edelman","NE",26,92,137.7,NA,NA,NA,NA,8,52,0.1,91,983,5.6,NA,NA,NA
"VINCENTJACKSON","WR","eds","TB","Vincent Jackson","TB",27,93,136.6,NA,NA,NA,NA,0,0,0,67,976,6.5,NA,NA,NA
"ISAIAHCROWELL","RB","eds","CLE","Isaiah Crowell","CLE",32,94,136.1,NA,NA,NA,NA,195,839,7.4,11,72,0.1,NA,NA,NA
"LARRYFITZGERALD","WR","eds","ARZ","Larry Fitzgerald","ARZ",28,94,136.1,NA,NA,NA,NA,0,0,0,78,959,6.7,NA,NA,NA
"CHARLESJOHNSON","WR","eds","MIN","Charles Johnson","MIN",29,96,135.7,NA,NA,NA,NA,0,0,0,72,1015,5.7,NA,NA,NA
"TEVINCOLEMAN","RB","eds","ATL","Tevin Coleman","ATL",33,97,135.1,NA,NA,NA,NA,192,854,6.1,18,113,0.3,NA,NA,NA
"DOUGMARTIN","RB","eds","TB","Doug Martin","TB",34,98,134.9,NA,NA,NA,NA,212,880,5.5,23,127,0.2,NA,NA,NA
"ANQUANBOLDIN","WR","eds","SF","Anquan Boldin","SF",30,99,134.7,NA,NA,NA,NA,1,4,0,77,1025,5.3,NA,NA,NA
"MIKEWALLACE","WR","eds","MIN","Mike Wallace","MIN",31,100,131.6,NA,NA,NA,NA,1,8,0,58,876,7.2,NA,NA,NA
"RODDYWHITE","WR","eds","ATL","Roddy White","ATL",32,101,131.5,NA,NA,NA,NA,0,0,0,81,919,6.6,NA,NA,NA
"MICHAELFLOYD","WR","eds","ARZ","Michael Floyd","ARZ",33,102,131.1,NA,NA,NA,NA,1,3,0,55,930,6.3,NA,NA,NA
"ERICDECKER","WR","eds","NYJ","Eric Decker","NYJ",34,103,131,NA,NA,NA,NA,0,0,0,66,872,7.3,NA,NA,NA
"BRIANQUICK","WR","eds","STL","Brian Quick","STL",35,104,130.8,NA,NA,NA,NA,0,0,0,62,918,6.5,NA,NA,NA
"GREGOLSEN","TE","eds","CAR","Greg Olsen","CAR",4,105,130.1,NA,NA,NA,NA,NA,NA,NA,78,941,6,NA,NA,NA
"DEVONTAFREEMAN","RB","eds","ATL","Devonta Freeman","ATL",35,106,128.4,NA,NA,NA,NA,160,656,4.6,40,292,1,NA,NA,NA
"MARQUESCOLSTON","WR","eds","NO","Marques Colston","NO",36,107,127.1,NA,NA,NA,NA,0,0,0,67,911,6,NA,NA,NA
"JARVISLANDRY","WR","eds","MIA","Jarvis Landry","MIA",37,108,126.9,NA,NA,NA,NA,2,7,0,92,938,5.4,NA,NA,NA
"STEVESMITH","WR","eds","BAL","Steve Smith","BAL",38,109,126.4,NA,NA,NA,NA,0,0,0,78,898,6.1,NA,NA,NA
"NELSONAGHOLOR","WR","eds","PHI","Nelson Agholor","PHI",39,110,126.1,NA,NA,NA,NA,6,45,0.1,64,862,5.8,NA,NA,NA
"TORREYSMITH","WR","eds","SF","Torrey Smith","SF",40,111,125.7,NA,NA,NA,NA,0,0,0,50,825,7.2,NA,NA,NA
"JOHNBROWN","WR","eds","ARZ","John Brown","ARZ",41,112,124.3,NA,NA,NA,NA,2,8,0,58,887,5.8,NA,NA,NA
"PIERREGARCON","WR","eds","WAS","Pierre Garcon","WAS",42,113,122.3,NA,NA,NA,NA,0,0,0,78,905,5.3,NA,NA,NA
"DEVINFUNCHESS","WR","eds","CAR","Devin Funchess","CAR",43,114,118.3,NA,NA,NA,NA,0,0,0,58,751,7.2,NA,NA,NA
"RUEBENRANDLE","WR","eds","NYG","Rueben Randle","NYG",43,114,118.3,NA,NA,NA,NA,0,0,0,58,829,5.9,NA,NA,NA
"VICTORCRUZ","WR","eds","NYG","Victor Cruz","NYG",45,116,118,NA,NA,NA,NA,0,0,0,65,826,5.9,NA,NA,NA
"KENDALLWRIGHT","WR","eds","TEN","Kendall Wright","TEN",46,117,115.5,NA,NA,NA,NA,3,24,0,67,801,5.5,NA,NA,NA
"MARTELLUSBENNETT","TE","eds","CHI","Martellus Bennett","CHI",5,118,114.9,NA,NA,NA,NA,NA,NA,NA,74,777,6.2,NA,NA,NA
"DARRENMCFADDEN","RB","eds","DAL","Darren McFadden","DAL",36,119,114.2,NA,NA,NA,NA,156,655,4.4,28,199,0.4,NA,NA,NA
"TERRANCEWILLIAMS","WR","eds","DAL","Terrance Williams","DAL",47,120,113.9,NA,NA,NA,NA,1,3,0,43,722,6.9,NA,NA,NA
"MARKUSWHEATON","WR","eds","PIT","Markus Wheaton","PIT",47,120,113.9,NA,NA,NA,NA,3,12,0,67,767,6,NA,NA,NA
"RYANMATHEWS","RB","eds","PHI","Ryan Mathews","PHI",37,122,112.8,NA,NA,NA,NA,146,657,5.5,18,135,0.1,NA,NA,NA
"EDDIEROYAL","WR","eds","CHI","Eddie Royal","CHI",49,123,112.7,NA,NA,NA,NA,3,20,0,68,789,5.3,NA,NA,NA
"JEFFJANIS","WR","eds","GB","Jeff Janis","GB",50,124,112.4,NA,NA,NA,NA,0,0,0,45,734,6.5,NA,NA,NA
"MARTAVISBRYANT","WR","eds","PIT","Martavis Bryant","PIT",51,125,110.7,NA,NA,NA,NA,3,15,0,44,726,6.1,NA,NA,NA
"STEVEJOHNSON","WR","eds","SD","Steve Johnson","SD",52,126,110.4,NA,NA,NA,NA,0,0,0,61,750,5.9,NA,NA,NA
"ZACHERTZ","TE","eds","PHI","Zach Ertz","PHI",6,127,108.8,NA,NA,NA,NA,NA,NA,NA,62,794,4.9,NA,NA,NA
"DUKEJOHNSON","RB","eds","CLE","Duke Johnson","CLE",38,128,108.3,NA,NA,NA,NA,118,519,3.8,36,288,0.8,NA,NA,NA
"DANNYWOODHEAD","RB","eds","SD","Danny Woodhead","SD",39,129,107.9,NA,NA,NA,NA,87,365,2.6,48,360,3.3,NA,NA,NA
"BRANDONLAFELL","WR","eds","NE","Brandon LaFell","NE",53,130,107.1,NA,NA,NA,NA,2,12,0,54,729,5.5,NA,NA,NA
"JULIUSTHOMAS","TE","eds","JAC","Julius Thomas","JAC",7,131,106.9,NA,NA,NA,NA,NA,NA,NA,58,679,6.5,NA,NA,NA
"TREMASON","RB","eds","STL","Tre Mason","STL",40,132,106.4,NA,NA,NA,NA,150,653,3.3,21,171,0.7,NA,NA,NA
"CHARLESSIMS","RB","eds","TB","Charles Sims","TB",41,133,106.2,NA,NA,NA,NA,132,502,2.4,42,344,1.2,NA,NA,NA
"BISHOPSANKEY","RB","eds","TEN","Bishop Sankey","TEN",42,134,105.5,NA,NA,NA,NA,174,722,3,21,147,0.1,NA,NA,NA
"JASONWITTEN","TE","eds","DAL","Jason Witten","DAL",8,134,105.5,NA,NA,NA,NA,NA,NA,NA,67,749,5.1,NA,NA,NA
"JORDANCAMERON","TE","eds","MIA","Jordan Cameron","MIA",9,136,104.5,NA,NA,NA,NA,NA,NA,NA,63,733,5.2,NA,NA,NA
"SHANEVEREEN","RB","eds","NYG","Shane Vereen","NYG",43,137,103.1,NA,NA,NA,NA,78,335,1.5,54,456,2.5,NA,NA,NA
"DAVIDCOBB","RB","eds","TEN","David Cobb","TEN",44,138,102.3,NA,NA,NA,NA,150,645,5.1,12,72,0,NA,NA,NA
"MALCOMFLOYD","WR","eds","SD","Malcom Floyd","SD",54,139,101.6,NA,NA,NA,NA,0,0,0,44,704,5.2,NA,NA,NA
"BRESHADPERRIMAN","WR","eds","BAL","Breshad Perriman","BAL",54,139,101.6,NA,NA,NA,NA,0,0,0,39,686,5.5,NA,NA,NA
"ALFREDBLUE","RB","eds","HOU","Alfred Blue","HOU",45,141,97.3,NA,NA,NA,NA,178,587,2.7,22,158,1.1,NA,NA,NA
"DELANIEWALKER","TE","eds","TEN","Delanie Walker","TEN",10,142,97.2,NA,NA,NA,NA,NA,NA,NA,58,708,4.4,NA,NA,NA
"PERCYHARVIN","WR","eds","BUF","Percy Harvin","BUF",56,143,96.7,NA,NA,NA,NA,43,249,1,46,520,2.3,NA,NA,NA
"DOUGBALDWIN","WR","eds","SEA","Doug Baldwin","SEA",57,144,96.2,NA,NA,NA,NA,1,4,0,58,748,3.5,NA,NA,NA
"DWAYNEALLEN","TE","eds","IND","Dwayne Allen","IND",11,145,95.6,NA,NA,NA,NA,NA,NA,NA,36,446,8.5,NA,NA,NA
"REGGIEBUSH","RB","eds","SF","Reggie Bush","SF",46,146,94.7,NA,NA,NA,NA,74,307,2.9,51,364,1.7,NA,NA,NA
"DWAYNEBOWE","WR","eds","CLE","Dwayne Bowe","CLE",58,147,93.5,NA,NA,NA,NA,0,0,0,56,683,4.2,NA,NA,NA
"CODYLATIMER","WR","eds","DEN","Cody Latimer","DEN",59,148,91.8,NA,NA,NA,NA,0,0,0,40,540,6.3,NA,NA,NA
"TYLEREIFERT","TE","eds","CIN","Tyler Eifert","CIN",12,148,91.8,NA,NA,NA,NA,NA,NA,NA,56,672,4.1,NA,NA,NA
"DEVANTEPARKER","WR","eds","MIA","DeVante Parker","MIA",60,150,91.5,NA,NA,NA,NA,0,0,0,46,609,5.1,NA,NA,NA
"ALLENHURNS","WR","eds","JAC","Allen Hurns","JAC",61,151,91.4,NA,NA,NA,NA,0,0,0,46,626,4.8,NA,NA,NA
"PHILLYBROWN","WR","eds","CAR","Philly Brown","CAR",62,152,91.2,NA,NA,NA,NA,6,54,0,42,630,3.8,NA,NA,NA
"KENNYSTILLS","WR","eds","MIA","Kenny Stills","MIA",63,153,90.9,NA,NA,NA,NA,0,0,0,45,657,4.2,NA,NA,NA
"KNILEDAVIS","RB","eds","KC","Knile Davis","KC",47,154,89.9,NA,NA,NA,NA,118,443,5.3,15,114,0.4,NA,NA,NA
"OWENDANIELS","TE","eds","DEN","Owen Daniels","DEN",13,155,89.2,NA,NA,NA,NA,NA,NA,NA,52,568,5.4,NA,NA,NA
"KENNYBRITT","WR","eds","STL","Kenny Britt","STL",64,156,87.2,NA,NA,NA,NA,0,0,0,46,626,4.1,NA,NA,NA
"ERICEBRON","TE","eds","DET","Eric Ebron","DET",14,157,85.4,NA,NA,NA,NA,NA,NA,NA,50,530,5.4,NA,NA,NA
"HEATHMILLER","TE","eds","PIT","Heath Miller","PIT",15,158,85.3,NA,NA,NA,NA,NA,NA,NA,59,655,3.3,NA,NA,NA
"COBYFLEENER","TE","eds","IND","Coby Fleener","IND",16,159,84.8,NA,NA,NA,NA,NA,NA,NA,41,476,6.2,NA,NA,NA
"JORDANREED","TE","eds","WAS","Jordan Reed","WAS",17,160,84.4,NA,NA,NA,NA,NA,NA,NA,54,610,3.9,NA,NA,NA
"KYLERUDOLPH","TE","eds","MIN","Kyle Rudolph","MIN",18,161,83.9,NA,NA,NA,NA,NA,NA,NA,49,515,5.4,NA,NA,NA
"LEONARDHANKERSON","WR","eds","ATL","Leonard Hankerson","ATL",65,162,83.7,NA,NA,NA,NA,0,0,0,47,597,4,NA,NA,NA
"VERNONDAVIS","TE","eds","SF","Vernon Davis","SF",19,163,82.8,NA,NA,NA,NA,NA,NA,NA,40,528,5,NA,NA,NA
"MARVINJONES","WR","eds","CIN","Marvin Jones","CIN",66,164,82.7,NA,NA,NA,NA,3,18,0,41,545,4.4,NA,NA,NA
"AUSTINSEFERIANJENKINS","TE","eds","TB","Austin Seferian-Jenkins","TB",20,165,82.6,NA,NA,NA,NA,NA,NA,NA,46,520,5.1,NA,NA,NA
"TERRANCEWEST","RB","eds","CLE","Terrance West","CLE",48,166,82.5,NA,NA,NA,NA,125,513,3.5,12,72,0.5,NA,NA,NA
"FREDJACKSON","RB","eds","BUF","Fred Jackson","BUF",49,167,82.1,NA,NA,NA,NA,105,410,2.4,28,207,1,NA,NA,NA
"MICHAELCRABTREE","WR","eds","OAK","Michael Crabtree","OAK",67,168,82,NA,NA,NA,NA,0,0,0,52,556,4.4,NA,NA,NA
"ANTONIOGATES","TE","eds","SD","Antonio Gates","SD",21,168,82,NA,NA,NA,NA,NA,NA,NA,43,490,5.5,NA,NA,NA
"JAREDCOOK","TE","eds","STL","Jared Cook","STL",22,170,81.9,NA,NA,NA,NA,NA,NA,NA,50,615,3.4,NA,NA,NA
"DONTEMONCRIEF","WR","eds","IND","Donte Moncrief","IND",68,171,81.5,NA,NA,NA,NA,2,10,0,38,547,4.3,NA,NA,NA
"DAVIDJOHNSON","RB","eds","ARZ","David Johnson","ARZ",50,172,81.1,NA,NA,NA,NA,75,311,3.6,28,230,0.9,NA,NA,NA
"JOSHHILL","TE","eds","NO","Josh Hill","NO",23,173,80.6,NA,NA,NA,NA,NA,NA,NA,39,476,5.5,NA,NA,NA
"LADARIUSGREEN","TE","eds","SD","Ladarius Green","SD",24,174,80.4,NA,NA,NA,NA,NA,NA,NA,41,570,3.9,NA,NA,NA
"DARRENSPROLES","RB","eds","PHI","Darren Sproles","PHI",51,175,80.3,NA,NA,NA,NA,42,193,1.5,48,442,1.3,NA,NA,NA
"JUSTINHUNTER","WR","eds","TEN","Justin Hunter","TEN",69,176,80.2,NA,NA,NA,NA,0,0,0,34,622,3,NA,NA,NA
"RICHARDRODGERS","TE","eds","GB","Richard Rodgers","GB",25,176,80.2,NA,NA,NA,NA,NA,NA,NA,44,484,5.3,NA,NA,NA
"CHARLESCLAY","TE","eds","BUF","Charles Clay","BUF",26,178,79.7,NA,NA,NA,NA,NA,NA,NA,46,515,4.7,NA,NA,NA
"NATEWASHINGTON","WR","eds","HOU","Nate Washington","HOU",70,179,79.3,NA,NA,NA,NA,0,0,0,41,619,2.9,NA,NA,NA
"JAYAJAYI","RB","eds","MIA","Jay Ajayi","MIA",52,180,77.9,NA,NA,NA,NA,84,370,3.7,24,163,0.4,NA,NA,NA
"ROBERTWOODS","WR","eds","BUF","Robert Woods","BUF",71,181,77.5,NA,NA,NA,NA,0,0,0,46,547,3.8,NA,NA,NA
"JAMESSTARKS","RB","eds","GB","James Starks","GB",53,182,76.9,NA,NA,NA,NA,97,417,2.6,19,160,0.6,NA,NA,NA
"CECILSHORTS","WR","eds","HOU","Cecil Shorts","HOU",72,183,76.3,NA,NA,NA,NA,0,0,0,52,577,3.1,NA,NA,NA
"JOHNNYMANZIEL","QB","eds","CLE","Johnny Manziel","CLE",33,184,74.6,155,1070,5.3,4.7,26,99,0.9,NA,NA,NA,NA,NA,NA
"LARRYDONNELL","TE","eds","NYG","Larry Donnell","NYG",27,185,73.6,NA,NA,NA,NA,NA,NA,NA,51,526,3.5,NA,NA,NA
"RODSTREATER","WR","eds","OAK","Rod Streater","OAK",73,186,73,NA,NA,NA,NA,0,0,0,41,562,2.8,NA,NA,NA
"TAVONAUSTIN","WR","eds","STL","Tavon Austin","STL",74,187,72.9,NA,NA,NA,NA,28,202,1.5,35,299,2.3,NA,NA,NA
"MATTJONES","RB","eds","WAS","Matt Jones","WAS",54,188,71,NA,NA,NA,NA,58,247,1.9,36,277,1.2,NA,NA,NA
"CORDARRELLEPATTERSON","WR","eds","MIN","Cordarrelle Patterson","MIN",75,189,68.2,NA,NA,NA,NA,12,126,1.5,29,328,2.3,NA,NA,NA
"JERICKMCKINNON","RB","eds","MIN","Jerick McKinnon","MIN",55,190,67.7,NA,NA,NA,NA,75,349,1.6,32,208,0.4,NA,NA,NA
"NICKTOON","WR","eds","NO","Nick Toon","NO",76,191,66.8,NA,NA,NA,NA,0,0,0,34,452,3.6,NA,NA,NA
"MARQUESSWILSON","WR","eds","CHI","Marquess Wilson","CHI",77,192,66.5,NA,NA,NA,NA,0,0,0,44,515,2.5,NA,NA,NA
"JARIUSWRIGHT","WR","eds","MIN","Jarius Wright","MIN",78,193,65.8,NA,NA,NA,NA,4,36,0,36,490,2.2,NA,NA,NA
"ROYHELU","RB","eds","OAK","Roy Helu","OAK",56,194,65.6,NA,NA,NA,NA,60,270,1.3,35,284,0.4,NA,NA,NA
"JACEAMARO","TE","eds","NYJ","Jace Amaro","NYJ",28,195,65.3,NA,NA,NA,NA,NA,NA,NA,45,437,3.6,NA,NA,NA
"JAVORIUSALLEN","RB","eds","BAL","Javorius Allen","BAL",57,196,64.8,NA,NA,NA,NA,68,292,2.7,20,164,0.5,NA,NA,NA
"AARONDOBSON","WR","eds","NE","Aaron Dobson","NE",79,197,64.5,NA,NA,NA,NA,0,0,0,30,411,3.9,NA,NA,NA
"ANDREWILLIAMS","RB","eds","NYG","Andre Williams","NYG",58,198,64.4,NA,NA,NA,NA,104,354,4.2,6,38,0,NA,NA,NA
"MONTEEBALL","RB","eds","DEN","Montee Ball","DEN",59,199,63.5,NA,NA,NA,NA,80,328,3,16,115,0.2,NA,NA,NA
"DANHERRON","RB","eds","IND","Dan Herron","IND",60,200,61.9,NA,NA,NA,NA,72,317,1.9,18,140,0.8,NA,NA,NA
"TYLERLOCKETT","WR","eds","SEA","Tyler Lockett","SEA",80,201,61.8,NA,NA,NA,NA,5,35,0.1,30,409,2.8,NA,NA,NA
"COLEBEASLEY","WR","eds","DAL","Cole Beasley","DAL",81,202,61.7,NA,NA,NA,NA,0,0,0,41,443,2.9,NA,NA,NA
"CHRISJOHNSON","RB","eds","ARZ","Chris Johnson","ARZ",61,203,61.6,NA,NA,NA,NA,80,332,1.7,20,146,0.6,NA,NA,NA
"BRIANHARTLINE","WR","eds","CLE","Brian Hartline","CLE",82,203,61.6,NA,NA,NA,NA,0,0,0,40,496,2,NA,NA,NA
"RONNIEHILLMAN","RB","eds","DEN","Ronnie Hillman","DEN",62,205,61.5,NA,NA,NA,NA,68,286,2.4,23,167,0.3,NA,NA,NA
"PHILLIPDORSETT","WR","eds","IND","Phillip Dorsett","IND",83,206,60.9,NA,NA,NA,NA,3,21,0,30,408,3,NA,NA,NA
"ROBHOUSLER","TE","eds","CLE","Rob Housler","CLE",29,207,60.5,NA,NA,NA,NA,NA,NA,NA,33,413,3.2,NA,NA,NA
"STEVANRIDLEY","RB","eds","NYJ","Stevan Ridley","NYJ",63,208,60.2,NA,NA,NA,NA,90,387,3.2,4,23,0,NA,NA,NA
"ANDREROBERTS","WR","eds","WAS","Andre Roberts","WAS",84,209,60,NA,NA,NA,NA,1,9,0,38,471,2,NA,NA,NA
"JAMESWHITE","RB","eds","NE","James White","NE",64,210,59.7,NA,NA,NA,NA,52,224,1.6,26,169,1.8,NA,NA,NA
"DORIALGREENBECKHAM","WR","eds","TEN","Dorial Green-Beckham","TEN",85,211,59.4,NA,NA,NA,NA,0,0,0,28,372,3.7,NA,NA,NA
"ROBERTTURBIN","RB","eds","SEA","Robert Turbin","SEA",65,212,59.1,NA,NA,NA,NA,86,344,0.9,17,145,0.8,NA,NA,NA
"MYCHALRIVERA","TE","eds","OAK","Mychal Rivera","OAK",30,213,59,NA,NA,NA,NA,NA,NA,NA,36,374,3.6,NA,NA,NA
"LORENZOTALIAFERRO","RB","eds","BAL","Lorenzo Taliaferro","BAL",66,214,58.6,NA,NA,NA,NA,60,255,4.6,7,49,0.1,NA,NA,NA
"CAMERONARTISPAYNE","RB","eds","CAR","Cameron Artis-Payne","CAR",67,215,58.4,NA,NA,NA,NA,106,440,1.7,6,42,0,NA,NA,NA
"BILALPOWELL","RB","eds","NYJ","Bilal Powell","NYJ",67,215,58.4,NA,NA,NA,NA,54,224,1.8,30,234,0.3,NA,NA,NA
"LANCEDUNBAR","RB","eds","DAL","Lance Dunbar","DAL",69,217,58.3,NA,NA,NA,NA,65,267,0.8,30,226,0.7,NA,NA,NA
"JAELENSTRONG","WR","eds","HOU","Jaelen Strong","HOU",86,217,58.3,NA,NA,NA,NA,0,0,0,31,415,2.8,NA,NA,NA
"BRENTCELEK","TE","eds","PHI","Brent Celek","PHI",31,219,58.2,NA,NA,NA,NA,NA,NA,NA,32,378,3.4,NA,NA,NA
"KAMARAIKEN","WR","eds","BAL","Kamar Aiken","BAL",87,220,58.1,NA,NA,NA,NA,0,0,0,32,371,3.5,NA,NA,NA
"MIKETOLBERT","RB","eds","CAR","Mike Tolbert","CAR",70,221,57.6,NA,NA,NA,NA,63,195,3.7,18,135,0.4,NA,NA,NA
"ALBERTWILSON","WR","eds","KC","Albert Wilson","KC",88,222,56.9,NA,NA,NA,NA,0,0,0,36,479,1.5,NA,NA,NA
"GREGJENNINGS","WR","eds","MIA","Greg Jennings","MIA",89,223,56.6,NA,NA,NA,NA,0,0,0,32,368,3.3,NA,NA,NA
"JONASGRAY","RB","eds","NE","Jonas Gray","NE",71,224,56.5,NA,NA,NA,NA,84,370,3.1,2,9,0,NA,NA,NA
"KHIRYROBINSON","RB","eds","NO","Khiry Robinson","NO",72,225,56,NA,NA,NA,NA,75,345,2.6,9,59,0,NA,NA,NA
"MARLONBROWN","WR","eds","BAL","Marlon Brown","BAL",90,226,55.5,NA,NA,NA,NA,0,0,0,30,351,3.4,NA,NA,NA
"ANDREWHAWKINS","WR","eds","CLE","Andrew Hawkins","CLE",91,227,55.3,NA,NA,NA,NA,3,12,0,38,433,1.8,NA,NA,NA
"ANTONESMITH","RB","eds","ATL","Antone Smith","ATL",73,228,54.7,NA,NA,NA,NA,50,295,1.6,11,96,1,NA,NA,NA
"BRANDONCOLEMAN","WR","eds","NO","Brandon Coleman","NO",92,229,53.7,NA,NA,NA,NA,0,0,0,29,339,3.3,NA,NA,NA
"JERMAINEKEARSE","WR","eds","SEA","Jermaine Kearse","SEA",93,230,53.5,NA,NA,NA,NA,1,5,0,27,392,2.3,NA,NA,NA
"STEDMANBAILEY","WR","eds","STL","Stedman Bailey","STL",94,231,53.3,NA,NA,NA,NA,1,8,0,30,417,1.8,NA,NA,NA
"DENARDROBINSON","RB","eds","JAC","Denard Robinson","JAC",74,232,51.9,NA,NA,NA,NA,55,248,2.4,22,121,0.1,NA,NA,NA
"DEANGELOWILLIAMS","RB","eds","PIT","DeAngelo Williams","PIT",74,232,51.9,NA,NA,NA,NA,78,289,1.6,17,128,0.1,NA,NA,NA
"JERRICHOCOTCHERY","WR","eds","CAR","Jerricho Cotchery","CAR",95,234,51.7,NA,NA,NA,NA,0,0,0,35,427,1.5,NA,NA,NA
"DEVINSMITH","WR","eds","NYJ","Devin Smith","NYJ",96,235,51,NA,NA,NA,NA,0,0,0,18,324,3.1,NA,NA,NA
"MARQISELEE","WR","eds","JAC","Marqise Lee","JAC",97,236,49.6,NA,NA,NA,NA,3,11,0,36,389,1.6,NA,NA,NA
"KENDALLHUNTER","RB","eds","SF","Kendall Hunter","SF",76,237,49,NA,NA,NA,NA,63,284,2.3,10,68,0,NA,NA,NA
"TYMONTGOMERY","WR","eds","GB","Ty Montgomery","GB",98,238,48.9,NA,NA,NA,NA,1,6,0,32,375,1.8,NA,NA,NA
"DANNYAMENDOLA","WR","eds","NE","Danny Amendola","NE",98,238,48.9,NA,NA,NA,NA,1,2,0,34,343,2.4,NA,NA,NA
"CHRISCONLEY","WR","eds","KC","Chris Conley","KC",100,240,48.2,NA,NA,NA,NA,0,0,0,24,350,2.2,NA,NA,NA
"JEREMYKERLEY","WR","eds","NYJ","Jeremy Kerley","NYJ",101,241,47.4,NA,NA,NA,NA,3,15,0,35,375,1.4,NA,NA,NA
"VIRGILGREEN","TE","eds","DEN","Virgil Green","DEN",32,242,47.1,NA,NA,NA,NA,NA,NA,NA,25,303,2.8,NA,NA,NA
"JOSHHUFF","WR","eds","PHI","Josh Huff","PHI",102,243,46.9,NA,NA,NA,NA,1,6,0,31,391,1.2,NA,NA,NA
"TIMWRIGHT","TE","eds","TB","Tim Wright","TB",33,244,46.8,NA,NA,NA,NA,NA,NA,NA,28,294,2.9,NA,NA,NA
"BENNYCUNNINGHAM","RB","eds","STL","Benny Cunningham","STL",77,245,46.1,NA,NA,NA,NA,46,189,1.3,20,170,0.4,NA,NA,NA
"LANCEKENDRICKS","TE","eds","STL","Lance Kendricks","STL",34,245,46.1,NA,NA,NA,NA,NA,NA,NA,27,251,3.5,NA,NA,NA
"MOHAMEDSANU","WR","eds","CIN","Mohamed Sanu","CIN",103,247,45.1,NA,NA,NA,NA,4,18,0,28,283,2.5,NA,NA,NA
"JACOBTAMME","TE","eds","ATL","Jacob Tamme","ATL",35,248,45,NA,NA,NA,NA,NA,NA,NA,36,324,2.1,NA,NA,NA
"JARONBROWN","WR","eds","ARZ","Jaron Brown","ARZ",104,249,44.8,NA,NA,NA,NA,0,0,0,29,328,2,NA,NA,NA
"DEVINHESTER","WR","eds","ATL","Devin Hester","ATL",104,249,44.8,NA,NA,NA,NA,4,20,0,28,356,1.2,NA,NA,NA
"BENWATSON","TE","eds","NO","Ben Watson","NO",36,251,44.7,NA,NA,NA,NA,NA,NA,NA,28,291,2.6,NA,NA,NA
"ANDREHOLMES","WR","eds","OAK","Andre Holmes","OAK",106,252,44.4,NA,NA,NA,NA,0,0,0,23,336,1.8,NA,NA,NA
"GAVINESCOBAR","TE","eds","DAL","Gavin Escobar","DAL",37,253,43,NA,NA,NA,NA,NA,NA,NA,18,238,3.2,NA,NA,NA
"MAXXWILLIAMS","TE","eds","BAL","Maxx Williams","BAL",38,254,42,NA,NA,NA,NA,NA,NA,NA,20,264,2.6,NA,NA,NA
"BOBBYRAINEY","RB","eds","TB","Bobby Rainey","TB",78,255,41.7,NA,NA,NA,NA,58,238,1.3,12,77,0.4,NA,NA,NA
"COREYFULLER","WR","eds","DET","Corey Fuller","DET",107,255,41.7,NA,NA,NA,NA,0,0,0,22,321,1.6,NA,NA,NA
"KENNYBELL","WR","eds","TB","Kenny Bell","TB",108,257,41.6,NA,NA,NA,NA,0,0,0,24,326,1.5,NA,NA,NA
"CROCKETTGILLMORE","TE","eds","BAL","Crockett Gillmore","BAL",39,258,41.5,NA,NA,NA,NA,NA,NA,NA,24,295,2,NA,NA,NA
"CLIVEWALFORD","TE","eds","OAK","Clive Walford","OAK",40,259,41.3,NA,NA,NA,NA,NA,NA,NA,21,263,2.5,NA,NA,NA
"JOSHROBINSON","RB","eds","IND","Josh Robinson","IND",79,260,41.2,NA,NA,NA,NA,54,219,1.8,12,79,0.1,NA,NA,NA
"JAMISONCROWDER","WR","eds","WAS","Jamison Crowder","WAS",109,260,41.2,NA,NA,NA,NA,0,0,0,26,268,2.4,NA,NA,NA
"RILEYCOOPER","WR","eds","PHI","Riley Cooper","PHI",110,262,39.8,NA,NA,NA,NA,0,0,0,24,278,2,NA,NA,NA
"SEANTAVIUSJONES","WR","eds","NO","Seantavius Jones","NO",111,263,39.7,NA,NA,NA,NA,0,0,0,22,271,2.1,NA,NA,NA
"REGGIEWAYNE","WR","eds","NE","Reggie Wayne","NE",111,263,39.7,NA,NA,NA,NA,0,0,0,24,283,1.9,NA,NA,NA
"CHRISMATTHEWS","WR","eds","SEA","Chris Matthews","SEA",113,265,39.5,NA,NA,NA,NA,0,0,0,18,245,2.5,NA,NA,NA
"MARCELREECE","RB","eds","OAK","Marcel Reece","OAK",80,266,39,NA,NA,NA,NA,15,65,0.5,29,223,1.2,NA,NA,NA
"JONATHANGRIMES","RB","eds","HOU","Jonathan Grimes","HOU",81,267,38.9,NA,NA,NA,NA,80,304,0.7,5,37,0.1,NA,NA,NA
"HARRYDOUGLAS","WR","eds","TEN","Harry Douglas","TEN",114,268,38.8,NA,NA,NA,NA,0,0,0,28,322,1.1,NA,NA,NA
"TRENTRICHARDSON","RB","eds","OAK","Trent Richardson","OAK",82,269,38.6,NA,NA,NA,NA,45,176,1.3,15,120,0.2,NA,NA,NA
"DAMIENWILLIAMS","RB","eds","MIA","Damien Williams","MIA",82,269,38.6,NA,NA,NA,NA,62,260,1.1,8,54,0.1,NA,NA,NA
"DIONSIMS","TE","eds","MIA","Dion Sims","MIA",41,271,38.5,NA,NA,NA,NA,NA,NA,NA,23,265,2,NA,NA,NA
"MARCEDESLEWIS","TE","eds","JAC","Marcedes Lewis","JAC",42,272,37.7,NA,NA,NA,NA,NA,NA,NA,21,239,2.3,NA,NA,NA
"TAYLORGABRIEL","WR","eds","CLE","Taylor Gabriel","CLE",115,273,37.6,NA,NA,NA,NA,2,8,0,20,290,1.3,NA,NA,NA
"HAKEEMNICKS","WR","eds","TEN","Hakeem Nicks","TEN",115,273,37.6,NA,NA,NA,NA,0,0,0,21,256,2,NA,NA,NA
"TONYMOEAKI","TE","eds","ATL","Tony Moeaki","ATL",43,273,37.6,NA,NA,NA,NA,NA,NA,NA,26,286,1.5,NA,NA,NA
"LUKEWILLSON","TE","eds","SEA","Luke Willson","SEA",44,276,36.5,NA,NA,NA,NA,NA,NA,NA,19,251,1.9,NA,NA,NA
"MATTASIATA","RB","eds","MIN","Matt Asiata","MIN",84,277,36.2,NA,NA,NA,NA,36,130,2.1,14,88,0.3,NA,NA,NA
"TOBYGERHART","RB","eds","JAC","Toby Gerhart","JAC",85,278,36.1,NA,NA,NA,NA,36,140,1.4,16,125,0.2,NA,NA,NA
"GARRETTGRAHAM","TE","eds","HOU","Garrett Graham","HOU",45,279,35.3,NA,NA,NA,NA,NA,NA,NA,25,275,1.3,NA,NA,NA
"THEORIDDICK","RB","eds","DET","Theo Riddick","DET",86,280,35,NA,NA,NA,NA,26,81,0.3,25,215,0.6,NA,NA,NA
"JIMMYGAROPPOLO","QB","eds","NE","Jimmy Garoppolo","NE",34,281,34.42,78,538,3.1,2.3,7,28,0,NA,NA,NA,NA,NA,NA
"BRANDENOLIVER","RB","eds","SD","Branden Oliver","SD",87,282,33.9,NA,NA,NA,NA,42,160,1.3,12,89,0.2,NA,NA,NA
"KEVINWHITE","WR","eds","CHI","Kevin White","CHI",117,282,33.9,NA,NA,NA,NA,1,7,0,15,230,1.7,NA,NA,NA
"DEXTERMCCLUSTER","RB","eds","TEN","Dexter McCluster","TEN",88,284,33.8,NA,NA,NA,NA,32,112,0,22,172,0.9,NA,NA,NA
"JEROMESIMPSON","WR","eds","SF","Jerome Simpson","SF",118,285,33.6,NA,NA,NA,NA,0,0,0,19,264,1.2,NA,NA,NA
"MIKEDAVIS","RB","eds","SF","Mike Davis","SF",89,286,32.1,NA,NA,NA,NA,48,202,1.4,5,35,0,NA,NA,NA
"JEFFCUMBERLAND","TE","eds","NYJ","Jeff Cumberland","NYJ",46,287,31.7,NA,NA,NA,NA,NA,NA,NA,18,209,1.8,NA,NA,NA
"JACQUIZZRODGERS","RB","eds","CHI","Jacquizz Rodgers","CHI",90,288,31.6,NA,NA,NA,NA,34,122,0.4,18,128,0.7,NA,NA,NA
"TEDGINN","WR","eds","CAR","Ted Ginn Jr.","CAR",119,289,31.5,NA,NA,NA,NA,5,35,0,14,190,1.5,NA,NA,NA
"MYCOLEPRUITT","TE","eds","MIN","MyCole Pruitt","MIN",47,290,31.1,NA,NA,NA,NA,NA,NA,NA,21,227,1.4,NA,NA,NA
"TERRELLEPRYOR","WR","eds","CLE","Terrelle Pryor","CLE",120,291,30.6,NA,NA,NA,NA,8,56,0.1,12,178,1.1,NA,NA,NA
"RYANGRANT","WR","eds","WAS","Ryan Grant","WAS",121,292,30.4,NA,NA,NA,NA,0,0,0,20,208,1.6,NA,NA,NA
"JERMAINEGRESHAM","TE","eds","ARZ","Jermaine Gresham","ARZ",48,292,30.4,NA,NA,NA,NA,NA,NA,NA,18,184,2,NA,NA,NA
"CHARCANDRICKWEST","RB","eds","KC","Charcandrick West","KC",91,294,29.4,NA,NA,NA,NA,38,171,1.2,6,45,0.1,NA,NA,NA
"JOEMORGAN","WR","eds","NO","Joe Morgan","NO",122,295,28.9,NA,NA,NA,NA,1,6,0,16,229,0.9,NA,NA,NA
"JEREMYLANGFORD","RB","eds","CHI","Jeremy Langford","CHI",92,296,28.8,NA,NA,NA,NA,46,196,0.7,6,44,0.1,NA,NA,NA
"LOUISMURPHY","WR","eds","TB","Louis Murphy","TB",123,297,28.6,NA,NA,NA,NA,0,0,0,21,250,0.6,NA,NA,NA
"JUSTINHARDY","WR","eds","ATL","Justin Hardy","ATL",124,298,28.4,NA,NA,NA,NA,0,0,0,22,218,1.1,NA,NA,NA
"EJBIBBS","TE","eds","CLE","E.J. Bibbs","CLE",49,299,28.3,NA,NA,NA,NA,NA,NA,NA,15,193,1.5,NA,NA,NA
"BRYCEBROWN","RB","eds","BUF","Bryce Brown","BUF",93,300,27.9,NA,NA,NA,NA,36,148,1.3,5,47,0.1,NA,NA,NA
"JAMESJONES","WR","eds","NYG","James Jones","NYG",125,300,27.9,NA,NA,NA,NA,0,0,0,16,195,1.4,NA,NA,NA
"PAULRICHARDSON","WR","eds","SEA","Paul Richardson","SEA",126,302,27.4,NA,NA,NA,NA,0,0,0,16,184,1.5,NA,NA,NA
"ANDREWQUARLESS","TE","eds","GB","Andrew Quarless","GB",50,302,27.4,NA,NA,NA,NA,NA,NA,NA,18,196,1.3,NA,NA,NA
"ANTONIOANDREWS","RB","eds","TEN","Antonio Andrews","TEN",94,304,27,NA,NA,NA,NA,38,165,1.1,5,33,0.1,NA,NA,NA
"CHRISTINEMICHAEL","RB","eds","SEA","Christine Michael","SEA",95,305,26.3,NA,NA,NA,NA,46,212,0.6,2,15,0,NA,NA,NA
"BRANDONBOLDEN","RB","eds","NE","Brandon Bolden","NE",96,306,26,NA,NA,NA,NA,35,137,1.8,3,15,0,NA,NA,NA
"JOSEPHFAURIA","TE","eds","DET","Joseph Fauria","DET",51,307,25.8,NA,NA,NA,NA,NA,NA,NA,13,150,1.8,NA,NA,NA
"MARKSANCHEZ","QB","eds","PHI","Mark Sanchez","PHI",35,308,25.56,48,364,2.2,1.6,7,20,0.3,NA,NA,NA,NA,NA,NA
"QUINTONPATTON","WR","eds","SF","Quinton Patton","SF",127,309,25.5,NA,NA,NA,NA,0,0,0,17,207,0.8,NA,NA,NA
"CHRISPOLK","RB","eds","HOU","Chris Polk","HOU",97,310,25.3,NA,NA,NA,NA,48,180,1,2,13,0,NA,NA,NA
"SAMMIECOATES","WR","eds","PIT","Sammie Coates","PIT",128,310,25.3,NA,NA,NA,NA,0,0,0,14,187,1.1,NA,NA,NA
"ANDRECALDWELL","WR","eds","DEN","Andre Caldwell","DEN",129,312,25.1,NA,NA,NA,NA,0,0,0,16,173,1.3,NA,NA,NA
"KENBRELLTHOMPKINS","WR","eds","OAK","Kenbrell Thompkins","OAK",130,313,24.9,NA,NA,NA,NA,0,0,0,14,183,1.1,NA,NA,NA
"RASHADGREENE","WR","eds","JAC","Rashad Greene","JAC",131,314,24.6,NA,NA,NA,NA,0,0,0,18,198,0.8,NA,NA,NA
"JOHNKUHN","RB","eds","GB","John Kuhn","GB",98,315,24,NA,NA,NA,NA,20,70,1,12,86,0.4,NA,NA,NA
"DENARIUSMOORE","WR","eds","CIN","Denarius Moore","CIN",132,316,23.8,NA,NA,NA,NA,0,0,0,12,160,1.3,NA,NA,NA
"JOHNCROCKETT","RB","eds","GB","John Crockett","GB",99,317,23.1,NA,NA,NA,NA,36,158,0.5,6,43,0,NA,NA,NA
"MICHAELCAMPANARO","WR","eds","BAL","Michael Campanaro","BAL",133,318,22.7,NA,NA,NA,NA,0,0,0,15,197,0.5,NA,NA,NA
"DONALDBROWN","RB","eds","SD","Donald Brown","SD",100,319,22.3,NA,NA,NA,NA,40,136,0.6,6,45,0.1,NA,NA,NA
"DANIELFELLS","TE","eds","NYG","Daniel Fells","NYG",52,319,22.3,NA,NA,NA,NA,NA,NA,NA,13,145,1.3,NA,NA,NA
"RYANMALLETT","QB","eds","HOU","Ryan Mallett","HOU",36,321,22.06,56,389,2.1,2,3,1,0,NA,NA,NA,NA,NA,NA
"DONTRELLEINMAN","WR","eds","SD","Dontrelle Inman","SD",134,322,22,NA,NA,NA,NA,0,0,0,13,172,0.8,NA,NA,NA
"KYLEJUSZCZYK","RB","eds","BAL","Kyle Juszczyk","BAL",101,323,21.3,NA,NA,NA,NA,0,0,0,18,153,1,NA,NA,NA
"GARYBARNIDGE","TE","eds","CLE","Gary Barnidge","CLE",53,324,21.2,NA,NA,NA,NA,NA,NA,NA,12,140,1.2,NA,NA,NA
"JUWANJAMISON","RB","eds","DEN","Juwan Jamison","DEN",102,325,20.7,NA,NA,NA,NA,27,130,0.9,3,23,0,NA,NA,NA
"JESSEJAMES","TE","eds","PIT","Jesse James","PIT",54,325,20.7,NA,NA,NA,NA,NA,NA,NA,13,159,0.8,NA,NA,NA
"JEREMYROSS","WR","eds","DET","Jeremy Ross","DET",135,327,20.4,NA,NA,NA,NA,0,0,0,12,150,0.9,NA,NA,NA
"TRAVARISCADET","RB","eds","NE","Travaris Cadet","NE",103,328,20,NA,NA,NA,NA,8,32,0,17,114,0.9,NA,NA,NA
"ANTHONYFASANO","TE","eds","TEN","Anthony Fasano","TEN",55,329,19.7,NA,NA,NA,NA,NA,NA,NA,14,125,1.2,NA,NA,NA
"CHRISTHOMPSON","RB","eds","WAS","Chris Thompson","WAS",104,330,19.4,NA,NA,NA,NA,24,98,0.2,12,78,0.1,NA,NA,NA
"CHRISGIVENS","WR","eds","STL","Chris Givens","STL",136,331,19.3,NA,NA,NA,NA,1,4,0,10,153,0.6,NA,NA,NA
"ZACSTACY","RB","eds","NYJ","Zac Stacy","NYJ",105,332,19.1,NA,NA,NA,NA,28,111,1,3,20,0,NA,NA,NA
"ROBERTHERRON","WR","eds","TB","Robert Herron","TB",137,333,18.7,NA,NA,NA,NA,0,0,0,16,157,0.5,NA,NA,NA
"SCOTTCHANDLER","TE","eds","NE","Scott Chandler","NE",56,333,18.7,NA,NA,NA,NA,NA,NA,NA,8,91,1.6,NA,NA,NA
"TYLERKROFT","TE","eds","CIN","Tyler Kroft","CIN",57,335,18.5,NA,NA,NA,NA,NA,NA,NA,13,143,0.7,NA,NA,NA
"KADEEMCAREY","RB","eds","CHI","Ka'Deem Carey","CHI",106,336,18,NA,NA,NA,NA,30,129,0.5,3,21,0,NA,NA,NA
"DIONLEWIS","RB","eds","NE","Dion Lewis","NE",107,337,17.8,NA,NA,NA,NA,20,88,1,5,30,0,NA,NA,NA
"GENOSMITH","QB","eds","NYJ","Geno Smith","NYJ",37,338,17.14,36,256,1.6,1,2,9,0.1,NA,NA,NA,NA,NA,NA
"RISHARDMATTHEWS","WR","eds","MIA","Rishard Matthews","MIA",138,339,17.1,NA,NA,NA,NA,0,0,0,10,111,1,NA,NA,NA
"BRUCEELLINGTON","WR","eds","SF","Bruce Ellington","SF",138,339,17.1,NA,NA,NA,NA,5,26,0.2,9,97,0.6,NA,NA,NA
"TRAVISBENJAMIN","WR","eds","CLE","Travis Benjamin","CLE",140,341,17,NA,NA,NA,NA,0,0,0,8,128,0.7,NA,NA,NA
"JIMDRAY","TE","eds","CLE","Jim Dray","CLE",58,342,16.3,NA,NA,NA,NA,NA,NA,NA,11,103,1,NA,NA,NA
"VANCEMCDONALD","TE","eds","SF","Vance McDonald","SF",59,343,16.2,NA,NA,NA,NA,NA,NA,NA,12,156,0.1,NA,NA,NA
"LEVINETOILOLO","TE","eds","ATL","Levine Toilolo","ATL",60,344,16.1,NA,NA,NA,NA,NA,NA,NA,10,71,1.5,NA,NA,NA
"BRANDONMYERS","TE","eds","TB","Brandon Myers","TB",61,345,15.9,NA,NA,NA,NA,NA,NA,NA,16,147,0.2,NA,NA,NA
"CHRISHOGAN","WR","eds","BUF","Chris Hogan","BUF",141,346,15.7,NA,NA,NA,NA,0,0,0,11,103,0.9,NA,NA,NA
"BRANDONPETTIGREW","TE","eds","DET","Brandon Pettigrew","DET",62,346,15.7,NA,NA,NA,NA,NA,NA,NA,14,115,0.7,NA,NA,NA
"DEVINSTREET","WR","eds","DAL","Devin Street","DAL",142,348,15.6,NA,NA,NA,NA,0,0,0,10,120,0.6,NA,NA,NA
"GREGSALAS","WR","eds","DET","Greg Salas","DET",143,349,15.3,NA,NA,NA,NA,0,0,0,10,105,0.8,NA,NA,NA
"DARRENFELLS","TE","eds","ARZ","Darren Fells","ARZ",63,350,15,NA,NA,NA,NA,NA,NA,NA,13,120,0.5,NA,NA,NA
"TROYNIKLAS","TE","eds","ARZ","Troy Niklas","ARZ",63,350,15,NA,NA,NA,NA,NA,NA,NA,12,114,0.6,NA,NA,NA
"THOMASRAWLS","RB","eds","SEA","Thomas Rawls","SEA",108,352,14.9,NA,NA,NA,NA,29,131,0.3,0,0,0,NA,NA,NA
"STEFONDIGGS","WR","eds","MIN","Stefon Diggs","MIN",144,352,14.9,NA,NA,NA,NA,0,0,0,10,131,0.3,NA,NA,NA
"EDDICKSON","TE","eds","CAR","Ed Dickson","CAR",65,352,14.9,NA,NA,NA,NA,NA,NA,NA,9,101,0.8,NA,NA,NA
"TIMTEBOW","QB","eds","PHI","Tim Tebow","PHI",38,355,14.78,6,37,0.1,0.3,16,72,1,NA,NA,NA,NA,NA,NA
"JIMMYCLAUSEN","QB","eds","CHI","Jimmy Clausen","CHI",39,356,14.72,39,263,1.3,1.5,2,5,0,NA,NA,NA,NA,NA,NA
"JASONAVANT","WR","eds","KC","Jason Avant","KC",145,357,14.5,NA,NA,NA,NA,0,0,0,12,121,0.4,NA,NA,NA
"CLAYHARBOR","TE","eds","JAC","Clay Harbor","JAC",66,358,14.3,NA,NA,NA,NA,NA,NA,NA,8,89,0.9,NA,NA,NA
"KIRKCOUSINS","QB","eds","WAS","Kirk Cousins","WAS",40,359,13.82,28,213,1.3,1.2,4,13,0,NA,NA,NA,NA,NA,NA
"REXBURKHEAD","RB","eds","CIN","Rex Burkhead","CIN",109,360,13.8,NA,NA,NA,NA,8,28,0.1,12,92,0.2,NA,NA,NA
"DRIARCHER","RB","eds","PIT","Dri Archer","PIT",110,361,13.7,NA,NA,NA,NA,22,77,0,12,60,0,NA,NA,NA
"DEANDRESMELTER","WR","eds","SF","DeAndre Smelter","SF",146,362,13.4,NA,NA,NA,NA,0,0,0,8,98,0.6,NA,NA,NA
"DEANTHONYTHOMAS","WR","eds","KC","De'Anthony Thomas","KC",147,363,13.3,NA,NA,NA,NA,0,0,0,16,115,0.3,NA,NA,NA
"EJMANUEL","QB","eds","BUF","E.J. Manuel","BUF",41,364,12.68,26,177,1.1,1,4,16,0.1,NA,NA,NA,NA,NA,NA
"FOZZYWHITTAKER","RB","eds","CAR","Fozzy Whittaker","CAR",111,365,12.6,NA,NA,NA,NA,24,94,0.3,2,14,0,NA,NA,NA
"COREYWASHINGTON","WR","eds","NYG","Corey Washington","NYG",148,366,12.5,NA,NA,NA,NA,0,0,0,6,71,0.9,NA,NA,NA
"JAMESOSHAUGHNESSY","TE","eds","KC","James O'Shaughnessy","KC",67,367,12.1,NA,NA,NA,NA,NA,NA,NA,7,91,0.5,NA,NA,NA
"AJJENKINS","WR","eds","DAL","A.J. Jenkins","DAL",149,368,12,NA,NA,NA,NA,0,0,0,8,84,0.6,NA,NA,NA
"JORDANTAYLOR","WR","eds","DEN","Jordan Taylor","DEN",150,369,11.8,NA,NA,NA,NA,0,0,0,7,88,0.5,NA,NA,NA
"ZACHZENNER","RB","eds","DET","Zach Zenner","DET",112,370,11.5,NA,NA,NA,NA,18,77,0.4,2,14,0,NA,NA,NA
"KENNYHILLIARD","RB","eds","HOU","Kenny Hilliard","HOU",112,370,11.5,NA,NA,NA,NA,18,72,0.4,3,19,0,NA,NA,NA
"ANTHONYSHERMAN","RB","eds","KC","Anthony Sherman","KC",112,370,11.5,NA,NA,NA,NA,2,6,0,11,85,0.4,NA,NA,NA
"MILESAUSTIN","WR","eds","PHI","Miles Austin","PHI",151,373,11.3,NA,NA,NA,NA,0,0,0,9,95,0.3,NA,NA,NA
"ROBERTHUGHES","RB","eds","ARZ","Robert Hughes","ARZ",115,374,11,NA,NA,NA,NA,18,40,0.7,4,28,0,NA,NA,NA
"DARRENWALLER","WR","eds","BAL","Darren Waller","BAL",152,374,11,NA,NA,NA,NA,0,0,0,8,98,0.2,NA,NA,NA
"MIKEGLENNON","QB","eds","TB","Mike Glennon","TB",42,376,10.6,20,140,1.4,0.8,1,2,0,NA,NA,NA,NA,NA,NA
"RICARDOLOCKETTE","WR","eds","SEA","Ricardo Lockette","SEA",153,377,10.2,NA,NA,NA,NA,0,0,0,5,78,0.4,NA,NA,NA
"NICKBOYLE","TE","eds","BAL","Nick Boyle","BAL",68,377,10.2,NA,NA,NA,NA,NA,NA,NA,6,72,0.5,NA,NA,NA
"DANTEROSARIO","TE","eds","CHI","Dante Rosario","CHI",69,379,9.8,NA,NA,NA,NA,NA,NA,NA,10,92,0.1,NA,NA,NA
"KERWYNNWILLIAMS","RB","eds","ARZ","Kerwynn Williams","ARZ",116,380,9.6,NA,NA,NA,NA,18,74,0.1,3,16,0,NA,NA,NA
"MARQUEISGRAY","TE","eds","BUF","MarQueis Gray","BUF",70,380,9.6,NA,NA,NA,NA,NA,NA,NA,8,84,0.2,NA,NA,NA
"SCOTTTOLZIEN","QB","eds","GB","Scott Tolzien","GB",43,382,9.14,20,146,0.9,0.7,2,4,0,NA,NA,NA,NA,NA,NA
"BRENTONBERSIN","WR","eds","CAR","Brenton Bersin","CAR",154,383,9.1,NA,NA,NA,NA,0,0,0,8,91,0,NA,NA,NA
"JACOBYJONES","WR","eds","SD","Jacoby Jones","SD",154,383,9.1,NA,NA,NA,NA,3,20,0,5,65,0.1,NA,NA,NA
"RYANGRIFFIN","TE","eds","HOU","Ryan Griffin","HOU",71,385,9,NA,NA,NA,NA,NA,NA,NA,6,66,0.4,NA,NA,NA
"JOSHHARRIS","RB","eds","PIT","Josh Harris","PIT",117,386,8.8,NA,NA,NA,NA,24,82,0.1,0,0,0,NA,NA,NA
"CJFIEDOROWICZ","TE","eds","HOU","C.J. Fiedorowicz","HOU",72,387,8.4,NA,NA,NA,NA,NA,NA,NA,8,60,0.4,NA,NA,NA
"DEZMINLEWIS","WR","eds","BUF","Dezmin Lewis","BUF",156,388,8,NA,NA,NA,NA,0,0,0,5,62,0.3,NA,NA,NA
"TREMCBRIDE","WR","eds","TEN","Tre McBride","TEN",157,389,7.9,NA,NA,NA,NA,0,0,0,6,73,0.1,NA,NA,NA
"KEVINNORWOOD","WR","eds","SEA","Kevin Norwood","SEA",158,390,7.7,NA,NA,NA,NA,0,0,0,5,59,0.3,NA,NA,NA
"LAMICHAELJAMES","RB","eds","MIA","LaMichael James","MIA",118,391,7.4,NA,NA,NA,NA,12,47,0.1,3,21,0,NA,NA,NA
"CHRISOWUSU","WR","eds","NYJ","Chris Owusu","NYJ",159,392,7,NA,NA,NA,NA,1,6,0,4,46,0.3,NA,NA,NA
"COLTMCCOY","QB","eds","WAS","Colt McCoy","WAS",44,393,6.92,10,73,0.6,0.3,3,13,0.1,NA,NA,NA,NA,NA,NA
"JORDANTODMAN","RB","eds","CAR","Jordan Todman","CAR",119,394,6.9,NA,NA,NA,NA,14,56,0.1,1,7,0,NA,NA,NA
"JJNELSON","WR","eds","ARZ","J.J. Nelson","ARZ",160,394,6.9,NA,NA,NA,NA,1,5,0,6,64,0,NA,NA,NA
"DANIELTHOMAS","RB","eds","CHI","Daniel Thomas","CHI",120,396,6.8,NA,NA,NA,NA,12,44,0.4,0,0,0,NA,NA,NA
"CHADHENNE","QB","eds","JAC","Chad Henne","JAC",45,397,6.74,16,106,0.8,0.7,0,0,0,NA,NA,NA,NA,NA,NA
"JARRETTBOYKIN","WR","eds","CAR","Jarrett Boykin","CAR",161,398,6.7,NA,NA,NA,NA,0,0,0,6,67,0,NA,NA,NA
"ZACHMETTENBERGER","QB","eds","TEN","Zach Mettenberger","TEN",46,399,6.58,15,107,0.7,0.6,1,1,0,NA,NA,NA,NA,NA,NA
"MATTMCGLOIN","QB","eds","OAK","Matt McGloin","OAK",47,400,6.34,15,101,0.7,0.9,2,4,0,NA,NA,NA,NA,NA,NA
"BLAKEBELL","TE","eds","SF","Blake Bell","SF",73,401,5.8,NA,NA,NA,NA,NA,NA,NA,4,46,0.2,NA,NA,NA
"MALCOLMBROWN","RB","eds","STL","Malcolm Brown","STL",121,402,5.5,NA,NA,NA,NA,12,49,0.1,0,0,0,NA,NA,NA
"MICHAELFORD","RB","eds","ATL","Michael Ford","ATL",122,403,5.4,NA,NA,NA,NA,12,48,0.1,0,0,0,NA,NA,NA
"KARLOSWILLIAMS","RB","eds","BUF","Karlos Williams","BUF",122,403,5.4,NA,NA,NA,NA,10,42,0.2,0,0,0,NA,NA,NA
"VINCEMAYLE","WR","eds","CLE","Vince Mayle","CLE",162,403,5.4,NA,NA,NA,NA,0,0,0,4,48,0.1,NA,NA,NA
"BRANDONWEEDEN","QB","eds","DAL","Brandon Weeden","DAL",48,406,5.3,12,90,0.5,0.7,2,4,0,NA,NA,NA,NA,NA,NA
"MIKEJAMES","RB","eds","TB","Mike James","TB",124,406,5.3,NA,NA,NA,NA,12,41,0.2,0,0,0,NA,NA,NA
"JUNIORHEMINGWAY","WR","eds","KC","Junior Hemingway","KC",163,406,5.3,NA,NA,NA,NA,0,0,0,5,47,0.1,NA,NA,NA
"DWAYNEHARRIS","WR","eds","NYG","Dwayne Harris","NYG",164,409,5.1,NA,NA,NA,NA,1,4,0,3,35,0.2,NA,NA,NA
"DEANDRECARTER","WR","eds","BAL","DeAndre Carter","BAL",165,410,4.9,NA,NA,NA,NA,0,0,0,4,43,0.1,NA,NA,NA
"EVANSPENCER","WR","eds","WAS","Evan Spencer","WAS",166,411,4.6,NA,NA,NA,NA,0,0,0,4,46,0,NA,NA,NA
"CJUZOMAH","TE","eds","CIN","C.J. Uzomah","CIN",74,412,4.4,NA,NA,NA,NA,NA,NA,NA,4,44,0,NA,NA,NA
"GRIFFWHALEN","WR","eds","IND","Griff Whalen","IND",167,413,4.2,NA,NA,NA,NA,0,0,0,4,42,0,NA,NA,NA
"ARRELIOUSBENN","WR","eds","JAC","Arrelious Benn","JAC",167,413,4.2,NA,NA,NA,NA,0,0,0,4,42,0,NA,NA,NA
"NICKOLEARY","TE","eds","BUF","Nick O'Leary","BUF",75,413,4.2,NA,NA,NA,NA,NA,NA,NA,4,42,0,NA,NA,NA
"VICKBALLARD","RB","eds","IND","Vick Ballard","IND",125,416,4.1,NA,NA,NA,NA,8,30,0.1,1,5,0,NA,NA,NA
"KESHAWNMARTIN","WR","eds","HOU","Keshawn Martin","HOU",169,416,4.1,NA,NA,NA,NA,0,0,0,3,35,0.1,NA,NA,NA
"TITUSDAVIS","WR","eds","SD","Titus Davis","SD",170,418,3.8,NA,NA,NA,NA,0,0,0,3,32,0.1,NA,NA,NA
"BERNARDPIERCE","RB","eds","JAC","Bernard Pierce","JAC",126,419,3.7,NA,NA,NA,NA,10,37,0,0,0,0,NA,NA,NA
"JARRYDHAYNE","RB","eds","SF","Jarryd Hayne","SF",126,419,3.7,NA,NA,NA,NA,6,25,0.1,1,6,0,NA,NA,NA
"BRANDONTATE","WR","eds","CIN","Brandon Tate","CIN",171,419,3.7,NA,NA,NA,NA,0,0,0,3,37,0,NA,NA,NA
"STEPFANTAYLOR","RB","eds","ARZ","Stepfan Taylor","ARZ",128,422,3.2,NA,NA,NA,NA,6,20,0.1,1,6,0,NA,NA,NA
"BROCKOSWEILER","QB","eds","DEN","Brock Osweiler","DEN",49,423,3.16,9,59,0.2,0.2,2,2,0,NA,NA,NA,NA,NA,NA
"FRANKIEHAMMOND","WR","eds","KC","Frankie Hammond","KC",172,424,3.1,NA,NA,NA,NA,0,0,0,3,31,0,NA,NA,NA
"MICHAELHOOMANAWANUI","TE","eds","NE","Michael Hoomanawanui","NE",76,425,3,NA,NA,NA,NA,NA,NA,NA,2,24,0.1,NA,NA,NA
"RORYANDERSON","TE","eds","SF","Rory Anderson","SF",76,425,3,NA,NA,NA,NA,NA,NA,NA,2,24,0.1,NA,NA,NA
"CHRISGRAGG","TE","eds","BUF","Chris Gragg","BUF",78,427,2.7,NA,NA,NA,NA,NA,NA,NA,3,27,0,NA,NA,NA
"ANTHONYDIXON","RB","eds","BUF","Anthony Dixon","BUF",129,428,2.2,NA,NA,NA,NA,5,17,0,1,5,0,NA,NA,NA
"SHAQEVANS","WR","eds","NYJ","Shaq Evans","NYJ",173,428,2.2,NA,NA,NA,NA,0,0,0,2,22,0,NA,NA,NA
"DARRIUSHEYWARDBEY","WR","eds","PIT","Darrius Heyward-Bey","PIT",174,430,2.1,NA,NA,NA,NA,0,0,0,2,21,0,NA,NA,NA
"ADRIENROBINSON","TE","eds","NYG","Adrien Robinson","NYG",79,431,2,NA,NA,NA,NA,NA,NA,NA,2,20,0,NA,NA,NA
"TOMSAVAGE","QB","eds","HOU","Tom Savage","HOU",50,432,1.9,6,40,0.1,0.1,0,0,0,NA,NA,NA,NA,NA,NA
"STORMJOHNSON","RB","eds","JAC","Storm Johnson","JAC",130,433,1.5,NA,NA,NA,NA,4,15,0,0,0,0,NA,NA,NA
"WESSAXTON","TE","eds","NYJ","Wes Saxton","NYJ",80,434,1.2,NA,NA,NA,NA,NA,NA,NA,1,12,0,NA,NA,NA
"DEVIERPOSEY","WR","eds","NYJ","DeVier Posey","NYJ",175,435,1.1,NA,NA,NA,NA,0,0,0,1,11,0,NA,NA,NA
"GERALDCHRISTIAN","TE","eds","ARZ","Gerald Christian","ARZ",81,435,1.1,NA,NA,NA,NA,NA,NA,NA,1,11,0,NA,NA,NA
