"name","pos","sourceName","team","name_espn","team_espn","positionRank","overallRank","points","passAtt","passYds","passTds","passInt","rushAtt","rushYds","rushTds","rec","recYds","recTds"
"MICHAELCRABTREE","WR","espn","OAK","Michael Crabtree","OAK",1,1,"98",0,0,0,0,0,0,0,64,749,4
"BRIANQUICK","WR","espn","STL","Brian Quick","STL",2,2,"98",0,0,0,0,0,0,0,52,745,4
"BRESHADPERRIMAN","WR","espn","BAL","Breshad Perriman","BAL",3,3,"97",0,0,0,0,0,0,0,49,679,5
"MINNESOTAVIKINGS","DST","espn","MIN","Minnesota Vikings","MIN",1,4,"97",0,0,0,0,0,0,0,0,0,0
"CLEVELANDBROWNS","DST","espn","CLE","Cleveland Browns","CLE",2,5,"96",0,0,0,0,0,0,0,0,0,0
"BRANDONCOLEMAN","WR","espn","NO","Brandon Coleman","NO",4,6,"95",0,0,0,0,0,0,0,40,657,5
"DELANIEWALKER","TE","espn","TEN","Delanie Walker","TEN",1,7,"94.6",0,0,0,0,0,0,0,64,727,4
"PERCYHARVIN","WR","espn","BUF","Percy Harvin","BUF",5,8,"93.8",0,0,0,0,23,147,1,49,536,3
"MARTAVISBRYANT","WR","espn","PIT","Martavis Bryant","PIT",6,9,"93",0,0,0,0,3,20,0,41,617,5
"LORENZOTALIAFERRO","RB","espn","BAL","Lorenzo Taliaferro","BAL",1,10,"92.2",0,0,0,0,124,510,4,17,137,1
"CHICAGOBEARS","DST","espn","CHI","Chicago Bears","CHI",3,11,"92",0,0,0,0,0,0,0,0,0,0
"JORDANCAMERON","TE","espn","MIA","Jordan Cameron","MIA",2,12,"91.7",0,0,0,0,0,0,0,51,624,5
"VICTORCRUZ","WR","espn","NYG","Victor Cruz","NYG",7,13,"91",0,0,0,0,0,0,0,50,675,4
"MARKUSWHEATON","WR","espn","PIT","Markus Wheaton","PIT",8,14,"90.4",0,0,0,0,5,30,0,50,682,3
"MICHAELVICK","QB","espn","PIT","Michael Vick","PIT",1,15,"9",16,111,1,0,4,12,0,0,0,0
"DWAYNEALLEN","TE","espn","IND","Dwayne Allen","IND",3,16,"89.5",0,0,0,0,0,0,0,50,544,6
"GENOSMITH","QB","espn","NYJ","Geno Smith","NYJ",2,17,"88.5",206,1465,8,7,21,107,1,0,0,0
"CHARLESSIMS","RB","espn","TB","Charles Sims","TB",2,18,"88.2",0,0,0,0,95,368,2,46,381,1
"KENNYBRITT","WR","espn","STL","Kenny Britt","STL",9,19,"88",0,0,0,0,0,0,0,43,645,4
"LARRYDONNELL","TE","espn","NYG","Larry Donnell","NYG",4,20,"87.9",0,0,0,0,0,0,0,50,594,5
"TENNESSEETITANS","DST","espn","TEN","Tennessee Titans","TEN",4,21,"87",0,0,0,0,0,0,0,0,0,0
"TYMONTGOMERY","WR","espn","GB","Ty Montgomery","GB",10,22,"86.6",0,0,0,0,6,40,0,41,553,4
"BRANDONLAFELL","WR","espn","NE","Brandon LaFell","NE",11,23,"86",0,0,0,0,0,0,0,49,620,4
"ROBERTGRIFFIN","QB","espn","WAS","Robert Griffin","WAS",3,24,"85.5",171,1260,7,4,25,154,1,0,0,0
"JORDANREED","TE","espn","WAS","Jordan Reed","WAS",5,25,"85.1",0,0,0,0,0,0,0,60,624,4
"OWENDANIELS","TE","espn","DEN","Owen Daniels","DEN",6,26,"84.9",0,0,0,0,0,0,0,50,557,5
"TYLEREIFERT","TE","espn","CIN","Tyler Eifert","CIN",7,27,"84.5",0,0,0,0,0,0,0,53,615,4
"ANDREWILLIAMS","RB","espn","NYG","Andre Williams","NYG",3,28,"84.2",0,0,0,0,132,536,4,9,73,0
"ALLENHURNS","WR","espn","JAC","Allen Hurns","JAC",12,29,"84",0,0,0,0,4,24,0,48,644,3
"ALFREDBLUE","RB","espn","HOU","Alfred Blue","HOU",4,30,"83.2",0,0,0,0,138,537,3,15,120,0
"COLEBEASLEY","WR","espn","DAL","Cole Beasley","DAL",13,31,"82.9",0,0,0,0,0,0,0,48,577,4
"HEATHMILLER","TE","espn","PIT","Heath Miller","PIT",8,32,"82.9",0,0,0,0,0,0,0,54,609,4
"ERICEBRON","TE","espn","DET","Eric Ebron","DET",9,33,"82.5",0,0,0,0,0,0,0,53,590,4
"DAVIDJOHNSON","RB","espn","ARZ","David Johnson","ARZ",5,34,"82.3",0,0,0,0,87,354,3,32,259,1
"JONASGRAY","RB","espn","NE","Jonas Gray","NE",6,35,"82.3",0,0,0,0,111,478,5,7,58,0
"LEONARDHANKERSON","WR","espn","ATL","Leonard Hankerson","ATL",14,36,"82",0,0,0,0,0,0,0,45,580,4
"DALLASCOWBOYS","DST","espn","DAL","Dallas Cowboys","DAL",5,37,"82",0,0,0,0,0,0,0,0,0,0
"AUSTINSEFERIANJENKINS","TE","espn","TB","Austin Seferian-Jenkins","TB",10,38,"81.5",0,0,0,0,0,0,0,48,584,4
"ROYHELU","RB","espn","OAK","Roy Helu","OAK",7,39,"81.2",0,0,0,0,76,313,2,44,347,1
"KENNYSTILLS","WR","espn","MIA","Kenny Stills","MIA",15,40,"81",0,0,0,0,4,26,0,42,612,3
"ATLANTAFALCONS","DST","espn","ATL","Atlanta Falcons","ATL",6,41,"81",0,0,0,0,0,0,0,0,0,0
"KYLERUDOLPH","TE","espn","MIN","Kyle Rudolph","MIN",11,42,"80.9",0,0,0,0,0,0,0,52,578,4
"JAMESWHITE","RB","espn","NE","James White","NE",8,43,"80.2",0,0,0,0,63,265,2,38,300,2
"JULIUSTHOMAS","TE","espn","JAC","Julius Thomas","JAC",12,44,"80.1",0,0,0,0,0,0,0,51,570,4
"COREYBROWN","WR","espn","CAR","Corey Brown","CAR",16,45,"80",0,0,0,0,9,61,0,38,563,3
"JERMAINEKEARSE","WR","espn","SEA","Jermaine Kearse","SEA",17,46,"80",0,0,0,0,0,0,0,38,560,4
"KANSASCITYCHIEFS","DST","espn","KC","Kansas City Chiefs","KC",7,47,"80",0,0,0,0,0,0,0,0,0,0
"FOZZYWHITTAKER","RB","espn","CAR","Fozzy Whittaker","CAR",9,48,"8.4",0,0,0,0,16,57,0,4,31,0
"BRANDONWEEDEN","QB","espn","DAL","Brandon Weeden","DAL",4,49,"8",15,112,1,0,0,1,0,0,0,0
"CHASEDANIEL","QB","espn","KC","Chase Daniel","KC",5,50,"8",16,101,1,0,1,4,0,0,0,0
"CASEKEENUM","QB","espn","STL","Case Keenum","STL",6,51,"8",15,101,1,0,0,1,0,0,0,0
"ANTONIOGATES","TE","espn","SD","Antonio Gates","SD",13,52,"79.7",0,0,0,0,0,0,0,42,509,5
"DWAYNEBOWE","WR","espn","CLE","Dwayne Bowe","CLE",18,53,"79",0,0,0,0,0,0,0,50,632,3
"JACKSONVILLEJAGUARS","DST","espn","JAC","Jacksonville Jaguars","JAC",8,54,"79",0,0,0,0,0,0,0,0,0,0
"PITTSBURGHSTEELERS","DST","espn","PIT","Pittsburgh Steelers","PIT",9,55,"78",0,0,0,0,0,0,0,0,0,0
"REGGIEBUSH","RB","espn","SF","Reggie Bush","SF",10,56,"77.6",0,0,0,0,72,314,1,39,332,1
"KNILEDAVIS","RB","espn","KC","Knile Davis","KC",11,57,"77.1",0,0,0,0,87,343,4,15,112,1
"KAMARAIKEN","WR","espn","BAL","Kamar Aiken","BAL",19,58,"77",0,0,0,0,0,0,0,41,533,4
"COBYFLEENER","TE","espn","IND","Coby Fleener","IND",14,59,"77",0,0,0,0,0,0,0,39,470,5
"CHARLESCLAY","TE","espn","BUF","Charles Clay","BUF",15,60,"76.9",0,0,0,0,0,0,0,49,531,4
"JAREDCOOK","TE","espn","STL","Jared Cook","STL",16,61,"76.8",0,0,0,0,0,0,0,50,591,3
"MATTJONES","RB","espn","WAS","Matt Jones","WAS",12,62,"76.2",0,0,0,0,76,281,3,34,268,1
"MARVINJONES","WR","espn","CIN","Marvin Jones","CIN",20,63,"76",0,0,0,0,2,15,0,44,573,3
"RICHARDRODGERS","TE","espn","GB","Richard Rodgers","GB",17,64,"75.7",0,0,0,0,0,0,0,41,469,5
"RYANMALLETT","QB","espn","HOU","Ryan Mallett","HOU",7,65,"75.4",202,1464,7,6,11,34,0,0,0,0
"DARRENSPROLES","RB","espn","PHI","Darren Sproles","PHI",13,66,"74.8",0,0,0,0,50,231,2,41,331,1
"VERNONDAVIS","TE","espn","SF","Vernon Davis","SF",18,67,"74.4",0,0,0,0,0,0,0,44,577,3
"TREMASON","RB","espn","STL","Tre Mason","STL",14,68,"74.1",0,0,0,0,119,524,2,16,121,0
"REGGIEWAYNE","WR","espn","NE","Reggie Wayne","NE",21,69,"73",0,0,0,0,0,0,0,46,557,3
"GREGJENNINGS","WR","espn","MIA","Greg Jennings","MIA",22,70,"73",0,0,0,0,0,0,0,40,555,3
"TYLERLOCKETT","WR","espn","SEA","Tyler Lockett","SEA",23,71,"73",0,0,0,0,2,15,0,35,503,3
"NEWORLEANSSAINTS","DST","espn","NO","New Orleans Saints","NO",10,72,"73",0,0,0,0,0,0,0,0,0,0
"LANCEDUNBAR","RB","espn","DAL","Lance Dunbar","DAL",15,73,"72.9",0,0,0,0,55,225,1,36,318,2
"RONNIEHILLMAN","RB","espn","DEN","Ronnie Hillman","DEN",16,74,"72.2",0,0,0,0,88,363,3,17,144,1
"ANDREROBERTS","WR","espn","WAS","Andre Roberts","WAS",24,75,"70.3",0,0,0,0,2,12,0,40,492,3
"DEREKANDERSON","QB","espn","CAR","Derek Anderson","CAR",8,76,"7",21,148,1,1,3,8,0,0,0,0
"JAYAJAYI","RB","espn","MIA","Jay Ajayi","MIA",17,77,"7",0,0,0,0,12,47,0,4,35,0
"CHRISPOLK","RB","espn","HOU","Chris Polk","HOU",18,78,"7",0,0,0,0,17,77,0,1,8,0
"BENJAMINWATSON","TE","espn","NO","Benjamin Watson","NO",19,79,"69.7",0,0,0,0,0,0,0,41,463,4
"DEXTERMCCLUSTER","RB","espn","TEN","Dexter McCluster","TEN",19,80,"69.3",0,0,0,0,45,184,1,40,362,1
"DEXTERMCCLUSTER","WR","espn","TEN","Dexter McCluster","TEN",25,81,"69.3",0,0,0,0,45,184,1,40,362,1
"PHILLIPDORSETT","WR","espn","IND","Phillip Dorsett","IND",26,82,"67.3",0,0,0,0,4,26,0,36,440,3
"DENARDROBINSON","RB","espn","JAC","Denard Robinson","JAC",20,83,"67.2",0,0,0,0,76,310,2,28,196,1
"ROBERTWOODS","WR","espn","BUF","Robert Woods","BUF",27,84,"67",0,0,0,0,0,0,0,37,488,3
"WASHINGTONREDSKINS","DST","espn","WAS","Washington Redskins","WAS",11,85,"67",0,0,0,0,0,0,0,0,0,0
"DANIELHERRON","RB","espn","IND","Daniel Herron","IND",21,86,"66.8",0,0,0,0,61,253,2,29,244,1
"TAVONAUSTIN","WR","espn","STL","Tavon Austin","STL",28,87,"66.3",0,0,0,0,21,157,0,33,347,2
"ANDREWHAWKINS","WR","espn","CLE","Andrew Hawkins","CLE",29,88,"66",0,0,0,0,7,46,0,49,507,2
"JACOBTAMME","TE","espn","ATL","Jacob Tamme","ATL",20,89,"65.7",0,0,0,0,0,0,0,45,487,3
"SANDIEGOCHARGERS","DST","espn","SD","San Diego Chargers","SD",12,90,"65",0,0,0,0,0,0,0,0,0,0
"CECILSHORTS","WR","espn","HOU","Cecil Shorts III","HOU",30,91,"62.4",0,0,0,0,0,0,0,34,438,3
"BILALPOWELL","RB","espn","NYJ","Bilal Powell","NYJ",22,92,"62.1",0,0,0,0,55,225,1,36,287,1
"JEFFCUMBERLAND","TE","espn","NYJ","Jeff Cumberland","NYJ",21,93,"61.8",0,0,0,0,0,0,0,37,443,3
"VANCEMCDONALD","TE","espn","SF","Vance McDonald","SF",22,94,"6.9",0,0,0,0,0,0,0,7,74,0
"MARKSANCHEZ","QB","espn","PHI","Mark Sanchez","PHI",9,95,"6",16,115,1,1,3,8,0,0,0,0
"ZACHZENNER","RB","espn","DET","Zach Zenner","DET",23,96,"6",0,0,0,0,16,64,0,0,0,0
"STEPFANTAYLOR","RB","espn","ARZ","Stepfan Taylor","ARZ",24,97,"6",0,0,0,0,16,60,0,0,0,0
"BRIANHARTLINE","WR","espn","CLE","Brian Hartline","CLE",31,98,"59",0,0,0,0,0,0,0,35,478,2
"LADARIUSGREEN","TE","espn","SD","Ladarius Green","SD",23,99,"58.8",0,0,0,0,0,0,0,33,413,3
"MAXXWILLIAMS","TE","espn","BAL","Maxx Williams","BAL",24,100,"58.7",0,0,0,0,0,0,0,35,412,3
"DORIALGREENBECKHAM","WR","espn","TEN","Dorial Green-Beckham","TEN",32,101,"58",0,0,0,0,0,0,0,29,406,3
"TERRANCEWEST","RB","espn","CLE","Terrance West","CLE",25,102,"57.2",0,0,0,0,85,361,3,7,59,0
"DONTEMONCRIEF","WR","espn","IND","Donte Moncrief","IND",33,103,"57",0,0,0,0,4,28,0,27,375,3
"DEVINSMITH","WR","espn","NYJ","Devin Smith","NYJ",34,104,"57",0,0,0,0,1,10,0,31,446,2
"JOSHHILL","TE","espn","NO","Josh Hill","NO",25,105,"56.8",0,0,0,0,0,0,0,32,338,4
"BENJAMINCUNNINGHAM","RB","espn","STL","Benjamin Cunningham","STL",26,106,"55.5",0,0,0,0,29,124,1,37,301,1
"DAVIDCOBB","RB","espn","TEN","David Cobb","TEN",27,107,"55.1",0,0,0,0,85,356,3,6,47,0
"JERICKMCKINNON","RB","espn","MIN","Jerick McKinnon","MIN",28,108,"55.1",0,0,0,0,58,267,1,23,179,1
"DEANGELOWILLIAMS","RB","espn","PIT","DeAngelo Williams","PIT",29,109,"53.1",0,0,0,0,92,421,1,9,70,0
"JAMESSTARKS","RB","espn","GB","James Starks","GB",30,110,"53.1",0,0,0,0,67,293,1,15,120,1
"MARQISELEE","WR","espn","JAC","Marqise Lee","JAC",35,111,"53",0,0,0,0,0,0,0,35,414,2
"TEDGINN","WR","espn","CAR","Ted Ginn Jr.","CAR",36,112,"52.5",0,0,0,0,5,30,0,24,340,2
"MYCHALRIVERA","TE","espn","OAK","Mychal Rivera","OAK",26,113,"52.2",0,0,0,0,0,0,0,36,410,2
"RODSTREATER","WR","espn","OAK","Rod Streater","OAK",37,114,"52",0,0,0,0,0,0,0,30,406,2
"HARRYDOUGLAS","WR","espn","TEN","Harry Douglas","TEN",38,115,"52",0,0,0,0,0,0,0,33,402,2
"TAYLORGABRIEL","WR","espn","CLE","Taylor Gabriel","CLE",39,116,"51",0,0,0,0,2,15,0,28,389,2
"MIKETOLBERT","RB","espn","CAR","Mike Tolbert","CAR",31,117,"50.2",0,0,0,0,44,169,2,23,164,1
"CHRISCONLEY","WR","espn","KC","Chris Conley","KC",40,118,"50",0,0,0,0,0,0,0,32,385,2
"KENDALLHUNTER","RB","espn","SF","Kendall Hunter","SF",32,119,"5",0,0,0,0,13,49,0,2,15,0
"JARIUSWRIGHT","WR","espn","MIN","Jarius Wright","MIN",41,120,"49.7",0,0,0,0,4,25,0,27,358,2
"MOHAMEDSANU","WR","espn","CIN","Mohamed Sanu","CIN",42,121,"48",0,0,0,0,9,62,0,28,308,2
"DAMIENWILLIAMS","RB","espn","MIA","Damien Williams","MIA",33,122,"47.1",0,0,0,0,66,257,2,13,103,0
"JAELENSTRONG","WR","espn","HOU","Jaelen Strong","HOU",43,123,"47",0,0,0,0,0,0,0,27,356,2
"OAKLANDRAIDERS","DST","espn","OAK","Oakland Raiders","OAK",13,124,"47",0,0,0,0,0,0,0,0,0,0
"DEANTHONYTHOMAS","RB","espn","KC","De'Anthony Thomas","KC",34,125,"46.4",0,0,0,0,15,92,0,28,213,2
"DEANTHONYTHOMAS","WR","espn","KC","De'Anthony Thomas","KC",44,126,"46.4",0,0,0,0,15,92,0,28,213,2
"DANNYAMENDOLA","WR","espn","NE","Danny Amendola","NE",45,127,"46",0,0,0,0,0,0,0,34,341,2
"ALBERTWILSON","WR","espn","KC","Albert Wilson","KC",46,128,"44",0,0,0,0,0,0,0,28,323,2
"BRENTCELEK","TE","espn","PHI","Brent Celek","PHI",27,129,"43.8",0,0,0,0,0,0,0,24,268,3
"RILEYCOOPER","WR","espn","PHI","Riley Cooper","PHI",47,130,"43",0,0,0,0,0,0,0,22,318,2
"ANDREHOLMES","WR","espn","OAK","Andre Holmes","OAK",48,131,"43",0,0,0,0,0,0,0,22,318,2
"KARLOSWILLIAMS","RB","espn","BUF","Karlos Williams","BUF",35,132,"42.1",0,0,0,0,64,254,2,10,77,0
"JEFFJANIS","WR","espn","GB","Jeff Janis","GB",49,133,"42",0,0,0,0,0,0,0,19,304,2
"KEVINWHITE","WR","espn","CHI","Kevin White","CHI",50,134,"42",0,0,0,0,0,0,0,22,308,2
"CLIVEWALFORD","TE","espn","OAK","Clive Walford","OAK",28,135,"41.7",0,0,0,0,0,0,0,26,300,2
"ROBHOUSLER","TE","espn","CLE","Rob Housler","CLE",29,136,"41.6",0,0,0,0,0,0,0,26,305,2
"CAMERONARTISPAYNE","RB","espn","CAR","Cameron Artis-Payne","CAR",36,137,"41.1",0,0,0,0,67,278,2,6,47,0
"LOUISMURPHY","WR","espn","TB","Louis Murphy","TB",51,138,"41",0,0,0,0,0,0,0,20,294,2
"KHIRYROBINSON","RB","espn","NO","Khiry Robinson","NO",37,139,"40.1",0,0,0,0,50,216,2,9,76,0
"ROBERTTURBIN","RB","espn","SEA","Robert Turbin","SEA",38,140,"40.1",0,0,0,0,66,264,1,10,83,0
"BLAINEGABBERT","QB","espn","SF","Blaine Gabbert","SF",10,141,"4",15,112,0,0,3,8,0,0,0,0
"TRAVARISCADET","RB","espn","NE","Travaris Cadet","NE",39,142,"4",0,0,0,0,5,20,0,3,20,0
"BRYCEBROWN","RB","espn","BUF","Bryce Brown","BUF",40,143,"4",0,0,0,0,10,37,0,2,13,0
"MIKEDAVIS","RB","espn","SF","Mike Davis","SF",41,144,"4",0,0,0,0,9,33,0,2,15,0
"KADEEMCAREY","RB","espn","CHI","Ka'Deem Carey","CHI",42,145,"4",0,0,0,0,9,37,0,2,18,0
"JOSHHARRIS","RB","espn","PIT","Josh Harris","PIT",43,146,"4",0,0,0,0,13,48,0,1,4,0
"RYANGRANT","WR","espn","WAS","Ryan Grant","WAS",52,147,"4",0,0,0,0,0,0,0,3,43,0
"AARONDOBSON","WR","espn","NE","Aaron Dobson","NE",53,148,"4",0,0,0,0,0,0,0,3,44,0
"MATTSPAETH","TE","espn","PIT","Matt Spaeth","PIT",30,149,"4",0,0,0,0,0,0,0,4,45,0
"CROCKETTGILLMORE","TE","espn","BAL","Crockett Gillmore","BAL",31,150,"39.8",0,0,0,0,0,0,0,25,281,2
"GARRETTGRAHAM","TE","espn","HOU","Garrett Graham","HOU",32,151,"39.7",0,0,0,0,0,0,0,26,287,2
"LANCEKENDRICKS","TE","espn","STL","Lance Kendricks","STL",33,152,"38.8",0,0,0,0,0,0,0,25,270,2
"MARQUESSWILSON","WR","espn","CHI","Marquess Wilson","CHI",54,153,"38",0,0,0,0,0,0,0,21,262,2
"GAVINESCOBAR","TE","espn","DAL","Gavin Escobar","DAL",34,154,"37.9",0,0,0,0,0,0,0,17,206,3
"DENNISPITTA","TE","espn","BAL","Dennis Pitta","BAL",35,155,"37.9",0,0,0,0,0,0,0,23,264,2
"THEORIDDICK","RB","espn","DET","Theo Riddick","DET",44,156,"36.1",0,0,0,0,17,65,0,29,248,1
"TOBYGERHART","RB","espn","JAC","Toby Gerhart","JAC",45,157,"36.1",0,0,0,0,27,112,1,17,131,1
"MARLONBROWN","WR","espn","BAL","Marlon Brown","BAL",55,158,"36",0,0,0,0,0,0,0,19,241,2
"MARCEDESLEWIS","TE","espn","JAC","Marcedes Lewis","JAC",36,159,"35.8",0,0,0,0,0,0,0,22,249,2
"CHRISJOHNSON","RB","espn","ARZ","Chris Johnson","ARZ",46,160,"35.1",0,0,0,0,55,236,1,9,69,0
"QUINTONPATTON","WR","espn","SF","Quinton Patton","SF",56,161,"35",0,0,0,0,2,14,0,21,284,1
"BRANDENOLIVER","RB","espn","SD","Branden Oliver","SD",47,162,"34.6",0,0,0,0,53,217,1,8,70,0
"CORDARRELLEPATTERSON","WR","espn","MIN","Cordarrelle Patterson","MIN",57,163,"34.2",0,0,0,0,8,53,0,17,208,1
"MONTEEBALL","RB","espn","DEN","Montee Ball","DEN",48,164,"34.1",0,0,0,0,46,191,2,5,38,0
"STEDMANBAILEY","WR","espn","STL","Stedman Bailey","STL",58,165,"34",0,0,0,0,0,0,0,22,282,1
"DIONSIMS","TE","espn","MIA","Dion Sims","MIA",37,166,"33.8",0,0,0,0,0,0,0,20,223,2
"DARRENFELLS","TE","espn","ARZ","Darren Fells","ARZ",38,167,"33.8",0,0,0,0,0,0,0,19,222,2
"JACQUIZZRODGERS","RB","espn","CHI","Jacquizz Rodgers","CHI",49,168,"33.4",0,0,0,0,41,165,1,14,113,0
"JONATHANGRIMES","RB","espn","HOU","Jonathan Grimes","HOU",50,169,"33.1",0,0,0,0,50,195,1,10,80,0
"ANDREWLUCK","QB","espn","IND","Andrew Luck","IND",11,170,"324.3",622,4504,37,17,56,265,2,0,0,0
"JERMAINEGRESHAM","TE","espn","ARZ","Jermaine Gresham","ARZ",39,171,"32.5",0,0,0,0,0,0,0,21,214,2
"JAVORIUSALLEN","RB","espn","BAL","Javorius Allen","BAL",51,172,"32.1",0,0,0,0,37,161,1,13,101,0
"CHRISMATTHEWS","WR","espn","SEA","Chris Matthews","SEA",59,173,"32",0,0,0,0,0,0,0,14,203,2
"AARONRODGERS","QB","espn","GB","Aaron Rodgers","GB",12,174,"317",541,4308,33,8,50,255,2,0,0,0
"MATTASIATA","RB","espn","MIN","Matt Asiata","MIN",52,175,"31.1",0,0,0,0,20,80,1,15,112,1
"DREWBREES","QB","espn","NO","Drew Brees","NO",13,176,"301.9",618,4911,32,13,26,42,1,0,0,0
"ANDREWQUARLESS","TE","espn","GB","Andrew Quarless","GB",40,177,"30.9",0,0,0,0,0,0,0,17,190,2
"VIRGILGREEN","TE","espn","DEN","Virgil Green","DEN",41,178,"30.8",0,0,0,0,0,0,0,21,194,2
"JEREMYLANGFORD","RB","espn","CHI","Jeremy Langford","CHI",53,179,"30.1",0,0,0,0,59,237,1,2,17,0
"EDWINBAKER","RB","espn","NO","Edwin Baker","NO",54,180,"3",0,0,0,0,4,16,0,2,20,0
"JAMESJONES","WR","espn","NYG","James Jones","NYG",60,181,"3",0,0,0,0,0,0,0,2,30,0
"RUSSELLWILSON","QB","espn","SEA","Russell Wilson","SEA",14,182,"299.8",456,3469,27,9,101,623,3,0,0,0
"PEYTONMANNING","QB","espn","DEN","Peyton Manning","DEN",15,183,"298",609,4650,34,14,24,-6,1,0,0,0
"TOMBRADY","QB","espn","NE","Tom Brady","NE",16,184,"293.9",612,4416,32,11,35,43,2,0,0,0
"MATTRYAN","QB","espn","ATL","Matt Ryan","ATL",17,185,"281.6",598,4612,28,12,28,88,1,0,0,0
"DRIARCHER","RB","espn","PIT","Dri Archer","PIT",55,186,"28.4",0,0,0,0,16,61,0,20,164,1
"JUSTINHARDY","WR","espn","ATL","Justin Hardy","ATL",61,187,"28",0,0,0,0,0,0,0,18,221,1
"TONYROMO","QB","espn","DAL","Tony Romo","DAL",18,188,"279",497,4111,33,11,27,71,1,0,0,0
"BENROETHLISBERGER","QB","espn","PIT","Ben Roethlisberger","PIT",19,189,"278.8",589,4546,29,13,34,102,1,0,0,0
"RYANTANNEHILL","QB","espn","MIA","Ryan Tannehill","MIA",20,190,"276.7",571,4265,26,13,52,257,2,0,0,0
"CAMNEWTON","QB","espn","CAR","Cam Newton","CAR",21,191,"272.6",495,3525,22,14,104,560,4,0,0,0
"JOSHROBINSON","RB","espn","IND","Josh Robinson","IND",56,192,"27.1",0,0,0,0,36,149,1,9,77,0
"ELIMANNING","QB","espn","NYG","Eli Manning","NYG",22,193,"269.9",628,4788,30,17,17,30,0,0,0,0
"PHILIPRIVERS","QB","espn","SD","Philip Rivers","SD",23,194,"266.8",563,4462,29,16,32,72,1,0,0,0
"MATTHEWSTAFFORD","QB","espn","DET","Matthew Stafford","DET",24,195,"265.7",616,4442,27,14,37,117,1,0,0,0
"STEVANRIDLEY","RB","espn","NYJ","Stevan Ridley","NYJ",57,196,"26.1",0,0,0,0,46,190,1,1,10,0
"COLINKAEPERNICK","QB","espn","SF","Colin Kaepernick","SF",25,197,"256.2",464,3543,16,9,97,604,3,0,0,0
"SAMBRADFORD","QB","espn","PHI","Sam Bradford","PHI",26,198,"254.7",547,3817,28,12,41,117,2,0,0,0
"BOBBYRAINEY","RB","espn","TB","Bobby Rainey","TB",58,199,"25.4",0,0,0,0,33,131,1,8,69,0
"KENNYBELL","WR","espn","TB","Kenny Bell","TB",62,200,"25",0,0,0,0,0,0,0,15,192,1
"CARSONPALMER","QB","espn","ARZ","Carson Palmer","ARZ",27,201,"248.5",567,4251,26,16,23,38,1,0,0,0
"JAYCUTLER","QB","espn","CHI","Jay Cutler","CHI",28,202,"241.6",560,4076,25,18,44,197,1,0,0,0
"TEDDYBRIDGEWATER","QB","espn","MIN","Teddy Bridgewater","MIN",29,203,"241.4",504,3658,21,13,55,301,2,0,0,0
"JEREMYKERLEY","WR","espn","NYJ","Jeremy Kerley","NYJ",63,204,"24.5",0,0,0,0,2,16,0,14,159,1
"JOSHHUFF","WR","espn","PHI","Josh Huff","PHI",64,205,"24.2",0,0,0,0,0,0,0,13,153,1
"ALEXSMITH","QB","espn","KC","Alex Smith","KC",30,206,"238.3",526,3523,21,9,54,278,2,0,0,0
"JOEFLACCO","QB","espn","BAL","Joe Flacco","BAL",31,207,"237.5",537,3903,25,13,40,85,1,0,0,0
"MARCUSMARIOTA","QB","espn","TEN","Marcus Mariota","TEN",32,208,"234.3",473,3280,18,14,80,483,3,0,0,0
"EDDIELACY","RB","espn","GB","Eddie Lacy","GB",59,209,"232.7",0,0,0,0,301,1332,10,45,318,2
"ANDYDALTON","QB","espn","CIN","Andy Dalton","CIN",33,210,"231.4",540,3791,23,19,53,171,2,0,0,0
"BRANDONBOLDEN","RB","espn","NE","Brandon Bolden","NE",60,211,"23.1",0,0,0,0,28,120,1,6,50,0
"MARCELREECE","RB","espn","OAK","Marcel Reece","OAK",61,212,"23.1",0,0,0,0,11,36,0,15,148,1
"SAMMIECOATES","WR","espn","PIT","Sammie Coates","PIT",65,213,"23",0,0,0,0,0,0,0,12,175,1
"JAMEISWINSTON","QB","espn","TB","Jameis Winston","TB",34,214,"227.4",556,4165,21,19,49,185,1,0,0,0
"ADRIANPETERSON","RB","espn","MIN","Adrian Peterson","MIN",62,215,"222.6",0,0,0,0,264,1231,9,46,391,2
"DEREKCARR","QB","espn","OAK","Derek Carr","OAK",35,216,"220.3",590,4135,19,14,33,109,1,0,0,0
"CHRISTINEMICHAEL","RB","espn","SEA","Christine Michael","SEA",63,217,"22",0,0,0,0,35,152,1,2,14,0
"JUSTINHUNTER","WR","espn","TEN","Justin Hunter","TEN",66,218,"22",0,0,0,0,0,0,0,11,167,1
"JAMAALCHARLES","RB","espn","KC","Jamaal Charles","KC",64,219,"218.7",0,0,0,0,243,1118,8,55,473,3
"CJANDERSON","RB","espn","DEN","C.J. Anderson","DEN",65,220,"218.6",0,0,0,0,277,1202,9,47,403,1
"MARSHAWNLYNCH","RB","espn","SEA","Marshawn Lynch","SEA",66,221,"216.6",0,0,0,0,281,1291,9,33,259,2
"BLAKEBORTLES","QB","espn","JAC","Blake Bortles","JAC",36,222,"215.2",506,3536,18,15,59,350,1,0,0,0
"NICKFOLES","QB","espn","STL","Nick Foles","STL",37,223,"212.2",528,3669,19,12,35,159,1,0,0,0
"LEVEONBELL","RB","espn","PIT","Le'Veon Bell","PIT",67,224,"211.5",0,0,0,0,254,1090,6,62,503,3
"DANIELFELLS","TE","espn","NYG","Daniel Fells","NYG",42,225,"21.7",0,0,0,0,0,0,0,15,168,1
"EJMANUEL","QB","espn","BUF","EJ Manuel","BUF",38,226,"21.1",58,385,2,2,7,22,0,0,0,0
"ZACSTACY","RB","espn","NYJ","Zac Stacy","NYJ",68,227,"21",0,0,0,0,33,130,1,3,22,0
"ANTONIOBROWN","WR","espn","PIT","Antonio Brown","PIT",67,228,"209.1",0,0,0,0,5,30,0,115,1513,9
"LESEANMCCOY","RB","espn","BUF","LeSean McCoy","BUF",69,229,"205.5",0,0,0,0,304,1363,7,36,255,1
"DEMARCOMURRAY","RB","espn","PHI","DeMarco Murray","PHI",70,230,"203.6",0,0,0,0,251,1157,11,26,200,1
"JEREMYHILL","RB","espn","CIN","Jeremy Hill","CIN",71,231,"201.6",0,0,0,0,274,1259,10,22,169,1
"MATTFORTE","RB","espn","CHI","Matt Forte","CHI",72,232,"200.4",0,0,0,0,240,1018,5,65,595,2
"SCOTTCHANDLER","TE","espn","NE","Scott Chandler","NE",43,233,"20.9",0,0,0,0,0,0,0,13,153,1
"CJFIEDOROWICZ","TE","espn","HOU","C.J. Fiedorowicz","HOU",44,234,"20.9",0,0,0,0,0,0,0,13,152,1
"KERWYNNWILLIAMS","RB","espn","ARZ","Kerwynn Williams","ARZ",73,235,"2.6",0,0,0,0,4,15,0,2,18,0
"DONALDBROWN","RB","espn","SD","Donald Brown","SD",74,236,"2",0,0,0,0,4,15,0,2,18,0
"VICKBALLARD","RB","espn","IND","Vick Ballard","IND",75,237,"2",0,0,0,0,4,15,0,2,19,0
"DURONCARTER","WR","espn","IND","Duron Carter","IND",68,238,"2",0,0,0,0,0,0,0,2,23,0
"DEMARYIUSTHOMAS","WR","espn","DEN","Demaryius Thomas","DEN",69,239,"196",0,0,0,0,0,0,0,102,1302,11
"DEZBRYANT","WR","espn","DAL","Dez Bryant","DAL",70,240,"194",0,0,0,0,0,0,0,90,1367,10
"LAMARMILLER","RB","espn","MIA","Lamar Miller","MIA",76,241,"192.5",0,0,0,0,257,1155,7,40,311,1
"GARYBARNIDGE","TE","espn","CLE","Gary Barnidge","CLE",45,242,"19.9",0,0,0,0,0,0,0,12,147,1
"ANTONESMITH","RB","espn","ATL","Antone Smith","ATL",77,243,"19",0,0,0,0,22,103,1,4,38,0
"ODELLBECKHAM","WR","espn","NYG","Odell Beckham Jr.","NYG",71,244,"189",0,0,0,0,8,55,0,103,1381,8
"CALVINJOHNSON","WR","espn","DET","Calvin Johnson","DET",72,245,"188",0,0,0,0,0,0,0,87,1283,10
"JULIOJONES","WR","espn","ATL","Julio Jones","ATL",73,246,"187.1",0,0,0,0,2,13,0,105,1403,8
"SEATTLESEAHAWKS","DST","espn","SEA","Seattle Seahawks","SEA",14,247,"187",0,0,0,0,0,0,0,0,0,0
"CARLOSHYDE","RB","espn","SF","Carlos Hyde","SF",78,248,"186.5",0,0,0,0,266,1105,9,23,182,1
"JUSTINFORSETT","RB","espn","BAL","Justin Forsett","BAL",79,249,"182.4",0,0,0,0,222,1020,5,52,401,2
"TYRODTAYLOR","QB","espn","BUF","Tyrod Taylor","BUF",39,250,"182.1",412,2686,16,15,69,347,2,0,0,0
"AJGREEN","WR","espn","CIN","A.J. Green","CIN",74,251,"182.1",0,0,0,0,5,30,0,90,1274,9
"BOOBIEDIXON","RB","espn","BUF","Boobie Dixon","BUF",80,252,"18.1",0,0,0,0,28,106,1,3,27,0
"LUKEWILLSON","TE","espn","SEA","Luke Willson","SEA",46,253,"18",0,0,0,0,0,0,0,11,122,1
"MARKINGRAM","RB","espn","NO","Mark Ingram","NO",81,254,"179.6",0,0,0,0,227,936,10,29,221,1
"RANDALLCOBB","WR","espn","GB","Randall Cobb","GB",75,255,"178",0,0,0,0,14,106,0,89,1208,8
"ALSHONJEFFERY","WR","espn","CHI","Alshon Jeffery","CHI",76,256,"173",0,0,0,0,8,51,0,88,1222,8
"FRANKGORE","RB","espn","IND","Frank Gore","IND",82,257,"172.5",0,0,0,0,240,986,6,35,281,2
"ARIANFOSTER","RB","espn","HOU","Arian Foster","HOU",83,258,"172.4",0,0,0,0,218,994,5,42,332,2
"TODDGURLEY","RB","espn","STL","Todd Gurley","STL",84,259,"170.4",0,0,0,0,238,1088,7,23,184,1
"JOSEPHFAURIA","TE","espn","DET","Joseph Fauria","DET",47,260,"17.9",0,0,0,0,0,0,0,11,124,1
"ALFREDMORRIS","RB","espn","WAS","Alfred Morris","WAS",85,261,"168.5",0,0,0,0,250,1064,7,22,168,1
"ROBGRONKOWSKI","TE","espn","NE","Rob Gronkowski","NE",48,262,"168",0,0,0,0,0,0,0,88,1089,10
"TYHILTON","WR","espn","IND","T.Y. Hilton","IND",77,263,"167.2",0,0,0,0,4,26,0,86,1195,8
"LATAVIUSMURRAY","RB","espn","OAK","Latavius Murray","OAK",86,264,"164.8",0,0,0,0,235,1025,6,30,228,1
"JONATHANSTEWART","RB","espn","CAR","Jonathan Stewart","CAR",87,265,"164.4",0,0,0,0,247,1133,5,28,194,1
"MELVINGORDON","RB","espn","SD","Melvin Gordon","SD",88,266,"163.3",0,0,0,0,260,1148,5,22,171,1
"JOSHMCCOWN","QB","espn","CLE","Josh McCown","CLE",40,267,"162.1",459,2998,13,14,42,204,2,0,0,0
"MIKEEVANS","WR","espn","TB","Mike Evans","TB",78,268,"160",0,0,0,0,0,0,0,81,1207,7
"JAMESCASEY","TE","espn","DEN","James Casey","DEN",49,269,"16.9",0,0,0,0,0,0,0,14,119,1
"RYANGRIFFIN","TE","espn","HOU","Ryan Griffin","HOU",50,270,"16.9",0,0,0,0,0,0,0,10,110,1
"TRAVISBENJAMIN","WR","espn","CLE","Travis Benjamin","CLE",79,271,"16.8",0,0,0,0,5,30,0,7,99,0
"BRANDINCOOKS","WR","espn","NO","Brandin Cooks","NO",80,272,"158.8",0,0,0,0,12,82,0,83,1146,6
"EMMANUELSANDERS","WR","espn","DEN","Emmanuel Sanders","DEN",81,273,"155",0,0,0,0,9,60,0,78,1090,7
"TJYELDON","RB","espn","JAC","T.J. Yeldon","JAC",89,274,"153.4",0,0,0,0,219,932,6,28,224,1
"TONYMOEAKI","TE","espn","ATL","Tony Moeaki","ATL",51,275,"15",0,0,0,0,0,0,0,8,92,1
"JOIQUEBELL","RB","espn","DET","Joique Bell","DET",90,276,"149.5",0,0,0,0,211,807,7,32,250,1
"CHRISIVORY","RB","espn","NYJ","Chris Ivory","NYJ",91,277,"148.4",0,0,0,0,221,966,5,26,186,1
"JORDANMATTHEWS","WR","espn","PHI","Jordan Matthews","PHI",82,278,"147",0,0,0,0,0,0,0,80,990,8
"JULIANEDELMAN","WR","espn","NE","Julian Edelman","NE",83,279,"146.4",0,0,0,0,9,59,0,98,1000,7
"RYANFITZPATRICK","QB","espn","NYJ","Ryan Fitzpatrick","NYJ",41,280,"145.9",337,2409,14,11,38,159,1,0,0,0
"DEANDREHOPKINS","WR","espn","HOU","DeAndre Hopkins","HOU",84,281,"145.1",0,0,0,0,0,0,0,83,1175,5
"ANDREELLINGTON","RB","espn","ARZ","Andre Ellington","ARZ",92,282,"144.3",0,0,0,0,172,676,4,48,438,2
"STEVENHAUSCHKA","K","espn","SEA","Steven Hauschka","SEA",1,283,"143",0,0,0,0,0,0,0,0,0,0
"GIOVANIBERNARD","RB","espn","CIN","Giovani Bernard","CIN",93,284,"142.3",0,0,0,0,137,560,5,59,464,2
"CJSPILLER","RB","espn","NO","C.J. Spiller","NO",94,285,"141.9",0,0,0,0,99,454,3,67,560,3
"DESEANJACKSON","WR","espn","WAS","DeSean Jackson","WAS",85,286,"141",0,0,0,0,4,26,0,72,1098,5
"STEPHENGOSTKOWSKI","K","espn","NE","Stephen Gostkowski","NE",2,287,"141",0,0,0,0,0,0,0,0,0,0
"BRANDONMARSHALL","WR","espn","NYJ","Brandon Marshall","NYJ",86,288,"140",0,0,0,0,0,0,0,80,1002,7
"MILESAUSTIN","WR","espn","PHI","Miles Austin","PHI",87,289,"14",0,0,0,0,0,0,0,6,81,1
"LEGARRETTEBLOUNT","RB","espn","NE","LeGarrette Blount","NE",95,290,"139.5",0,0,0,0,193,872,8,8,65,0
"KEENANALLEN","WR","espn","SD","Keenan Allen","SD",88,291,"139.5",0,0,0,0,0,0,0,78,1054,6
"ADAMVINATIERI","K","espn","IND","Adam Vinatieri","IND",3,292,"139",0,0,0,0,0,0,0,0,0,0
"TEVINCOLEMAN","RB","espn","ATL","Tevin Coleman","ATL",96,293,"138.4",0,0,0,0,178,742,7,23,183,1
"JUSTINTUCKER","K","espn","BAL","Justin Tucker","BAL",4,294,"138",0,0,0,0,0,0,0,0,0,0
"JOSEPHRANDLE","RB","espn","DAL","Joseph Randle","DAL",97,295,"137.5",0,0,0,0,210,929,6,12,96,1
"GOLDENTATE","WR","espn","DET","Golden Tate","DET",89,296,"137.1",0,0,0,0,4,26,0,85,1065,5
"MATTBRYANT","K","espn","ATL","Matt Bryant","ATL",5,297,"137",0,0,0,0,0,0,0,0,0,0
"BUFFALOBILLS","DST","espn","BUF","Buffalo Bills","BUF",15,298,"137",0,0,0,0,0,0,0,0,0,0
"DEVONTAFREEMAN","RB","espn","ATL","Devonta Freeman","ATL",98,299,"136.4",0,0,0,0,162,641,5,41,389,1
"MATTPRATER","K","espn","DET","Matt Prater","DET",6,300,"136",0,0,0,0,0,0,0,0,0,0
"DANBAILEY","K","espn","DAL","Dan Bailey","DAL",7,301,"136",0,0,0,0,0,0,0,0,0,0
"ANDREJOHNSON","WR","espn","IND","Andre Johnson","IND",90,302,"135.1",0,0,0,0,0,0,0,71,895,8
"KIRKCOUSINS","QB","espn","WAS","Kirk Cousins","WAS",42,303,"134.8",371,2640,13,12,13,51,0,0,0,0
"CODYPARKEY","K","espn","PHI","Cody Parkey","PHI",8,304,"134",0,0,0,0,0,0,0,0,0,0
"DANCARPENTER","K","espn","BUF","Dan Carpenter","BUF",9,305,"134",0,0,0,0,0,0,0,0,0,0
"MASONCROSBY","K","espn","GB","Mason Crosby","GB",10,306,"134",0,0,0,0,0,0,0,0,0,0
"CALEBSTURGIS","K","espn","MIA","Caleb Sturgis","MIA",11,307,"134",0,0,0,0,0,0,0,0,0,0
"SAMMYWATKINS","WR","espn","BUF","Sammy Watkins","BUF",91,308,"133",0,0,0,0,5,31,0,72,969,6
"ALLENROBINSON","WR","espn","JAC","Allen Robinson","JAC",92,309,"133",0,0,0,0,0,0,0,79,1039,5
"BLAIRWALSH","K","espn","MIN","Blair Walsh","MIN",12,310,"133",0,0,0,0,0,0,0,0,0,0
"AMARICOOPER","WR","espn","OAK","Amari Cooper","OAK",93,311,"132",0,0,0,0,4,25,0,77,1027,5
"HOUSTONTEXANS","DST","espn","HOU","Houston Texans","HOU",16,312,"132",0,0,0,0,0,0,0,0,0,0
"BRIANHOYER","QB","espn","HOU","Brian Hoyer","HOU",43,313,"131.7",339,2464,12,10,23,34,1,0,0,0
"JIMMYGRAHAM","TE","espn","SEA","Jimmy Graham","SEA",52,314,"130.1",0,0,0,0,0,0,0,65,774,9
"VINCENTJACKSON","WR","espn","TB","Vincent Jackson","TB",94,315,"130",0,0,0,0,0,0,0,65,1001,5
"BRANDONMCMANUS","K","espn","DEN","Brandon McManus","DEN",13,316,"130",0,0,0,0,0,0,0,0,0,0
"SHAUNSUISHAM","K","espn","PIT","Shaun Suisham","PIT",14,317,"130",0,0,0,0,0,0,0,0,0,0
"TYLERKROFT","TE","espn","CIN","Tyler Kroft","CIN",53,318,"13.9",0,0,0,0,0,0,0,7,80,1
"TROYNIKLAS","TE","espn","ARZ","Troy Niklas","ARZ",54,319,"13.9",0,0,0,0,0,0,0,8,87,1
"DANTEROSARIO","TE","espn","CHI","Dante Rosario","CHI",55,320,"13.9",0,0,0,0,0,0,0,8,87,1
"COLTMCCOY","QB","espn","WAS","Colt McCoy","WAS",44,321,"13.1",34,256,1,1,4,12,0,0,0,0
"JUWANTHOMPSON","RB","espn","DEN","Juwan Thompson","DEN",99,322,"13",0,0,0,0,16,69,1,2,18,0
"ANTHONYFASANO","TE","espn","TEN","Anthony Fasano","TEN",56,323,"13",0,0,0,0,0,0,0,7,77,1
"JARVISLANDRY","WR","espn","MIA","Jarvis Landry","MIA",95,324,"129.6",0,0,0,0,4,26,0,91,962,5
"JEREMYMACLIN","WR","espn","KC","Jeremy Maclin","KC",96,325,"129.4",0,0,0,0,0,0,0,77,997,5
"NICKNOVAK","K","espn","SD","Nick Novak","SD",15,326,"129",0,0,0,0,0,0,0,0,0,0
"GREGZUERLEIN","K","espn","STL","Greg Zuerlein","STL",16,327,"129",0,0,0,0,0,0,0,0,0,0
"ISAIAHCROWELL","RB","espn","CLE","Isaiah Crowell","CLE",100,328,"128.4",0,0,0,0,219,945,5,11,85,0
"GARRETTHARTLEY","K","espn","PIT","Garrett Hartley","PIT",17,329,"128",0,0,0,0,0,0,0,0,0,0
"DAVANTEADAMS","WR","espn","GB","Davante Adams","GB",97,330,"127",0,0,0,0,0,0,0,63,916,6
"PHILDAWSON","K","espn","SF","Phil Dawson","SF",18,331,"127",0,0,0,0,0,0,0,0,0,0
"NICKFOLK","K","espn","NYJ","Nick Folk","NYJ",19,332,"127",0,0,0,0,0,0,0,0,0,0
"SHAYNEGRAHAM","K","espn","FA","Shayne Graham","FA",20,333,"127",0,0,0,0,0,0,0,0,0,0
"RASHADJENNINGS","RB","espn","NYG","Rashad Jennings","NYG",101,334,"126.3",0,0,0,0,181,726,6,18,142,1
"CHANDLERCATANZARO","K","espn","ARZ","Chandler Catanzaro","ARZ",21,335,"126",0,0,0,0,0,0,0,0,0,0
"NEWENGLANDPATRIOTS","DST","espn","NE","New England Patriots","NE",17,336,"126",0,0,0,0,0,0,0,0,0,0
"JOSHBROWN","K","espn","NYG","Josh Brown","NYG",22,337,"125",0,0,0,0,0,0,0,0,0,0
"AMEERABDULLAH","RB","espn","DET","Ameer Abdullah","DET",102,338,"124.3",0,0,0,0,125,560,3,49,402,2
"STLOUISRAMS","DST","espn","STL","St. Louis Rams","STL",18,339,"124",0,0,0,0,0,0,0,0,0,0
"JOSHSCOBEE","K","espn","PIT","Josh Scobee","PIT",23,340,"123",0,0,0,0,0,0,0,0,0,0
"ROBBIEGOULD","K","espn","CHI","Robbie Gould","CHI",24,341,"123",0,0,0,0,0,0,0,0,0,0
"DUSTINHOPKINS","K","espn","NO","Dustin Hopkins","NO",25,342,"123",0,0,0,0,0,0,0,0,0,0
"JAYFEELY","K","espn","FA","Jay Feely","FA",26,343,"123",0,0,0,0,0,0,0,0,0,0
"NELSONAGHOLOR","WR","espn","PHI","Nelson Agholor","PHI",98,344,"122.2",0,0,0,0,0,0,0,64,860,6
"CAIROSANTOS","K","espn","KC","Cairo Santos","KC",27,345,"122",0,0,0,0,0,0,0,0,0,0
"GRAHAMGANO","K","espn","CAR","Graham Gano","CAR",28,346,"122",0,0,0,0,0,0,0,0,0,0
"RUEBENRANDLE","WR","espn","NYG","Rueben Randle","NYG",99,347,"121.8",0,0,0,0,0,0,0,63,915,5
"MIKENUGENT","K","espn","CIN","Mike Nugent","CIN",29,348,"120",0,0,0,0,0,0,0,0,0,0
"RANDYBULLOCK","K","espn","HOU","Randy Bullock","HOU",30,349,"120",0,0,0,0,0,0,0,0,0,0
"SEBASTIANJANIKOWSKI","K","espn","OAK","Sebastian Janikowski","OAK",31,350,"120",0,0,0,0,0,0,0,0,0,0
"DOUGMARTIN","RB","espn","TB","Doug Martin","TB",103,351,"119.2",0,0,0,0,210,822,4,20,158,0
"MICHAELFLOYD","WR","espn","ARZ","Michael Floyd","ARZ",100,352,"119.1",0,0,0,0,0,0,0,61,859,6
"LARRYFITZGERALD","WR","espn","ARZ","Larry Fitzgerald","ARZ",101,353,"119",0,0,0,0,0,0,0,66,830,6
"JOHNBROWN","WR","espn","ARZ","John Brown","ARZ",102,354,"119",0,0,0,0,4,25,0,62,870,5
"CONNORBARTH","K","espn","TB","Connor Barth","TB",32,355,"119",0,0,0,0,0,0,0,0,0,0
"DARRENMCFADDEN","RB","espn","DAL","Darren McFadden","DAL",104,356,"118.4",0,0,0,0,166,649,6,17,149,1
"CHARLESJOHNSON","WR","espn","MIN","Charles Johnson","MIN",103,357,"118",0,0,0,0,0,0,0,60,881,5
"TORREYSMITH","WR","espn","SF","Torrey Smith","SF",104,358,"118",0,0,0,0,0,0,0,57,945,4
"TRAVISKELCE","TE","espn","KC","Travis Kelce","KC",57,359,"117.3",0,0,0,0,0,0,0,77,838,6
"MIKEWALLACE","WR","espn","MIN","Mike Wallace","MIN",105,360,"117",0,0,0,0,0,0,0,59,894,5
"MIAMIDOLPHINS","DST","espn","MIA","Miami Dolphins","MIA",19,361,"117",0,0,0,0,0,0,0,0,0,0
"DEVINFUNCHESS","WR","espn","CAR","Devin Funchess","CAR",106,362,"116",0,0,0,0,0,0,0,63,801,6
"KAIFORBATH","K","espn","WAS","Kai Forbath","WAS",33,363,"116",0,0,0,0,0,0,0,0,0,0
"RYANSUCCOP","K","espn","TEN","Ryan Succop","TEN",34,364,"116",0,0,0,0,0,0,0,0,0,0
"JASONMYERS","K","espn","JAC","Jason Myers","JAC",35,365,"116",0,0,0,0,0,0,0,0,0,0
"GREGOLSEN","TE","espn","CAR","Greg Olsen","CAR",58,366,"115.3",0,0,0,0,0,0,0,71,866,5
"ERICDECKER","WR","espn","NYJ","Eric Decker","NYJ",107,367,"115",0,0,0,0,0,0,0,70,918,4
"BISHOPSANKEY","RB","espn","TEN","Bishop Sankey","TEN",105,368,"114.3",0,0,0,0,178,746,5,19,141,0
"PHILADELPHIAEAGLES","DST","espn","PHI","Philadelphia Eagles","PHI",20,369,"114",0,0,0,0,0,0,0,0,0,0
"DENVERBRONCOS","DST","espn","DEN","Denver Broncos","DEN",21,370,"113",0,0,0,0,0,0,0,0,0,0
"DOUGBALDWIN","WR","espn","SEA","Doug Baldwin","SEA",108,371,"112.7",0,0,0,0,2,14,0,61,814,5
"PIERREGARCON","WR","espn","WAS","Pierre Garcon","WAS",109,372,"112",0,0,0,0,0,0,0,70,888,4
"STEVESMITH","WR","espn","BAL","Steve Smith Sr.","BAL",110,373,"111.1",0,0,0,0,0,0,0,63,837,5
"NEWYORKJETS","DST","espn","NYJ","New York Jets","NYJ",22,374,"111",0,0,0,0,0,0,0,0,0,0
"RYANMATHEWS","RB","espn","PHI","Ryan Mathews","PHI",106,375,"110.4",0,0,0,0,160,724,4,14,112,1
"DUKEJOHNSON","RB","espn","CLE","Duke Johnson","CLE",107,376,"110.3",0,0,0,0,115,521,3,45,366,1
"SHANEVEREEN","RB","espn","NYG","Shane Vereen","NYG",108,377,"110.2",0,0,0,0,90,377,3,47,432,2
"TRAVISCOONS","K","espn","CLE","Travis Coons","CLE",36,378,"110",0,0,0,0,0,0,0,0,0,0
"BRANDONPETTIGREW","TE","espn","DET","Brandon Pettigrew","DET",59,379,"11.9",0,0,0,0,0,0,0,5,60,1
"JOHNNYMANZIEL","QB","espn","CLE","Johnny Manziel","CLE",45,380,"11.1",31,186,1,1,7,20,0,0,0,0
"DREWSTANTON","QB","espn","ARZ","Drew Stanton","ARZ",46,381,"11.1",32,227,1,1,2,5,0,0,0,0
"CHRISTHOMPSON","RB","espn","WAS","Chris Thompson","WAS",109,382,"11",0,0,0,0,11,42,0,9,74,0
"MARQUESCOLSTON","WR","espn","NO","Marques Colston","NO",111,383,"109",0,0,0,0,0,0,0,53,795,5
"BALTIMORERAVENS","DST","espn","BAL","Baltimore Ravens","BAL",23,384,"109",0,0,0,0,0,0,0,0,0,0
"DEVANTEPARKER","WR","espn","MIA","DeVante Parker","MIA",112,385,"108",0,0,0,0,0,0,0,57,787,5
"GREENBAYPACKERS","DST","espn","GB","Green Bay Packers","GB",24,386,"108",0,0,0,0,0,0,0,0,0,0
"RODDYWHITE","WR","espn","ATL","Roddy White","ATL",113,387,"107.1",0,0,0,0,0,0,0,63,793,5
"KENDALLWRIGHT","WR","espn","TEN","Kendall Wright","TEN",114,388,"107",0,0,0,0,4,25,0,76,836,4
"ANQUANBOLDIN","WR","espn","SF","Anquan Boldin","SF",115,389,"107",0,0,0,0,0,0,0,72,890,3
"MARTELLUSBENNETT","TE","espn","CHI","Martellus Bennett","CHI",60,390,"106.9",0,0,0,0,0,0,0,72,777,5
"DANNYWOODHEAD","RB","espn","SD","Danny Woodhead","SD",110,391,"106.2",0,0,0,0,78,337,1,55,516,3
"TERRANCEWILLIAMS","WR","espn","DAL","Terrance Williams","DAL",116,392,"105",0,0,0,0,0,0,0,42,697,6
"TAMPABAYBUCCANEERS","DST","espn","TB","Tampa Bay Buccaneers","TB",25,393,"105",0,0,0,0,0,0,0,0,0,0
"STEVIEJOHNSON","WR","espn","SD","Stevie Johnson","SD",117,394,"104",0,0,0,0,0,0,0,56,749,5
"CAROLINAPANTHERS","DST","espn","CAR","Carolina Panthers","CAR",26,395,"104",0,0,0,0,0,0,0,0,0,0
"JASONWITTEN","TE","espn","DAL","Jason Witten","DAL",61,396,"103",0,0,0,0,0,0,0,58,670,6
"EDDIEROYAL","WR","espn","CHI","Eddie Royal","CHI",118,397,"102.4",0,0,0,0,0,0,0,67,795,4
"CODYLATIMER","WR","espn","DEN","Cody Latimer","DEN",119,398,"102",0,0,0,0,0,0,0,54,721,5
"MALCOMFLOYD","WR","espn","SD","Malcom Floyd","SD",120,399,"102",0,0,0,0,0,0,0,42,729,5
"DETROITLIONS","DST","espn","DET","Detroit Lions","DET",27,400,"102",0,0,0,0,0,0,0,0,0,0
"CINCINNATIBENGALS","DST","espn","CIN","Cincinnati Bengals","CIN",28,401,"102",0,0,0,0,0,0,0,0,0,0
"CAREYSPEAR","K","espn","CLE","Carey Spear","CLE",37,402,"101",0,0,0,0,0,0,0,0,0,0
"ARIZONACARDINALS","DST","espn","ARZ","Arizona Cardinals","ARZ",29,403,"101",0,0,0,0,0,0,0,0,0,0
"INDIANAPOLISCOLTS","DST","espn","IND","Indianapolis Colts","IND",30,404,"101",0,0,0,0,0,0,0,0,0,0
"NEWYORKGIANTS","DST","espn","NYG","New York Giants","NYG",31,405,"101",0,0,0,0,0,0,0,0,0,0
"ZACHERTZ","TE","espn","PHI","Zach Ertz","PHI",62,406,"100.5",0,0,0,0,0,0,0,52,652,6
"SANFRANCISCO49ERS","DST","espn","SF","San Francisco 49ers","SF",32,407,"100",0,0,0,0,0,0,0,0,0,0
"JIMMYCLAUSEN","QB","espn","CHI","Jimmy Clausen","CHI",47,408,"10.1",33,219,1,1,3,9,0,0,0,0
"STORMJOHNSON","RB","espn","JAC","Storm Johnson","JAC",111,409,"1",0,0,0,0,4,14,0,0,0,0
"JORDANTODMAN","RB","espn","CAR","Jordan Todman","CAR",112,410,"1",0,0,0,0,4,17,0,0,0,0
"DARRINREAVES","RB","espn","KC","Darrin Reaves","KC",113,411,"1",0,0,0,0,5,18,0,0,0,0
"MATTCASSEL","QB","espn","BUF","Matt Cassel","BUF",48,412,"0",0,0,0,0,0,0,0,0,0,0
"JIMMYGAROPPOLO","QB","espn","NE","Jimmy Garoppolo","NE",49,413,"0",3,19,0,0,0,0,0,0,0,0
"BROCKOSWEILER","QB","espn","DEN","Brock Osweiler","DEN",50,414,"0",3,20,0,0,2,7,0,0,0,0
"MIKEGLENNON","QB","espn","TB","Mike Glennon","TB",51,415,"0",3,22,0,0,0,0,0,0,0,0
"ZACHMETTENBERGER","QB","espn","TEN","Zach Mettenberger","TEN",52,416,"0",3,19,0,0,0,0,0,0,0,0
"SHAUNHILL","QB","espn","MIN","Shaun Hill","MIN",53,417,"0",3,20,0,0,0,0,0,0,0,0
"MATTHASSELBECK","QB","espn","IND","Matt Hasselbeck","IND",54,418,"0",3,23,0,0,0,0,0,0,0,0
"SCOTTTOLZIEN","QB","espn","GB","Scott Tolzien","GB",55,419,"0",3,20,0,0,0,0,0,0,0,0
"RYANNASSIB","QB","espn","NYG","Ryan Nassib","NYG",56,420,"0",3,20,0,0,0,0,0,0,0,0
"LUKEMCCOWN","QB","espn","NO","Luke McCown","NO",57,421,"0",3,22,0,0,0,1,0,0,0,0
"DANORLOVSKY","QB","espn","DET","Dan Orlovsky","DET",58,422,"0",3,22,0,0,0,0,0,0,0,0
"CHADHENNE","QB","espn","JAC","Chad Henne","JAC",59,423,"0",3,19,0,0,0,0,0,0,0,0
"MATTSCHAUB","QB","espn","BAL","Matt Schaub","BAL",60,424,"0",3,20,0,0,0,0,0,0,0,0
"KELLENCLEMENS","QB","espn","SD","Kellen Clemens","SD",61,425,"0",3,21,0,0,0,0,0,0,0,0
"MATTMOORE","QB","espn","MIA","Matt Moore","MIA",62,426,"0",3,21,0,0,0,0,0,0,0,0
"TARVARISJACKSON","QB","espn","SEA","Tarvaris Jackson","SEA",63,427,"0",2,17,0,0,0,0,0,0,0,0
"REXGROSSMAN","QB","espn","ATL","Rex Grossman","ATL",64,428,"0",0,0,0,0,0,0,0,0,0,0
"TJYATES","QB","espn","ATL","T.J. Yates","ATL",65,429,"0",3,20,0,0,0,0,0,0,0,0
"BRETTHUNDLEY","QB","espn","GB","Brett Hundley","GB",66,430,"0",0,0,0,0,0,0,0,0,0,0
"AJMCCARRON","QB","espn","CIN","AJ McCarron","CIN",67,431,"0",2,16,0,0,0,0,0,0,0,0
"GARRETTGRAYSON","QB","espn","NO","Garrett Grayson","NO",68,432,"0",0,0,0,0,0,0,0,0,0,0
"CHRISTIANPONDER","QB","espn","OAK","Christian Ponder","OAK",69,433,"0",3,19,0,0,0,1,0,0,0,0
"TOMSAVAGE","QB","espn","HOU","Tom Savage","HOU",70,434,"0",0,0,0,0,0,0,0,0,0,0
"MARKBRUNELL","QB","espn","FA","Mark Brunell","FA",71,435,"0",0,0,0,0,0,0,0,0,0,0
"JONKITNA","QB","espn","DAL","Jon Kitna","DAL",72,436,"0",0,0,0,0,0,0,0,0,0,0
"TODDBOUMAN","QB","espn","FA","Todd Bouman","FA",73,437,"0",0,0,0,0,0,0,0,0,0,0
"CHARLIEBATCH","QB","espn","FA","Charlie Batch","FA",74,438,"0",0,0,0,0,0,0,0,0,0,0
"JAKEDELHOMME","QB","espn","FA","Jake Delhomme","FA",75,439,"0",0,0,0,0,0,0,0,0,0,0
"DONOVANMCNABB","QB","espn","FA","Donovan McNabb","FA",76,440,"0",0,0,0,0,0,0,0,0,0,0
"DAUNTECULPEPPER","QB","espn","FA","Daunte Culpepper","FA",77,441,"0",0,0,0,0,0,0,0,0,0,0
"CHRISGREISEN","QB","espn","FA","Chris Greisen","FA",78,442,"0",0,0,0,0,0,0,0,0,0,0
"JEFFGARCIA","QB","espn","FA","Jeff Garcia","FA",79,443,"0",0,0,0,0,0,0,0,0,0,0
"CHRISREDMAN","QB","espn","FA","Chris Redman","FA",80,444,"0",0,0,0,0,0,0,0,0,0,0
"BILLYVOLEK","QB","espn","FA","Billy Volek","FA",81,445,"0",0,0,0,0,0,0,0,0,0,0
"SAGEROSENFELS","QB","espn","FA","Sage Rosenfels","FA",82,446,"0",0,0,0,0,0,0,0,0,0,0
"AJFEELEY","QB","espn","FA","A.J. Feeley","FA",83,447,"0",0,0,0,0,0,0,0,0,0,0
"DAVIDCARR","QB","espn","FA","David Carr","FA",84,448,"0",0,0,0,0,0,0,0,0,0,0
"DAVIDGARRARD","QB","espn","FA","David Garrard","FA",85,449,"0",0,0,0,0,0,0,0,0,0,0
"JTOSULLIVAN","QB","espn","FA","J.T. O'Sullivan","FA",86,450,"0",0,0,0,0,0,0,0,0,0,0
"BYRONLEFTWICH","QB","espn","FA","Byron Leftwich","FA",87,451,"0",0,0,0,0,0,0,0,0,0,0
"KYLEBOLLER","QB","espn","FA","Kyle Boller","FA",88,452,"0",0,0,0,0,0,0,0,0,0,0
"SENECAWALLACE","QB","espn","GB","Seneca Wallace","GB",89,453,"0",0,0,0,0,0,0,0,0,0,0
"BRIANSTPIERRE","QB","espn","FA","Brian St. Pierre","FA",90,454,"0",0,0,0,0,0,0,0,0,0,0
"CLEOLEMON","QB","espn","FA","Cleo Lemon","FA",91,455,"0",0,0,0,0,0,0,0,0,0,0
"JPLOSMAN","QB","espn","FA","J.P. Losman","FA",92,456,"0",0,0,0,0,0,0,0,0,0,0
"JIMSORGI","QB","espn","FA","Jim Sorgi","FA",93,457,"0",0,0,0,0,0,0,0,0,0,0
"JASONCAMPBELL","QB","espn","CIN","Jason Campbell","CIN",94,458,"0",0,0,0,0,0,0,0,0,0,0
"KYLEORTON","QB","espn","BUF","Kyle Orton","BUF",95,459,"0",0,0,0,0,0,0,0,0,0,0
"VINCEYOUNG","QB","espn","GB","Vince Young","GB",96,460,"0",0,0,0,0,0,0,0,0,0,0
"MATTLEINART","QB","espn","FA","Matt Leinart","FA",97,461,"0",0,0,0,0,0,0,0,0,0,0
"CHARLIEWHITEHURST","QB","espn","TEN","Charlie Whitehurst","TEN",98,462,"0",0,0,0,0,0,0,0,0,0,0
"BRODIECROYLE","QB","espn","FA","Brodie Croyle","FA",99,463,"0",0,0,0,0,0,0,0,0,0,0
"BRUCEGRADKOWSKI","QB","espn","PIT","Bruce Gradkowski","PIT",100,464,"0",0,0,0,0,0,0,0,0,0,0
"BRADYQUINN","QB","espn","MIA","Brady Quinn","MIA",101,465,"0",0,0,0,0,0,0,0,0,0,0
"KEVINKOLB","QB","espn","BUF","Kevin Kolb","BUF",102,466,"0",0,0,0,0,0,0,0,0,0,0
"JOHNBECK","QB","espn","FA","John Beck","FA",103,467,"0",0,0,0,0,0,0,0,0,0,0
"TRENTEDWARDS","QB","espn","OAK","Trent Edwards","OAK",104,468,"0",0,0,0,0,0,0,0,0,0,0
"TROYSMITH","QB","espn","FA","Troy Smith","FA",105,469,"0",0,0,0,0,0,0,0,0,0,0
"JORDANPALMER","QB","espn","TEN","Jordan Palmer","TEN",106,470,"0",0,0,0,0,0,0,0,0,0,0
"TYLERTHIGPEN","QB","espn","CLE","Tyler Thigpen","CLE",107,471,"0",0,0,0,0,0,0,0,0,0,0
"TYLERPALKO","QB","espn","FA","Tyler Palko","FA",108,472,"0",0,0,0,0,0,0,0,0,0,0
"MATTGUTIERREZ","QB","espn","FA","Matt Gutierrez","FA",109,473,"0",0,0,0,0,0,0,0,0,0,0
"RICHARDBARTEL","QB","espn","FA","Richard Bartel","FA",110,474,"0",0,0,0,0,0,0,0,0,0,0
"BRETTRATLIFF","QB","espn","FA","Brett Ratliff","FA",111,475,"0",0,0,0,0,0,0,0,0,0,0
"BRIANBROHM","QB","espn","FA","Brian Brohm","FA",112,476,"0",0,0,0,0,0,0,0,0,0,0
"KEVINOCONNELL","QB","espn","FA","Kevin O'Connell","FA",113,477,"0",0,0,0,0,0,0,0,0,0,0
"DENNISDIXON","QB","espn","ARZ","Dennis Dixon","ARZ",114,478,"0",0,0,0,0,0,0,0,0,0,0
"JOSHJOHNSON","QB","espn","NYJ","Josh Johnson","NYJ",115,479,"0",0,0,0,0,0,0,0,0,0,0
"COLTBRENNAN","QB","espn","FA","Colt Brennan","FA",116,480,"0",0,0,0,0,0,0,0,0,0,0
"MATTFLYNN","QB","espn","NYJ","Matt Flynn","NYJ",117,481,"0",1,5,0,0,0,0,0,0,0,0
"CALEBJEFFREYHANIE","QB","espn","DAL","Caleb Jeffrey Hanie","DAL",118,482,"0",0,0,0,0,0,0,0,0,0,0
"RHETTBOMAR","QB","espn","FA","Rhett Bomar","FA",119,483,"0",0,0,0,0,0,0,0,0,0,0
"TOMBRANDSTATER","QB","espn","FA","Tom Brandstater","FA",120,484,"0",0,0,0,0,0,0,0,0,0,0
"FREDJACKSON","RB","espn","FA","Fred Jackson","FA",114,485,"0",0,0,0,0,0,0,0,0,0,0
"BERNARDPIERCE","RB","espn","JAC","Bernard Pierce","JAC",115,486,"0",0,0,0,0,0,0,0,0,0,0
"PIERRETHOMAS","RB","espn","NO","Pierre Thomas","NO",116,487,"0",0,0,0,0,0,0,0,0,0,0
"AHMADBRADSHAW","RB","espn","FA","Ahmad Bradshaw","FA",117,488,"0",0,0,0,0,0,0,0,0,0,0
"TRENTRICHARDSON","RB","espn","OAK","Trent Richardson","OAK",118,489,"0",0,0,0,0,0,0,0,0,0,0
"MIKEGILLISLEE","RB","espn","MIA","Mike Gillislee","MIA",119,490,"0",0,0,0,0,0,0,0,0,0,0
"TYLERGAFFNEY","RB","espn","NE","Tyler Gaffney","NE",120,491,"0",0,0,0,0,0,0,0,0,0,0
"TIMOTHYWRIGHT","TE","espn","DET","Timothy Wright","DET",63,492,"0",0,0,0,0,0,0,0,0,0,0
"TONYGONZALEZ","TE","espn","ATL","Tony Gonzalez","ATL",64,493,"0",0,0,0,0,0,0,0,0,0,0
"REGGIEKELLY","TE","espn","FA","Reggie Kelly","FA",65,494,"0",0,0,0,0,0,0,0,0,0,0
"JIMMYKLEINSASSER","TE","espn","FA","Jimmy Kleinsasser","FA",66,495,"0",0,0,0,0,0,0,0,0,0,0
"DESMONDCLARK","TE","espn","FA","Desmond Clark","FA",67,496,"0",0,0,0,0,0,0,0,0,0,0
"ANTHONYBECHT","TE","espn","FA","Anthony Becht","FA",68,497,"0",0,0,0,0,0,0,0,0,0,0
"BRIANJENNINGS","TE","espn","FA","Brian Jennings","FA",69,498,"0",0,0,0,0,0,0,0,0,0,0
"JUSTINSNOW","TE","espn","FA","Justin Snow","FA",70,499,"0",0,0,0,0,0,0,0,0,0,0
"TODDHEAP","TE","espn","FA","Todd Heap","FA",71,500,"0",0,0,0,0,0,0,0,0,0,0
"ALGECRUMPLER","TE","espn","FA","Alge Crumpler","FA",72,501,"0",0,0,0,0,0,0,0,0,0,0
"BRANDONMANUMALEUNA","TE","espn","FA","Brandon Manumaleuna","FA",73,502,"0",0,0,0,0,0,0,0,0,0,0
"TONYSTEWART","TE","espn","FA","Tony Stewart","FA",74,503,"0",0,0,0,0,0,0,0,0,0,0
"DAVIDMARTIN","TE","espn","FA","David Martin","FA",75,504,"0",0,0,0,0,0,0,0,0,0,0
"JEREMYSHOCKEY","TE","espn","FA","Jeremy Shockey","FA",76,505,"0",0,0,0,0,0,0,0,0,0,0
"DANIELGRAHAM","TE","espn","FA","Daniel Graham","FA",77,506,"0",0,0,0,0,0,0,0,0,0,0
"CHRISBAKER","TE","espn","FA","Chris Baker","FA",78,507,"0",0,0,0,0,0,0,0,0,0,0
"JUSTINPEELLE","TE","espn","FA","Justin Peelle","FA",79,508,"0",0,0,0,0,0,0,0,0,0,0
"RANDYMCMICHAEL","TE","espn","FA","Randy McMichael","FA",80,509,"0",0,0,0,0,0,0,0,0,0,0
"ROBERTROYAL","TE","espn","FA","Robert Royal","FA",81,510,"0",0,0,0,0,0,0,0,0,0,0
"JOHNGILMORE","TE","espn","FA","John Gilmore","FA",82,511,"0",0,0,0,0,0,0,0,0,0,0
"DALLASCLARK","TE","espn","BAL","Dallas Clark","BAL",83,512,"0",0,0,0,0,0,0,0,0,0,0
"VISANTHESHIANCOE","TE","espn","TEN","Visanthe Shiancoe","TEN",84,513,"0",0,0,0,0,0,0,0,0,0,0
"DONALDLEE","TE","espn","FA","Donald Lee","FA",85,514,"0",0,0,0,0,0,0,0,0,0,0
"WILLHELLER","TE","espn","FA","Will Heller","FA",86,515,"0",0,0,0,0,0,0,0,0,0,0
"KELLENWINSLOW","TE","espn","NYJ","Kellen Winslow","NYJ",87,516,"0",0,0,0,0,0,0,0,0,0,0
"KRISWILSON","TE","espn","FA","Kris Wilson","FA",88,517,"0",0,0,0,0,0,0,0,0,0,0
"BENHARTSOCK","TE","espn","CAR","Ben Hartsock","CAR",89,518,"0",0,0,0,0,0,0,0,0,0,0
"CHRISCOOLEY","TE","espn","FA","Chris Cooley","FA",90,519,"0",0,0,0,0,0,0,0,0,0,0
"ERNESTWILFORD","TE","espn","FA","Ernest Wilford","FA",91,520,"0",0,0,0,0,0,0,0,0,0,0
"JEFFDUGAN","TE","espn","FA","Jeff Dugan","FA",92,521,"0",0,0,0,0,0,0,0,0,0,0
"ALEXSMITH","TE","espn","NO","Alex Smith","NO",93,522,"0",0,0,0,0,0,0,0,0,0,0
"BOSCAIFE","TE","espn","FA","Bo Scaife","FA",94,523,"0",0,0,0,0,0,0,0,0,0,0
"JOELDREESSEN","TE","espn","DEN","Joel Dreessen","DEN",95,524,"0",0,0,0,0,0,0,0,0,0,0
"BILLYBAJEMA","TE","espn","BAL","Billy Bajema","BAL",96,525,"0",0,0,0,0,0,0,0,0,0,0
"STEPHENSPACH","TE","espn","FA","Stephen Spach","FA",97,526,"0",0,0,0,0,0,0,0,0,0,0
"JPFOSCHI","TE","espn","FA","J.P. Foschi","FA",98,527,"0",0,0,0,0,0,0,0,0,0,0
"TONYCURTIS","TE","espn","FA","Tony Curtis","FA",99,528,"0",0,0,0,0,0,0,0,0,0,0
"TORYHUMPHREY","TE","espn","FA","Tory Humphrey","FA",100,529,"0",0,0,0,0,0,0,0,0,0,0
"TONYSCHEFFLER","TE","espn","DET","Tony Scheffler","DET",101,530,"0",0,0,0,0,0,0,0,0,0,0
"LEONARDPOPE","TE","espn","FA","Leonard Pope","FA",102,531,"0",0,0,0,0,0,0,0,0,0,0
"DAVIDTHOMAS","TE","espn","FA","David Thomas","FA",103,532,"0",0,0,0,0,0,0,0,0,0,0
"MAURICESTOVALL","TE","espn","FA","Maurice Stovall","FA",104,533,"0",0,0,0,0,0,0,0,0,0,0
"DOMINIQUEBYRD","TE","espn","FA","Dominique Byrd","FA",105,534,"0",0,0,0,0,0,0,0,0,0,0
"GARRETTMILLS","TE","espn","FA","Garrett Mills","FA",106,535,"0",0,0,0,0,0,0,0,0,0,0
"JASONPOCIASK","TE","espn","FA","Jason Pociask","FA",107,536,"0",0,0,0,0,0,0,0,0,0,0
"JEFFKING","TE","espn","ARZ","Jeff King","ARZ",108,537,"0",0,0,0,0,0,0,0,0,0,0
"JAMIEPETROWSKI","TE","espn","FA","Jamie Petrowski","FA",109,538,"0",0,0,0,0,0,0,0,0,0,0
"GREGESTANDIA","TE","espn","FA","Greg Estandia","FA",110,539,"0",0,0,0,0,0,0,0,0,0,0
"SPENCERHAVNER","TE","espn","FA","Spencer Havner","FA",111,540,"0",0,0,0,0,0,0,0,0,0,0
"ZACHMILLER","TE","espn","SEA","Zach Miller","SEA",112,541,"0",0,0,0,0,0,0,0,0,0,0
"ISAIAHSTANBACK","TE","espn","FA","Isaiah Stanback","FA",113,542,"0",0,0,0,0,0,0,0,0,0,0
"KEVINBOSS","TE","espn","FA","Kevin Boss","FA",114,543,"0",0,0,0,0,0,0,0,0,0,0
"BENPATRICK","TE","espn","FA","Ben Patrick","FA",115,544,"0",0,0,0,0,0,0,0,0,0,0
"DEREKSCHOUMAN","TE","espn","FA","Derek Schouman","FA",116,545,"0",0,0,0,0,0,0,0,0,0,0
"CLARKHARRIS","TE","espn","CIN","Clark Harris","CIN",117,546,"0",0,0,0,0,0,0,0,0,0,0
"MICHAELMATTHEWS","TE","espn","FA","Michael Matthews","FA",118,547,"0",0,0,0,0,0,0,0,0,0,0
"DANIELCOATS","TE","espn","FA","Daniel Coats","FA",119,548,"0",0,0,0,0,0,0,0,0,0,0
"GIJONROBINSON","TE","espn","FA","Gijon Robinson","FA",120,549,"0",0,0,0,0,0,0,0,0,0,0
"PATRICKMURRAY","K","espn","TB","Patrick Murray","TB",38,550,"0",0,0,0,0,0,0,0,0,0,0
"JOHNKASAY","K","espn","FA","John Kasay","FA",39,551,"0",0,0,0,0,0,0,0,0,0,0
"JASONHANSON","K","espn","FA","Jason Hanson","FA",40,552,"0",0,0,0,0,0,0,0,0,0,0
"OLINDOMARE","K","espn","FA","Olindo Mare","FA",41,553,"0",0,0,0,0,0,0,0,0,0,0
"RYANLONGWELL","K","espn","FA","Ryan Longwell","FA",42,554,"0",0,0,0,0,0,0,0,0,0,0
"DAVIDAKERS","K","espn","FA","David Akers","FA",43,555,"0",0,0,0,0,0,0,0,0,0,0
"KRISBROWN","K","espn","FA","Kris Brown","FA",44,556,"0",0,0,0,0,0,0,0,0,0,0
"NEILRACKERS","K","espn","FA","Neil Rackers","FA",45,557,"0",0,0,0,0,0,0,0,0,0,0
"RIANLINDELL","K","espn","TB","Rian Lindell","TB",46,558,"0",0,0,0,0,0,0,0,0,0,0
"LAWRENCETYNES","K","espn","FA","Lawrence Tynes","FA",47,559,"0",0,0,0,0,0,0,0,0,0,0
"BILLYCUNDIFF","K","espn","FA","Billy Cundiff","FA",48,560,"0",0,0,0,0,0,0,0,0,0,0
"JEFFREED","K","espn","FA","Jeff Reed","FA",49,561,"0",0,0,0,0,0,0,0,0,0,0
"NATEKAEDING","K","espn","FA","Nate Kaeding","FA",50,562,"0",0,0,0,0,0,0,0,0,0,0
"DAVERAYNER","K","espn","FA","Dave Rayner","FA",51,563,"0",0,0,0,0,0,0,0,0,0,0
"CONNORHUGHES","K","espn","FA","Connor Hughes","FA",52,564,"0",0,0,0,0,0,0,0,0,0,0
"SHANEANDRUS","K","espn","FA","Shane Andrus","FA",53,565,"0",0,0,0,0,0,0,0,0,0,0
"MARCHICKOK","K","espn","FA","Marc Hickok","FA",54,566,"0",0,0,0,0,0,0,0,0,0,0
"JUSTINMEDLOCK","K","espn","FA","Justin Medlock","FA",55,567,"0",0,0,0,0,0,0,0,0,0,0
"RICKYSCHMITT","K","espn","FA","Ricky Schmitt","FA",56,568,"0",0,0,0,0,0,0,0,0,0,0
"RHYSLLOYD","K","espn","FA","Rhys Lloyd","FA",57,569,"0",0,0,0,0,0,0,0,0,0,0
"BRANDONCOUTU","K","espn","FA","Brandon Coutu","FA",58,570,"0",0,0,0,0,0,0,0,0,0,0
"DAVIDBUEHLER","K","espn","FA","David Buehler","FA",59,571,"0",0,0,0,0,0,0,0,0,0,0
"SAMSWANK","K","espn","FA","Sam Swank","FA",60,572,"0",0,0,0,0,0,0,0,0,0,0
"SWAYZEWATERS","K","espn","FA","Swayze Waters","FA",61,573,"0",0,0,0,0,0,0,0,0,0,0
"CLINTSTITSER","K","espn","FA","Clint Stitser","FA",62,574,"0",0,0,0,0,0,0,0,0,0,0
"TODDCARTER","K","espn","FA","Todd Carter","FA",63,575,"0",0,0,0,0,0,0,0,0,0,0
"GARRETTLINDHOLM","K","espn","FA","Garrett Lindholm","FA",64,576,"0",0,0,0,0,0,0,0,0,0,0
"AARONPETTREY","K","espn","FA","Aaron Pettrey","FA",65,577,"0",0,0,0,0,0,0,0,0,0,0
"BRETTSWENSON","K","espn","FA","Brett Swenson","FA",66,578,"0",0,0,0,0,0,0,0,0,0,0
"FABRIZIOSCACCIA","K","espn","FA","Fabrizio Scaccia","FA",67,579,"0",0,0,0,0,0,0,0,0,0,0
"ALEXHENERY","K","espn","FA","Alex Henery","FA",68,580,"0",0,0,0,0,0,0,0,0,0,0
"CHRISKOEPPLIN","K","espn","FA","Chris Koepplin","FA",69,581,"0",0,0,0,0,0,0,0,0,0,0
"JAKEROGERS","K","espn","MIA","Jake Rogers","MIA",70,582,"0",0,0,0,0,0,0,0,0,0,0
"THOMASWEBER","K","espn","FA","Thomas Weber","FA",71,583,"0",0,0,0,0,0,0,0,0,0,0
"JEFFWOLFERT","K","espn","FA","Jeff Wolfert","FA",72,584,"0",0,0,0,0,0,0,0,0,0,0
"ADIKUNALIC","K","espn","FA","Adi Kunalic","FA",73,585,"0",0,0,0,0,0,0,0,0,0,0
"JOHNPOTTER","K","espn","MIA","John Potter","MIA",74,586,"0",0,0,0,0,0,0,0,0,0,0
"GIORGIOTAVECCHIO","K","espn","OAK","Giorgio Tavecchio","OAK",75,587,"0",0,0,0,0,0,0,0,0,0,0
"CARSONWIGGS","K","espn","SEA","Carson Wiggs","SEA",76,588,"0",0,0,0,0,0,0,0,0,0,0
"DEREKDIMKE","K","espn","NO","Derek Dimke","NO",77,589,"0",0,0,0,0,0,0,0,0,0,0
"EDDYCARMONA","K","espn","OAK","Eddy Carmona","OAK",78,590,"0",0,0,0,0,0,0,0,0,0,0
"DANNYHRAPMANN","K","espn","MIA","Danny Hrapmann","MIA",79,591,"0",0,0,0,0,0,0,0,0,0,0
"BRANDONBOGOTAY","K","espn","TB","Brandon Bogotay","TB",80,592,"0",0,0,0,0,0,0,0,0,0,0
"HAVARDRUGLAND","K","espn","FA","Havard Rugland","FA",81,593,"0",0,0,0,0,0,0,0,0,0,0
"AUSTINSIGNOR","K","espn","FA","Austin Signor","FA",82,594,"0",0,0,0,0,0,0,0,0,0,0
"QUINNSHARP","K","espn","CIN","Quinn Sharp","CIN",83,595,"0",0,0,0,0,0,0,0,0,0,0
"MAIKONBONANI","K","espn","TEN","Maikon Bonani","TEN",84,596,"0",0,0,0,0,0,0,0,0,0,0
"NATEFREESE","K","espn","FA","Nate Freese","FA",85,597,"0",0,0,0,0,0,0,0,0,0,0
"ZACHHOCKER","K","espn","NO","Zach Hocker","NO",86,598,"0",0,0,0,0,0,0,0,0,0,0
"MITCHEWALD","K","espn","DEN","Mitch Ewald","DEN",87,599,"0",0,0,0,0,0,0,0,0,0,0
"CHRISBOSWELL","K","espn","NYG","Chris Boswell","NYG",88,600,"0",0,0,0,0,0,0,0,0,0,0
"KASEYREDFERN","K","espn","JAC","Kasey Redfern","JAC",89,601,"0",0,0,0,0,0,0,0,0,0,0
"ANDREWFURNEY","K","espn","NYJ","Andrew Furney","NYJ",90,602,"0",0,0,0,0,0,0,0,0,0,0
