"name","pos","sourceName","team","name_fp","team_fp","positionRank_fp","overallRank_fp","points_fp","passAtt_fp","passYds_fp","passTds_fp","passInt_fp","rushAtt_fp","rushYds_fp","rushTds_fp","rec_fp","recYds_fp","recTds_fp","returnTds_fp","twoPts_fp","fumbles_fp","dstBlk_fp","fg_fp","xp_fp","dstBlk_fp.1","fg_fp.1","fga_fp","xp_fp.1"
"ANDREWLUCK","QB","fp","IND","Andrew Luck ","IND",1,1,326.4,640,4720.1,35.3,16.1,55.5,258.6,2.3,0,0,0,0,0,5.5,0,0,0,0,0,0,0
"AARONRODGERS","QB","fp","GB","Aaron Rodgers","GB",2,2,319.9,546.6,4379.3,33.9,8.8,49,244.7,2,0,0,0,0,0,4.8,0,0,0,0,0,0,0
"RUSSELLWILSON","QB","fp","SEA","Russell Wilson ","SEA",3,3,299.2,462.9,3553.5,24.9,10.6,103.5,643.4,3.9,0,0,0,0,0,4.3,0,0,0,0,0,0,0
"DREWBREES","QB","fp","NO","Drew Brees","NO",4,4,295.5,621.8,4831.7,31.3,14.3,27.5,64.7,1.2,0,0,0,0,0,4.1,0,0,0,0,0,0,0
"PEYTONMANNING","QB","fp","DEN","Peyton Manning ","DEN",5,5,295.1,596.7,4638.9,34.7,13.2,26.7,9.9,0.5,0,0,0,0,0,3.5,0,0,0,0,0,0,0
"TOMBRADY","QB","fp","NE","Tom Brady","NE",6,6,282.5,605.2,4367.1,31.1,11.6,32.7,57.3,1.3,0,0,0,0,0,3.5,0,0,0,0,0,0,0
"MATTRYAN","QB","fp","ATL","Matt Ryan ","ATL",7,7,278.2,622.9,4678,28.3,14.7,26.6,93.4,0.8,0,0,0,0,0,3.4,0,0,0,0,0,0,0
"CAMNEWTON","QB","fp","CAR","Cam Newton ","CAR",8,8,274.3,501.3,3592.3,21.8,14.5,105,565.9,4.6,0,0,0,0,0,5.8,0,0,0,0,0,0,0
"TONYROMO","QB","fp","DAL","Tony Romo ","DAL",9,9,270.3,507.6,4090.9,31.9,11.3,27,67.8,0.8,0,0,0,0,0,4.9,0,0,0,0,0,0,0
"BENROETHLISBERGER","QB","fp","PIT","Ben Roethlisberger ","PIT",10,10,268.6,593.9,4539.5,28.7,13.4,28.1,68.6,0.4,0,0,0,0,0,5.3,0,0,0,0,0,0,0
"MATTHEWSTAFFORD","QB","fp","DET","Matthew Stafford ","DET",11,11,266.8,626.1,4456.2,27.2,14.7,36.3,108.4,1.5,0,0,0,0,0,5.3,0,0,0,0,0,0,0
"RYANTANNEHILL","QB","fp","MIA","Ryan Tannehill ","MIA",12,12,262.7,584.9,4184.4,25.8,14.8,48.6,242.8,1.5,0,0,0,0,0,5.8,0,0,0,0,0,0,0
"PHILIPRIVERS","QB","fp","SD","Philip Rivers","SD",13,13,257.8,569,4367,28.6,16.1,33.8,72.3,0.5,0,0,0,0,0,4.5,0,0,0,0,0,0,0
"ELIMANNING","QB","fp","NYG","Eli Manning ","NYG",14,14,254,594.9,4397.4,27.9,16.5,23,66,0.7,0,0,0,0,0,5.7,0,0,0,0,0,0,0
"COLINKAEPERNICK","QB","fp","SF","Colin Kaepernick","SF",15,15,252.6,484.3,3524,18.3,11.6,96.7,582.9,2.5,0,0,0,0,0,5.8,0,0,0,0,0,0,0
"JOEFLACCO","QB","fp","BAL","Joe Flacco ","BAL",16,16,243.3,554.3,3928.3,25.5,14.4,42.1,118.3,1.5,0,0,0,0,0,3.8,0,0,0,0,0,0,0
"JAYCUTLER","QB","fp","CHI","Jay Cutler ","CHI",17,17,242.9,569.9,3984.4,25.3,17.2,41.5,195,1.4,0,0,0,0,0,5.4,0,0,0,0,0,0,0
"TEDDYBRIDGEWATER","QB","fp","MIN","Teddy Bridgewater ","MIN",18,18,240.1,519.9,3732.2,22.4,14.9,62.3,274.3,1.8,0,0,0,0,0,3.5,0,0,0,0,0,0,0
"SAMBRADFORD","QB","fp","PHI","Sam Bradford ","PHI",19,19,240,522.9,3815.2,25.5,12.7,39.9,129.4,1.3,0,0,0,0,0,4.9,0,0,0,0,0,0,0
"CARSONPALMER","QB","fp","ARI","Carson Palmer ","ARI",20,20,235.2,557.9,4054.3,24.4,14.1,23.9,60.8,0.6,0,0,0,0,0,3.1,0,0,0,0,0,0,0
"JAMAALCHARLES","RB","fp","KC","Jamaal Charles","KC",1,21,231.2,0,0,0,0,234.6,NA,9.2,52.2,438.2,4.5,0,0,3.6,0,0,0,0,0,0,0
"ALEXSMITH","QB","fp","KC","Alex Smith","KC",21,22,230.2,500,3430.5,21.5,10.9,55.2,275.3,1.5,0,0,0,0,0,3.8,0,0,0,0,0,0,0
"MARSHAWNLYNCH","RB","fp","SEA","Marshawn Lynch ","SEA",2,23,229.6,0,0,0,0,278.1,NA,9.8,37.8,325.7,2.2,0,0,2.9,0,0,0,0,0,0,0
"EDDIELACY","RB","fp","GB","Eddie Lacy","GB",3,24,229.3,0,0,0,0,283.8,NA,9.6,45.6,367.1,2.2,0,0,2.6,0,0,0,0,0,0,0
"ADRIANPETERSON","RB","fp","MIN","Adrian Peterson ","MIN",4,25,226.3,0,0,0,0,283.7,NA,9.8,43.4,328.8,1.5,0,0,3.4,0,0,0,0,0,0,0
"ANDYDALTON","QB","fp","CIN","Andy Dalton ","CIN",22,26,221.9,526.9,3649.9,22.4,18.2,54.7,184.4,1.9,0,0,0,0,0,3.7,0,0,0,0,0,0,0
"MARCUSMARIOTA","QB","fp","TEN","Marcus Mariota ","TEN",23,27,220.4,493.7,3446,18.6,15.2,67,358.3,2,0,0,0,0,0,4.7,0,0,0,0,0,0,0
"LEVEONBELL","RB","fp","PIT","Le'Veon Bell ","PIT",5,28,216.2,0,0,0,0,240.9,NA,7,65.2,559.1,2.4,0,0,1.4,0,0,0,0,0,0,0
"JAMEISWINSTON","QB","fp","TB","Jameis Winston","TB",24,29,215.3,519.8,3806.3,20.9,17.8,44.4,177.7,1.2,0,0,0,0,0,4.9,0,0,0,0,0,0,0
"ANTONIOBROWN","WR","fp","PIT","Antonio Brown ","PIT",1,30,213.5,0,0,0,0,4.7,24.8,0,116.9,NA,9.9,0,0,1.4,0,0,0,0,0,0,0
"MATTFORTE","RB","fp","CHI","Matt Forte ","CHI",6,31,212.6,0,0,0,0,252.6,NA,6.5,69.3,575.9,2.4,0,0,2.2,0,0,0,0,0,0,0
"CJANDERSON","RB","fp","DEN","C.J. Anderson ","DEN",7,32,211.5,0,0,0,0,246.4,NA,9.3,44.8,380.3,1.5,0,0,1.3,0,0,0,0,0,0,0
"BLAKEBORTLES","QB","fp","JAC","Blake Bortles ","JAC",25,33,208.7,533.6,3501.6,17.8,17.6,58.9,358.2,1.2,0,0,0,0,0,5,0,0,0,0,0,0,0
"DEREKCARR","QB","fp","OAK","Derek Carr ","OAK",26,34,207.3,584.6,3810.6,20.7,15.5,30,98.6,0.7,0,0,0,0,0,5.5,0,0,0,0,0,0,0
"DEMARYIUSTHOMAS","WR","fp","DEN","Demaryius Thomas ","DEN",2,35,206.2,0,0,0,0,0,0,0,101.9,NA,11.4,0,0,0.5,0,0,0,0,0,0,0
"NICKFOLES","QB","fp","STL","Nick Foles ","STL",27,36,205.1,501.2,3471.8,20,14.1,38.4,165.2,1,0,0,0,0,0,4.1,0,0,0,0,0,0,0
"DEMARCOMURRAY","RB","fp","PHI","DeMarco Murray ","PHI",8,37,201.4,0,0,0,0,258.5,NA,10,37.4,271.7,1,0,0,4.8,0,0,0,0,0,0,0
"ODELLBECKHAM","WR","fp","NYG","Odell Beckham Jr. ","NYG",3,38,199.7,0,0,0,0,5.2,34.9,0.1,101.1,NA,10.1,0,0,1.3,0,0,0,0,0,0,0
"DEZBRYANT","WR","fp","DAL","Dez Bryant ","DAL",4,39,199.5,0,0,0,0,0.1,0.4,0,89.1,NA,11.4,0,0,0.8,0,0,0,0,0,0,0
"JEREMYHILL","RB","fp","CIN","Jeremy Hill ","CIN",9,40,193,0,0,0,0,256.9,NA,9,28.5,223.9,1,0,0,4,0,0,0,0,0,0,0
"LESEANMCCOY","RB","fp","BUF","LeSean McCoy ","BUF",10,41,191.3,0,0,0,0,291.4,NA,6.6,35.6,245.4,0.9,0,0,3,0,0,0,0,0,0,0
"CALVINJOHNSON","WR","fp","DET","Calvin Johnson ","DET",5,42,190.3,0,0,0,0,0,0,0,86.9,NA,10,0,0,0.5,0,0,0,0,0,0,0
"JULIOJONES","WR","fp","ATL","Julio Jones ","ATL",6,43,190.2,0,0,0,0,1.7,10.1,0,103.5,NA,8.3,0,0,1.8,0,0,0,0,0,0,0
"RANDALLCOBB","WR","fp","GB","Randall Cobb","GB",7,44,185.2,0,0,0,0,9.3,72.3,0.1,91.7,NA,9.2,0,0,1.5,0,0,0,0,0,0,0
"JUSTINFORSETT","RB","fp","BAL","Justin Forsett ","BAL",11,45,181.2,0,0,0,0,216.3,NA,5.7,53.4,376.8,1.4,0,0,1.8,0,0,0,0,0,0,0
"AJGREEN","WR","fp","CIN","A.J. Green ","CIN",8,46,176.3,0,0,0,0,2.7,17.1,0,93.8,NA,8.3,0,0,2.2,0,0,0,0,0,0,0
"LAMARMILLER","RB","fp","MIA","Lamar Miller ","MIA",12,47,175.1,0,0,0,0,227.9,NA,6.7,38.2,283.6,1.1,0,0,2.6,0,0,0,0,0,0,0
"MARKINGRAM","RB","fp","NO","Mark Ingram","NO",13,48,171.4,0,0,0,0,229.9,NA,9,26.4,177.6,0.6,0,0,2,0,0,0,0,0,0,0
"ALSHONJEFFERY","WR","fp","CHI","Alshon Jeffery ","CHI",9,49,170.7,0,0,0,0,5.4,34.9,0,86,NA,8.6,0,0,0.8,0,0,0,0,0,0,0
"TYRODTAYLOR","QB","fp","BUF","Tyrod Taylor ","BUF",28,50,168.8,394.2,2599.1,15,14,62,296.1,1.7,0,0,0,0,0,3.5,0,0,0,0,0,0,0
"ROBGRONKOWSKI","TE","fp","NE","Rob Gronkowski","NE",1,51,165.8,0,0,0,0,0,0,0,82,NA,9.9,0,0,0.3,0,0,0,0,0,0,0
"MELVINGORDON","RB","fp","SD","Melvin Gordon","SD",14,52,165.7,0,0,0,0,232.4,NA,5.7,31.1,248.2,1.3,0,0,2.2,0,0,0,0,0,0,0
"MIKEEVANS","WR","fp","TB","Mike Evans","TB",10,53,164.5,0,0,0,0,0,0,0,78.8,NA,8.3,0,0,0.7,0,0,0,0,0,0,0
"TYHILTON","WR","fp","IND","T.Y. Hilton ","IND",11,54,164,0,0,0,0,2.7,17.4,0,84.9,NA,7.3,0,0,1.3,0,0,0,0,0,0,0
"FRANKGORE","RB","fp","IND","Frank Gore ","IND",15,55,163.7,0,0,0,0,233.5,948.5,6.4,32.8,271.4,1.5,0,0,2.6,0,0,0,0,0,0,0
"JOSHMCCOWN","QB","fp","CLE","Josh McCown ","CLE",29,56,163.6,437.5,3001.5,14.1,13.7,37.3,172.7,1.7,0,0,0,0,0,6.3,0,0,0,0,0,0,0
"ALFREDMORRIS","RB","fp","WAS","Alfred Morris ","WAS",16,57,161.3,0,0,0,0,240.7,NA,6.9,19.9,152.1,0.6,0,0,2,0,0,0,0,0,0,0
"LATAVIUSMURRAY","RB","fp","OAK","Latavius Murray ","OAK",17,58,161.2,0,0,0,0,218.8,970.1,5.8,32.8,262.6,1,0,0,1.6,0,0,0,0,0,0,0
"CARLOSHYDE","RB","fp","SF","Carlos Hyde","SF",18,59,160.9,0,0,0,0,239.6,NA,7.1,25.1,181.9,0.6,0,0,2,0,0,0,0,0,0,0
"EMMANUELSANDERS","WR","fp","DEN","Emmanuel Sanders ","DEN",12,60,158.7,0,0,0,0,4.8,30.6,0.1,82.7,NA,7.5,0,0,0.6,0,0,0,0,0,0,0
"KIRKCOUSINS","QB","fp","WAS","Kirk Cousins ","WAS",30,61,155.8,413,3028.5,15.4,14,18.4,70.2,0.3,0,0,0,0,0,3.9,0,0,0,0,0,0,0
"ARIANFOSTER","RB","fp","HOU","Arian Foster ","HOU",19,62,153.9,0,0,0,0,192.8,873.5,5.3,32.9,270.8,1.9,0,0,1.9,0,0,0,0,0,0,0
"BRANDINCOOKS","WR","fp","NO","Brandin Cooks","NO",13,63,151.4,0,0,0,0,9.9,71.7,0.1,88.9,NA,5.9,0,0,0.6,0,0,0,0,0,0,0
"TODDGURLEY","RB","fp","STL","Todd Gurley ","STL",20,64,148.4,0,0,0,0,202,910.3,6.1,25.7,204.6,0.8,0,0,2.2,0,0,0,0,0,0,0
"ANDREELLINGTON","RB","fp","ARI","Andre Ellington ","ARI",21,65,148.1,0,0,0,0,185.4,732.8,3.9,50.2,441,1.9,0,0,2.2,0,0,0,0,0,0,0
"DEANDREHOPKINS","WR","fp","HOU","DeAndre Hopkins ","HOU",14,66,147.5,0,0,0,0,0,0,0,82.1,NA,5.8,0,0,1.6,0,0,0,0,0,0,0
"TJYELDON","RB","fp","JAC","T.J. Yeldon ","JAC",22,67,146.4,0,0,0,0,199,868.9,5.4,32.8,253.2,1,0,0,2.1,0,0,0,0,0,0,0
"JONATHANSTEWART","RB","fp","CAR","Jonathan Stewart ","CAR",22,67,146.4,0,0,0,0,204.5,908.6,5.1,29.6,221.1,1,0,0,1.5,0,0,0,0,0,0,0
"JORDANMATTHEWS","WR","fp","PHI","Jordan Matthews ","PHI",15,69,144,0,0,0,0,0,0,0,74.2,988.8,7.7,0,0,0.6,0,0,0,0,0,0,0
"BRIANHOYER","QB","fp","HOU","Brian Hoyer ","HOU",31,70,141.8,389.4,2689.5,14.2,12,23.5,47.4,0.5,0,0,0,0,0,3.1,0,0,0,0,0,0,0
"CHRISTOPHERIVORY","RB","fp","NYJ","Christopher Ivory ","NYJ",24,71,140,0,0,0,0,205.4,904,5.2,25.2,174.2,0.8,0,0,1.9,0,0,0,0,0,0,0
"JULIANEDELMAN","WR","fp","NE","Julian Edelman","NE",16,72,139.8,0,0,0,0,7.2,54.2,0.1,93.8,996.8,6.2,0,0,1.3,0,0,0,0,0,0,0
"DESEANJACKSON","WR","fp","WAS","DeSean Jackson ","WAS",17,73,139.4,0,0,0,0,4.1,21.8,0,65.1,NA,5.8,0,0,0.4,0,0,0,0,0,0,0
"JOSEPHRANDLE","RB","fp","DAL","Joseph Randle ","DAL",25,74,139.1,0,0,0,0,199.2,910.5,6.1,18.6,140.7,0.6,0,0,3.3,0,0,0,0,0,0,0
"RYANFITZPATRICK","QB","fp","NYJ","Ryan Fitzpatrick ","NYJ",32,75,138.8,317.8,2236.3,13.4,9.9,34.3,143.2,0.9,0,0,0,0,0,2,0,0,0,0,0,0,0
"RASHADJENNINGS","RB","fp","NYG","Rashad Jennings ","NYG",26,76,138.5,0,0,0,0,189.3,782.4,5.8,30.8,235.3,0.8,0,0,1.4,0,0,0,0,0,0,0
"LEGARRETTEBLOUNT","RB","fp","NE","LeGarrette Blount","NE",27,77,138.3,0,0,0,0,188.4,836.5,7.6,14.3,99.5,0.3,0,0,1.6,0,0,0,0,0,0,0
"JOIQUEBELL","RB","fp","DET","Joique Bell ","DET",27,77,138.3,0,0,0,0,181.7,730.4,6,32.4,283.2,0.9,0,0,2.5,0,0,0,0,0,0,0
"ANDREJOHNSON","WR","fp","IND","Andre Johnson ","IND",18,79,136.4,0,0,0,0,0,0,0,78,972.5,7.3,0,0,2.2,0,0,0,0,0,0,0
"GOLDENTATE","WR","fp","DET","Golden Tate ","DET",19,80,136.2,0,0,0,0,2.6,15.5,0,80.9,NA,5.2,0,0,0.6,0,0,0,0,0,0,0
"STEPHENGOSTKOWSKI","K","fp","NE","Stephen Gostkowski","NE",1,81,135.3,0,0,0,0,0,0,0,0,0,0,0,0,0,0,29.9,45.6,0,29.9,32.9,45.6
"JIMMYGRAHAM","TE","fp","SEA","Jimmy Graham ","SEA",2,82,133.9,0,0,0,0,0,0,0,68.9,838.3,8.7,0,0,1.2,0,0,0,0,0,0,0
"KEENANALLEN","WR","fp","SD","Keenan Allen","SD",20,83,133.6,0,0,0,0,0,0,0,80.6,NA,5.6,0,0,1.4,0,0,0,0,0,0,0
"SAMMYWATKINS","WR","fp","BUF","Sammy Watkins ","BUF",21,84,133.3,0,0,0,0,2.8,16.3,0,66.6,968.7,6.2,0,0,1.2,0,0,0,0,0,0,0
"JEREMYMACLIN","WR","fp","KC","Jeremy Maclin","KC",22,85,132.7,0,0,0,0,0,0,0,72.2,950.4,6.4,0,0,0.4,0,0,0,0,0,0,0
"JUSTINTUCKER","K","fp","BAL","Justin Tucker ","BAL",2,86,130,0,0,0,0,0,0,0,0,0,0,0,0,0,0,30.4,38.7,0,30.4,34.5,38.7
"MASONCROSBY","K","fp","GB","Mason Crosby","GB",3,87,129.4,0,0,0,0,0,0,0,0,0,0,0,0,0,0,27.4,47.2,0,27.4,32.9,47.2
"STEVENHAUSCHKA","K","fp","SEA","Steven Hauschka ","SEA",4,88,129.2,0,0,0,0,0,0,0,0,0,0,0,0,0,0,29.5,40.8,0,29.5,34.1,40.8
"BRANDONMARSHALL","WR","fp","NYJ","Brandon Marshall ","NYJ",23,89,129,0,0,0,0,0.2,0.4,0,72.7,942.5,6.1,0,0,1,0,0,0,0,0,0,0
"DAVANTEADAMS","WR","fp","GB","Davante Adams","GB",24,90,128.5,0,0,0,0,0,0,0,69.8,915.9,6.3,0,0,0.4,0,0,0,0,0,0,0
"CODYPARKEY","K","fp","PHI","Cody Parkey ","PHI",5,91,128.1,0,0,0,0,0,0,0,0,0,0,0,0,0,0,28.2,43.6,0,28.2,32.6,43.6
"GIOVANIBERNARD","RB","fp","CIN","Giovani Bernard ","CIN",29,92,126.8,0,0,0,0,133,550.3,4,50.3,397.4,1.7,0,0,1.1,0,0,0,0,0,0,0
"ADAMVINATIERI","K","fp","IND","Adam Vinatieri ","IND",6,93,126.4,0,0,0,0,0,0,0,0,0,0,0,0,0,0,27.3,44.5,0,27.3,30.4,44.5
"GARRETTHARTLEY","K","fp","PIT","Garrett Hartley ","PIT",7,94,126,0,0,0,0,0,0,0,0,0,0,0,0,0,0,27,45,0,27,32,45
"ISAIAHCROWELL","RB","fp","CLE","Isaiah Crowell ","CLE",30,95,125.8,0,0,0,0,197.3,825.4,5.5,18.1,141,0.5,0,0,3.3,0,0,0,0,0,0,0
"VINCENTJACKSON","WR","fp","TB","Vincent Jackson","TB",25,95,125.8,0,0,0,0,0.1,-0.2,0,66,985.1,4.8,0,0,0.9,0,0,0,0,0,0,0
"BRANDONMCMANUS","K","fp","DEN","Brandon McManus ","DEN",8,95,125.8,0,0,0,0,0,0,0,0,0,0,0,0,0,0,26.3,46.8,0,26.3,33.4,46.8
"DEVONTAFREEMAN","RB","fp","ATL","Devonta Freeman ","ATL",31,98,124.2,0,0,0,0,157.7,629.2,4,39.7,333.1,1.2,0,0,1.6,0,0,0,0,0,0,0
"AMARICOOPER","WR","fp","OAK","Amari Cooper ","OAK",26,99,123.8,0,0,0,0,1.9,12.3,0,71,932.5,5.1,0,0,0.8,0,0,0,0,0,0,0
"GREGOLSEN","TE","fp","CAR","Greg Olsen ","CAR",3,100,123.5,0,0,0,0,0,0,0,76.4,912.6,5.6,0,0,0.6,0,0,0,0,0,0,0
"DANBAILEY","K","fp","DAL","Dan Bailey ","DAL",9,100,123.5,0,0,0,0,0,0,0,0,0,0,0,0,0,0,25.6,46.7,0,25.6,29.3,46.7
"AMEERABDULLAH","RB","fp","DET","Ameer Abdullah ","DET",32,102,122.9,0,0,0,0,138.4,593.4,4.3,41.1,322.8,1.6,0,0,1.9,0,0,0,0,0,0,0
"TEVINCOLEMAN","RB","fp","ATL","Tevin Coleman ","ATL",32,102,122.9,0,0,0,0,162.4,687,5.3,28,213.1,0.9,0,0,1.9,0,0,0,0,0,0,0
"MATTBRYANT","K","fp","ATL","Matt Bryant ","ATL",10,104,122.1,0,0,0,0,0,0,0,0,0,0,0,0,0,0,27.9,38.3,0,27.9,31.9,38.3
"STEVESMITH","WR","fp","BAL","Steve Smith ","BAL",27,105,121.6,0,0,0,0,0,0,0,70.1,931.8,5.2,0,0,1.3,0,0,0,0,0,0,0
"CJSPILLER","RB","fp","NO","C.J. Spiller","NO",34,106,121.3,0,0,0,0,107.9,470.6,2.6,60.9,475.3,2.9,0,0,3,0,0,0,0,0,0,0
"JARVISLANDRY","WR","fp","MIA","Jarvis Landry ","MIA",28,107,120.3,0,0,0,0,2.2,13.6,0,83.6,919,5.1,0,0,1.8,0,0,0,0,0,0,0
"ERICDECKER","WR","fp","NYJ","Eric Decker ","NYJ",29,108,119.7,0,0,0,0,0,0,0,67.5,899.9,5.1,0,0,0.3,0,0,0,0,0,0,0
"DANCARPENTER","K","fp","BUF","Dan Carpenter ","BUF",11,109,119.4,0,0,0,0,0,0,0,0,0,0,0,0,0,0,28.6,33.5,0,28.6,32.6,33.5
"MIKEWALLACE","WR","fp","MIN","Mike Wallace ","MIN",30,110,119.1,0,0,0,0,0.9,7.7,0,59.3,865.2,5.6,0,0,0.9,0,0,0,0,0,0,0
"RODDYWHITE","WR","fp","ATL","Roddy White ","ATL",31,111,118.5,0,0,0,0,0,0,0,71.5,878.8,5.7,0,0,1.8,0,0,0,0,0,0,0
"CHANDLERCATANZARO","K","fp","ARI","Chandler Catanzaro ","ARI",12,112,118.4,0,0,0,0,0,0,0,0,0,0,0,0,0,0,28.4,33.2,0,28.4,32.4,33.2
"ANQUANBOLDIN","WR","fp","SF","Anquan Boldin","SF",32,113,118.3,0,0,0,0,0.1,0.6,0,72.9,934.8,4.3,0,0,0.5,0,0,0,0,0,0,0
"ALLENROBINSON","WR","fp","JAC","Allen Robinson ","JAC",33,114,117.5,0,0,0,0,0,0,0,73.4,899.5,4.8,0,0,0.5,0,0,0,0,0,0,0
"DOUGMARTIN","RB","fp","TB","Doug Martin","TB",35,115,117.4,0,0,0,0,195.2,767.2,4.4,23.4,152.4,0.2,0,0,1.4,0,0,0,0,0,0,0
"DUSTINHOPKINS","K","fp","NO","Dustin Hopkins","NO",13,116,117.2,0,0,0,0,0,0,0,0,0,0,0,0,0,0,24.9,42.4,0,24.9,29.7,42.4
"TRAVISKELCE","TE","fp","KC","Travis Kelce","KC",4,117,117,0,0,0,0,0,0,0,73.3,849.1,6.1,0,0,2.1,0,0,0,0,0,0,0
"JOSHBROWN","K","fp","NYG","Josh Brown ","NYG",14,117,117,0,0,0,0,0,0,0,0,0,0,0,0,0,0,26.5,37.7,0,26.5,29.9,37.7
"MICHAELFLOYD","WR","fp","ARI","Michael Floyd ","ARI",34,119,115.5,0,0,0,0,0.1,0.3,0,54.5,828.2,5.9,0,0,1.4,0,0,0,0,0,0,0
"GRAHAMGANO","K","fp","CAR","Graham Gano ","CAR",15,120,115.4,0,0,0,0,0,0,0,0,0,0,0,0,0,0,26.2,36.8,0,26.2,30.9,36.8
"BLAIRWALSH","K","fp","MIN","Blair Walsh ","MIN",16,121,115.2,0,0,0,0,0,0,0,0,0,0,0,0,0,0,26.5,35.6,0,26.5,33.5,35.6
"NELSONAGHOLOR","WR","fp","PHI","Nelson Agholor ","PHI",35,122,114.7,0,0,0,0,0,0,0,59.8,817.6,5.8,0,0,0.8,0,0,0,0,0,0,0
"CALEBSTURGIS","K","fp","MIA","Caleb Sturgis ","MIA",17,122,114.7,0,0,0,0,0,0,0,0,0,0,0,0,0,0,26.1,36.4,0,26.1,33.2,36.4
"TORREYSMITH","WR","fp","SF","Torrey Smith","SF",36,124,113.8,0,0,0,0,0,0,0,53.5,849.6,4.9,0,0,0.3,0,0,0,0,0,0,0
"PHILDAWSON","K","fp","SF","Phil Dawson","SF",18,124,113.8,0,0,0,0,0,0,0,0,0,0,0,0,0,0,27.2,32.1,0,27.2,32.3,32.1
"NICKNOVAK","K","fp","SD","Nick Novak","SD",18,124,113.8,0,0,0,0,0,0,0,0,0,0,0,0,0,0,25.6,36.9,0,25.6,30.1,36.9
"MARQUESCOLSTON","WR","fp","NO","Marques Colston","NO",37,127,113.5,0,0,0,0,0,0,0,58,854,5,0,0,1,0,0,0,0,0,0,0
"MARTELLUSBENNETT","TE","fp","CHI","Martellus Bennett ","CHI",5,128,113.3,0,0,0,0,0,0,0,77.7,820.2,5.3,0,0,0.3,0,0,0,0,0,0,0
"CAIROSANTOS","K","fp","KC","Cairo Santos","KC",20,128,113.3,0,0,0,0,0,0,0,0,0,0,0,0,0,0,25.3,37.6,0,25.3,30.3,37.6
"LARRYFITZGERALD","WR","fp","ARI","Larry Fitzgerald ","ARI",38,130,112.2,0,0,0,0,0.1,0.4,0,69.8,860.6,4.8,0,0,1.3,0,0,0,0,0,0,0
"JOHNBROWN","WR","fp","ARI","John Brown ","ARI",39,131,112.1,0,0,0,0,2.4,14.4,0,56.1,801.1,5.2,0,0,0.4,0,0,0,0,0,0,0
"CHARLESJOHNSON","WR","fp","MIN","Charles Johnson ","MIN",39,131,112.1,0,0,0,0,0.4,0.3,0,57.7,820.2,5.1,0,0,0.2,0,0,0,0,0,0,0
"NICKFOLK","K","fp","NYJ","Nick Folk ","NYJ",21,133,111.9,0,0,0,0,0,0,0,0,0,0,0,0,0,0,26.8,31.5,0,26.8,31.5,31.5
"JOSHSCOBEE","K","fp","PIT","Josh Scobee ","PIT",21,133,111.9,0,0,0,0,0,0,0,0,0,0,0,0,0,0,26,33.9,0,26,32.2,33.9
"RANDYBULLOCK","K","fp","HOU","Randy Bullock ","HOU",23,135,111.4,0,0,0,0,0,0,0,0,0,0,0,0,0,0,26.8,31.2,0,26.8,32.4,31.2
"GREGZUERLEIN","K","fp","STL","Greg Zuerlein ","STL",24,136,111.3,0,0,0,0,0,0,0,0,0,0,0,0,0,0,26.4,32,0,26.4,31.7,32
"MIKENUGENT","K","fp","CIN","Mike Nugent ","CIN",25,137,109.6,0,0,0,0,0,0,0,0,0,0,0,0,0,0,24.7,35.5,0,24.7,30.2,35.5
"DEVINFUNCHESS","WR","fp","CAR","Devin Funchess ","CAR",41,138,109.5,0,0,0,0,0,0,0,60.3,787.4,5.4,0,0,0.7,0,0,0,0,0,0,0
"MATTPRATER","K","fp","DET","Matt Prater ","DET",26,139,108.7,0,0,0,0,0,0,0,0,0,0,0,0,0,0,23.9,36.9,0,23.9,28.6,36.9
"JASONWITTEN","TE","fp","DAL","Jason Witten ","DAL",6,140,108.1,0,0,0,0,0,0,0,64.3,736.4,5.9,0,0,0.4,0,0,0,0,0,0,0
"PIERREGARCON","WR","fp","WAS","Pierre Garcon ","WAS",42,141,107.4,0,0,0,0,0.1,0.2,0,70.4,846.4,3.9,0,0,0.4,0,0,0,0,0,0,0
"KAIFORBATH","K","fp","WAS","Kai Forbath ","WAS",27,142,106.7,0,0,0,0,0,0,0,0,0,0,0,0,0,0,24.5,33.2,0,24.5,28.7,33.2
"DOUGBALDWIN","WR","fp","SEA","Doug Baldwin ","SEA",43,143,106.4,0,0,0,0,1.3,8.5,0,57.8,767.6,5,0,0,0.7,0,0,0,0,0,0,0
"SEBASTIANJANIKOWSKI","K","fp","OAK","Sebastian Janikowski ","OAK",28,144,105.6,0,0,0,0,0,0,0,0,0,0,0,0,0,0,25.2,30.1,0,25.2,29.8,30.1
"ROBBIEGOULD","K","fp","CHI","Robbie Gould ","CHI",29,145,105.2,0,0,0,0,0,0,0,0,0,0,0,0,0,0,23.3,35.2,0,23.3,28.3,35.2
"KENDALLWRIGHT","WR","fp","TEN","Kendall Wright ","TEN",44,146,105,0,0,0,0,2.4,16,0,70.1,798.7,4.3,0,0,1.2,0,0,0,0,0,0,0
"TERRANCEWILLIAMS","WR","fp","DAL","Terrance Williams ","DAL",45,147,104.3,0,0,0,0,0.1,0.2,0,41.3,687.4,6.1,0,0,0.5,0,0,0,0,0,0,0
"MALCOMFLOYD","WR","fp","SD","Malcom Floyd","SD",46,148,103.8,0,0,0,0,0,0,0,43.1,762.1,4.7,0,0,0.2,0,0,0,0,0,0,0
"RUEBENRANDLE","WR","fp","NYG","Rueben Randle ","NYG",47,149,102.1,0,0,0,0,0,0,0,53.7,779.1,4.2,0,0,0.4,0,0,0,0,0,0,0
"VICTORCRUZ","WR","fp","NYG","Victor Cruz ","NYG",48,150,101.8,0,0,0,0,0,0,0,60,792.1,3.9,0,0,0.5,0,0,0,0,0,0,0
"CONNORBARTH","K","fp","TB","Connor Barth","TB",30,151,100.9,0,0,0,0,0,0,0,0,0,0,0,0,0,0,23.3,31,0,23.3,28,31
"RYANSUCCOP","K","fp","TEN","Ryan Succop ","TEN",31,152,100.6,0,0,0,0,0,0,0,0,0,0,0,0,0,0,23.7,29.5,0,23.7,28.5,29.5
"TRAVISCOONS","K","fp","CLE","Travis Coons ","CLE",32,153,100.5,0,0,0,0,0,0,0,0,0,0,0,0,0,0,23.6,29.9,0,23.6,28.4,29.9
"PATRICKMURRAY","K","fp","TB","Patrick Murray","TB",33,154,100.3,0,0,0,0,0,0,0,0,0,0,0,0,0,0,23.4,30.2,0,23.4,27,30.2
"BRESHADPERRIMAN","WR","fp","BAL","Breshad Perriman ","BAL",49,155,100.2,0,0,0,0,0,0,0,50.2,708.6,5.1,0,0,0.6,0,0,0,0,0,0,0
"BISHOPSANKEY","RB","fp","TEN","Bishop Sankey ","TEN",36,156,99.9,0,0,0,0,162.2,661.1,3.5,20.9,154.7,0.4,0,0,2.6,0,0,0,0,0,0,0
"JASONMYERS","K","fp","JAC","Jason Myers ","JAC",34,157,99.6,0,0,0,0,0,0,0,0,0,0,0,0,0,0,24.1,27.4,0,24.1,28.7,27.4
"RYANMATHEWS","RB","fp","PHI","Ryan Mathews ","PHI",37,158,99.4,0,0,0,0,128.5,586.8,5,14.6,121.4,0.6,0,0,2.4,0,0,0,0,0,0,0
"SHANEVEREEN","RB","fp","NYG","Shane Vereen ","NYG",38,159,99.1,0,0,0,0,84.7,348.7,2.4,47.9,423.2,1.7,0,0,1.3,0,0,0,0,0,0,0
"BRANDONLAFELL","WR","fp","NE","Brandon LaFell","NE",50,160,98.8,0,0,0,0,0.3,2.1,0,52.6,717.8,4.8,0,0,1.1,0,0,0,0,0,0,0
"DARRENMCFADDEN","RB","fp","DAL","Darren McFadden ","DAL",39,161,97.5,0,0,0,0,137.9,559,4.5,17.9,135.4,0.6,0,0,1.5,0,0,0,0,0,0,0
"CAREYSP","K","fp","ear","Carey Sp","ear",35,162,97.3,0,0,0,0,0,0,0,0,0,0,0,0,0,0,23.6,26.5,0,23.6,28.4,26.5
"EDDIEROYAL","WR","fp","CHI","Eddie Royal ","CHI",51,163,95.9,0,0,0,0,0.5,4,0,58.9,706.4,4.7,0,0,1.7,0,0,0,0,0,0,0
"ZACHERTZ","TE","fp","PHI","Zach Ertz ","PHI",7,164,95.8,0,0,0,0,0,0,0,54.4,674.3,5,0,0,0.9,0,0,0,0,0,0,0
"BRIANQUICK","WR","fp","STL","Brian Quick ","STL",52,165,94.8,0,0,0,0,0,0,0,49.2,696.3,4.4,0,0,0.5,0,0,0,0,0,0,0
"DWAYNEBOWE","WR","fp","CLE","Dwayne Bowe ","CLE",53,166,94.1,0,0,0,0,0,0,0,54.3,752.1,3.4,0,0,0.7,0,0,0,0,0,0,0
"DELANIEWALKER","TE","fp","TEN","Delanie Walker ","TEN",8,167,92.4,0,0,0,0,0,0,0,58.1,682.1,4.3,0,0,0.9,0,0,0,0,0,0,0
"ALFREDBLUE","RB","fp","HOU","Alfred Blue ","HOU",40,168,92.2,0,0,0,0,151.1,586.7,2.8,17.8,148.2,0.6,0,0,1,0,0,0,0,0,0,0
"MARKUSWHEATON","WR","fp","PIT","Markus Wheaton ","PIT",54,169,90.7,0,0,0,0,3.2,19.4,0,55.2,700.8,3.2,0,0,0.4,0,0,0,0,0,0,0
"TREMASON","RB","fp","STL","Tre Mason ","STL",41,170,90,0,0,0,0,133.6,586.3,2.7,19,155.7,0.5,0,0,1.7,0,0,0,0,0,0,0
"CHARLESSIMS","RB","fp","TB","Charles Sims","TB",42,171,89.9,0,0,0,0,108.4,416.4,2.4,39.9,339.2,0.8,0,0,2.6,0,0,0,0,0,0,0
"KENNYBRITT","WR","fp","STL","Kenny Britt ","STL",55,172,88.7,0,0,0,0,0.2,0.1,0,46.2,670.7,3.7,0,0,0.4,0,0,0,0,0,0,0
"JORDANCAMERON","TE","fp","MIA","Jordan Cameron ","MIA",9,173,88.2,0,0,0,0,0,0,0,51.3,618.2,4.5,0,0,0.4,0,0,0,0,0,0,0
"DWAYNEALLEN","TE","fp","IND","Dwayne Allen ","IND",10,174,88,0,0,0,0,0,0,0,41.8,494.6,6.6,0,0,0.4,0,0,0,0,0,0,0
"MARTAVISBRYANT","WR","fp","PIT","Martavis Bryant ","PIT",56,175,87.6,0,0,0,0,1.8,11,0,35.9,563.9,5.2,0,0,0.4,0,0,0,0,0,0,0
"STEVEJOHNSON","WR","fp","SD","Steve Johnson","SD",57,176,87.2,0,0,0,0,0,-0.1,0,48.6,630,4.2,0,0,0.5,0,0,0,0,0,0,0
"DANNYWOODHEAD","RB","fp","SD","Danny Woodhead","SD",43,177,87.1,0,0,0,0,64.6,256.4,1.1,49.7,445.2,2.2,0,0,1.5,0,0,0,0,0,0,0
"PERCYHARVIN","WR","fp","BUF","Percy Harvin ","BUF",58,177,87.1,0,0,0,0,14.9,91.5,0.6,53.7,593.5,3.1,0,0,1.9,0,0,0,0,0,0,0
"KENNYSTILLS","WR","fp","MIA","Kenny Stills ","MIA",59,179,86,0,0,0,0,2.2,13.7,0,44.8,651.2,3.4,0,0,0.4,0,0,0,0,0,0,0
"GENOSMITH","QB","fp","NYJ","Geno Smith ","NYJ",33,180,85.2,193.4,1338,8,6.9,24.5,117.1,1,0,0,0,0,0,2,0,0,0,0,0,0,0
"MICHAELCRABTREE","WR","fp","OAK","Michael Crabtree ","OAK",60,180,85.2,0,0,0,0,0.1,0.8,0,57.2,649.2,3.5,0,0,0.3,0,0,0,0,0,0,0
"FREDJACK","RB","fp","son","Fred Jack","son",44,182,85,0,0,0,0,84,335,3,35,275,1,0,0,0,0,0,0,0,0,0,0
"COBYFLEENER","TE","fp","IND","Coby Fleener ","IND",11,183,84.1,0,0,0,0,0,0,0,44.5,550.9,4.9,0,0,0.3,0,0,0,0,0,0,0
"DUKEJOHNSON","RB","fp","CLE","Duke Johnson ","CLE",45,184,83.9,0,0,0,0,96.8,415.6,2.9,29.7,244.6,0.6,0,0,1.5,0,0,0,0,0,0,0
"DEVANTEPARKER","WR","fp","MIA","Devante Parker ","MIA",61,185,83.8,0,0,0,0,0,0,0,46.2,618.6,3.9,0,0,0.6,0,0,0,0,0,0,0
"KYLERUDOLPH","TE","fp","MIN","Kyle Rudolph ","MIN",12,185,83.8,0,0,0,0,0,0,0,52.3,564.4,4.6,0,0,0.3,0,0,0,0,0,0,0
"HEATHMILLER","TE","fp","PIT","Heath Miller ","PIT",13,187,83.6,0,0,0,0,0,0,0,58.2,638.2,3.9,0,0,1.8,0,0,0,0,0,0,0
"JULIUSTHOMAS","TE","fp","JAC","Julius Thomas ","JAC",14,188,83.2,0,0,0,0,0,0,0,51.4,579.6,4.4,0,0,0.7,0,0,0,0,0,0,0
"ANTONIOGATES","TE","fp","SD","Antonio Gates","SD",15,189,82.7,0,0,0,0,0,0,0,44.3,521.4,5.3,0,0,0.6,0,0,0,0,0,0,0
"OWENDANIELS","TE","fp","DEN","Owen Daniels ","DEN",16,190,82.6,0,0,0,0,0,0,0,49,558.4,4.6,0,0,0.3,0,0,0,0,0,0,0
"ALLENHURNS","WR","fp","JAC","Allen Hurns ","JAC",62,191,82.5,0,0,0,0,1.9,12.2,0,47,611.7,3.5,0,0,0.4,0,0,0,0,0,0,0
"BRANDONCOLEMAN","WR","fp","NO","Brandon Coleman","NO",62,191,82.5,0,0,0,0,0,0,0,41.7,607.2,3.8,0,0,0.6,0,0,0,0,0,0,0
"REGGIEBUSH","RB","fp","SF","Reggie Bush","SF",46,193,81.1,0,0,0,0,87.2,381,1.8,38,299.3,0.9,0,0,1.4,0,0,0,0,0,0,0
"JORDANREED","TE","fp","WAS","Jordan Reed ","WAS",17,194,80.9,0,0,0,0,0,0,0,59.5,610.9,3.7,0,0,1.2,0,0,0,0,0,0,0
"TYLEREIFERT","TE","fp","CIN","Tyler Eifert ","CIN",18,195,77,0,0,0,0,0,0,0,53,558.9,3.7,0,0,0.5,0,0,0,0,0,0,0
"KNILEDAVIS","RB","fp","KC","Knile Davis","KC",47,196,76.7,0,0,0,0,103.4,404.7,4,16,124.7,0.7,0,0,2.2,0,0,0,0,0,0,0
"JAREDCOOK","TE","fp","STL","Jared Cook ","STL",19,197,76.5,0,0,0,0,0,0,0,47.9,568.6,3.4,0,0,0.3,0,0,0,0,0,0,0
"JONASGRAY","RB","fp","NE","Jonas Gray","NE",48,198,76.2,0,0,0,0,102.3,445.4,4.1,9.9,70.6,0.3,0,0,0.8,0,0,0,0,0,0,0
"MARVINJONES","WR","fp","CIN","Marvin Jones ","CIN",64,198,76.2,0,0,0,0,1.4,8.7,0,40,534,3.8,0,0,0.4,0,0,0,0,0,0,0
"CODYLATIMER","WR","fp","DEN","Cody Latimer ","DEN",65,200,76.1,0,0,0,0,0,0,0,41.7,552.2,3.7,0,0,0.6,0,0,0,0,0,0,0
"DARRENSPROLES","RB","fp","PHI","Darren Sproles ","PHI",49,201,75.8,0,0,0,0,48.7,225.6,1.9,42.9,376.9,1.2,0,0,1.6,0,0,0,0,0,0,0
"VERNONDAVIS","TE","fp","SF","Vernon Davis","SF",20,201,75.8,0,0,0,0,0,0,0,42.5,526.1,4,0,0,0.5,0,0,0,0,0,0,0
"LARRYDONNELL","TE","fp","NYG","Larry Donnell ","NYG",21,203,75.6,0,0,0,0,0,0,0,50.9,541.6,4.4,0,0,2.4,0,0,0,0,0,0,0
"GREGJENNINGS","WR","fp","MIA","Greg Jennings ","MIA",66,204,75.2,0,0,0,0,0,0,0,40.3,541.6,3.6,0,0,0.4,0,0,0,0,0,0,0
"DAVIDCOBB","RB","fp","TEN","David Cobb ","TEN",50,205,75,0,0,0,0,107.2,444,3,15.4,125.6,0.4,0,0,1.2,0,0,0,0,0,0,0
"CHARLESCLAY","TE","fp","BUF","Charles Clay ","BUF",22,206,74.2,0,0,0,0,0,0,0,49.5,542.7,3.4,0,0,0.3,0,0,0,0,0,0,0
"ROYHELU","RB","fp","OAK","Roy Helu ","OAK",51,207,73.9,0,0,0,0,70,292.7,1.7,38.1,310.5,1.1,0,0,1.7,0,0,0,0,0,0,0
"LORENZOTALIAFERRO","RB","fp","BAL","Lorenzo Taliaferro ","BAL",52,208,73.5,0,0,0,0,89.9,372.2,3.3,17.5,152.1,0.8,0,0,1.8,0,0,0,0,0,0,0
"DAVIDJOHNSON","RB","fp","ARI","David Johnson ","ARI",53,209,73.3,0,0,0,0,94.7,372.4,2.7,23.5,190.9,0.5,0,0,1.2,0,0,0,0,0,0,0
"ANDREWHAWKINS","WR","fp","CLE","Andrew Hawkins ","CLE",67,210,72.9,0,0,0,0,4.3,30.7,0,47.8,569.2,2.2,0,0,0.2,0,0,0,0,0,0,0
"JERMAINEKEARSE","WR","fp","SEA","Jermaine Kearse ","SEA",68,211,72.7,0,0,0,0,0.4,3,0,36.9,535.1,3.3,0,0,0.4,0,0,0,0,0,0,0
"COLEBEASLEY","WR","fp","DAL","Cole Beasley ","DAL",69,212,72.2,0,0,0,0,0,0,0,45.7,531.1,3.6,0,0,1.2,0,0,0,0,0,0,0
"ANDREWILLIAMS","RB","fp","NYG","Andre Williams ","NYG",54,213,72,0,0,0,0,106.4,418.7,3.6,13,94.5,0.2,0,0,1.2,0,0,0,0,0,0,0
"AUSTINSEFERIANJENKINS","TE","fp","TB","Austin Seferian-Jenkins","TB",23,214,71.9,0,0,0,0,0,0,0,49.4,548.5,3.4,0,0,1.5,0,0,0,0,0,0,0
"JERRICHOCOTCHERY","WR","fp","CAR","Jerricho Cotchery ","CAR",70,215,71,0,0,0,0,0,1.1,0,43.2,537.3,3,0,0,0.3,0,0,0,0,0,0,0
"TYMONTGOMERY","WR","fp","GB","Ty Montgomery","GB",71,216,70.5,0,0,0,0,3,20.1,0,36.2,491.4,3.4,0,0,0.5,0,0,0,0,0,0,0
"PHILLYBROWN","WR","fp","CAR","Philly Brown ","CAR",72,217,69.9,0,0,0,0,4.8,33.1,0,35.8,514.1,2.8,0,0,1,0,0,0,0,0,0,0
"MATTJONES","RB","fp","WAS","Matt Jones ","WAS",55,218,68.8,0,0,0,0,76.7,319.4,2.6,26.8,217,0.6,0,0,2.1,0,0,0,0,0,0,0
"RONNIEHILLMAN","RB","fp","DEN","Ronnie Hillman ","DEN",56,219,68.7,0,0,0,0,85.5,357.5,2.7,17.9,141.3,0.8,0,0,1.2,0,0,0,0,0,0,0
"RICHARDRODGERS","TE","fp","GB","Richard Rodgers","GB",24,220,68.5,0,0,0,0,0,0,0,37.5,417.2,4.6,0,0,0.4,0,0,0,0,0,0,0
"DANIELHERRON","RB","fp","IND","Daniel Herron ","IND",57,221,67.9,0,0,0,0,76.4,324.7,2.3,26.9,215.6,0.7,0,0,2.1,0,0,0,0,0,0,0
"DENARDROBINSON","RB","fp","JAC","Denard Robinson ","JAC",58,222,67,0,0,0,0,89.3,377.2,2.2,25.5,165.6,0.7,0,0,2.2,0,0,0,0,0,0,0
"BRIANHARTLINE","WR","fp","CLE","Brian Hartline ","CLE",73,222,67,0,0,0,0,0,0,0,39.2,543.4,2.2,0,0,0.3,0,0,0,0,0,0,0
"DEXTERMCCLUSTER","WR","fp","TEN","Dexter McCluster ","TEN",74,224,66.6,0,0,0,0,45,184,1,40,362,1,0,0,0,0,0,0,0,0,0,0
"JOSHHILL","TE","fp","NO","Josh Hill","NO",25,225,66.2,0,0,0,0,0,0,0,39.3,426.5,4,0,0,0.4,0,0,0,0,0,0,0
"LANCEDUNBAR","RB","fp","DAL","Lance Dunbar ","DAL",59,226,65.9,0,0,0,0,66.7,276.8,1.4,28,258.4,1,0,0,1,0,0,0,0,0,0,0
"ERICEBRON","TE","fp","DET","Eric Ebron ","DET",26,226,65.9,0,0,0,0,0,0,0,45.6,486.7,3,0,0,0.5,0,0,0,0,0,0,0
"ROBERTWOODS","WR","fp","BUF","Robert Woods ","BUF",75,228,64.7,0,0,0,0,0,0.1,0,37.6,476.2,3.1,0,0,0.8,0,0,0,0,0,0,0
"NATEWASHINGTON","WR","fp","HOU","Nate Washington ","HOU",76,229,62.6,0,0,0,0,0,0,0,33.4,491,2.4,0,0,0.4,0,0,0,0,0,0,0
"CECILSHORTS","WR","fp","HOU","Cecil Shorts ","HOU",77,230,60.9,0,0,0,0,0,0,0,39,496,2.2,0,0,1,0,0,0,0,0,0,0
"JAMESSTARKS","RB","fp","GB","James Starks","GB",60,231,60.8,0,0,0,0,79.3,337.4,1.7,18.6,142.1,0.7,0,0,0.9,0,0,0,0,0,0,0
"BENJAMINWATSON","TE","fp","NO","Benjamin Watson","NO",27,232,60.7,0,0,0,0,0,0,0,41.7,435,3,0,0,0.4,0,0,0,0,0,0,0
"TAVONAUSTIN","WR","fp","STL","Tavon Austin ","STL",78,233,60.6,0,0,0,0,18.9,155.5,0.4,34.4,337.4,1.6,0,0,0.3,0,0,0,0,0,0,0
"MYCHALRIVERA","TE","fp","OAK","Mychal Rivera ","OAK",28,234,60.1,0,0,0,0,0,0,0,40.9,431.1,3.1,0,0,0.8,0,0,0,0,0,0,0
"LEONARDHANKERSON","WR","fp","ATL","Leonard Hankerson ","ATL",79,235,59.8,0,0,0,0,0,0,0,33.6,417.1,3.1,0,0,0.3,0,0,0,0,0,0,0
"MOHAMEDSANU","WR","fp","CIN","Mohamed Sanu ","CIN",80,236,59.5,0,0,0,0,4.6,30.7,0.1,33.4,404.1,2.7,0,0,0.2,0,0,0,0,0,0,0
"RYANMALLETT","QB","fp","HOU","Ryan Mallett ","HOU",34,237,59.3,145.2,1049,5.3,4,14.8,35.5,0.3,0,0,0,0,0,0.6,0,0,0,0,0,0,0
"DAMIENWILLIAMS","RB","fp","MIA","Damien Williams ","MIA",61,237,59.3,0,0,0,0,77.9,306.1,2,18,153.7,0.5,0,0,0.8,0,0,0,0,0,0,0
"LADARIUSGREEN","TE","fp","SD","Ladarius Green","SD",29,239,58.9,0,0,0,0,0,0,0,33.9,417.9,2.9,0,0,0.2,0,0,0,0,0,0,0
"MAXXWILLIAMS","TE","fp","BAL","Maxx Williams ","BAL",30,240,57.3,0,0,0,0,0,0,0,35.3,395.5,3.1,0,0,0.4,0,0,0,0,0,0,0
"TERRANCEWEST","RB","fp","CLE","Terrance West ","CLE",62,241,57,0,0,0,0,83.3,345.7,2.1,13.5,98.9,0.5,0,0,1.4,0,0,0,0,0,0,0
"REGGIEWAYNE","WR","fp","NE","Reggie Wayne","NE",81,242,56.8,0,0,0,0,0,0,0,36,444.7,2.2,0,0,0.5,0,0,0,0,0,0,0
"DONTEMONCRIEF","WR","fp","IND","Donte Moncrief ","IND",82,243,56.4,0,0,0,0,2.5,15.9,0,28.5,390.3,2.7,0,0,0.3,0,0,0,0,0,0,0
"MARQISELEE","WR","fp","JAC","Marqise Lee ","JAC",83,244,56.2,0,0,0,0,0.5,1.8,0,38.4,458.6,1.8,0,0,0.4,0,0,0,0,0,0,0
"TAYLORGABRIEL","WR","fp","CLE","Taylor Gabriel ","CLE",84,245,55.8,0,0,0,0,1.3,10.8,0,29.3,430.3,2,0,0,0.2,0,0,0,0,0,0,0
"BILALPOWELL","RB","fp","NYJ","Bilal Powell ","NYJ",63,246,55.2,0,0,0,0,55,226.3,1.5,28.2,218.8,0.6,0,0,0.8,0,0,0,0,0,0,0
"JERICKMCKINNON","RB","fp","MIN","Jerick McKinnon ","MIN",64,247,55,0,0,0,0,60.6,286.2,1.6,23.5,156.9,0.4,0,0,0.6,0,0,0,0,0,0,0
"TYLERLOCKETT","WR","fp","SEA","Tyler Lockett ","SEA",85,248,54.5,0,0,0,0,1.1,7.4,0,28.8,408.1,2.3,0,0,0.4,0,0,0,0,0,0,0
"HARRYDOUGLAS","WR","fp","TEN","Harry Douglas ","TEN",86,249,54.4,0,0,0,0,0,0,0,35.4,431.3,2,0,0,0.4,0,0,0,0,0,0,0
"JEFFCUMBERLAND","TE","fp","NYJ","Jeff Cumberland ","NYJ",31,249,54.4,0,0,0,0,0,0,0,31.2,354.9,3.3,0,0,0.3,0,0,0,0,0,0,0
"ANDREROBERTS","WR","fp","WAS","Andre Roberts ","WAS",87,251,54.3,0,0,0,0,1.3,6.9,0,34.5,434.7,2.2,0,0,1.4,0,0,0,0,0,0,0
"PHILLIPDORSETT","WR","fp","IND","Phillip Dorsett ","IND",87,251,54.3,0,0,0,0,2,12.9,0,29,384.4,2.6,0,0,0.5,0,0,0,0,0,0,0
"DEANGELOWILLIAMS","RB","fp","PIT","DeAngelo Williams ","PIT",65,253,53.6,0,0,0,0,84.8,350.8,1.8,11.7,100.4,0.2,0,0,1.8,0,0,0,0,0,0,0
"JACOBTAMME","TE","fp","ATL","Jacob Tamme ","ATL",32,254,53.5,0,0,0,0,0,0,0,38.8,396,2.6,0,0,0.9,0,0,0,0,0,0,0
"JARIUSWRIGHT","WR","fp","MIN","Jarius Wright ","MIN",89,255,53,0,0,0,0,2.5,16.6,0,29.5,385,2.2,0,0,0.2,0,0,0,0,0,0,0
"DEVINSMITH","WR","fp","NYJ","Devin Smith ","NYJ",90,256,52.5,0,0,0,0,0.9,5.6,0,27.6,383.9,2.4,0,0,0.5,0,0,0,0,0,0,0
"JEFFJANIS","WR","fp","GB","Jeff Janis","GB",91,257,51.7,0,0,0,0,0,0,0,26.5,373.2,2.5,0,0,0.4,0,0,0,0,0,0,0
"RODSTREATER","WR","fp","OAK","Rod Streater ","OAK",92,258,51.2,0,0,0,0,0,0.1,0,28.9,392.3,2.2,0,0,0.6,0,0,0,0,0,0,0
"JAMESWHITE","RB","fp","NE","James White","NE",66,259,51.1,0,0,0,0,45.8,189.4,1,27,209.8,1.2,0,0,0.8,0,0,0,0,0,0,0
"BRENTCELEK","TE","fp","PHI","Brent Celek ","PHI",33,260,50.9,0,0,0,0,0,0,0,31.2,351.9,2.9,0,0,0.9,0,0,0,0,0,0,0
"ROBERTTURBIN","RB","fp","SEA","Robert Turbin ","SEA",67,261,50.8,0,0,0,0,63.9,271.8,1.2,15.3,132.8,0.8,0,0,0.9,0,0,0,0,0,0,0
"DEXTERMCCLUSTER","RB","fp","TEN","Dexter McCluster ","TEN",68,262,50.3,0,0,0,0,39.3,154.7,0.7,30.8,261.8,1,0,0,0.8,0,0,0,0,0,0,0
"DANNYAMENDOLA","WR","fp","NE","Danny Amendola","NE",93,262,50.3,0,0,0,0,0.1,0.1,0,35.3,367.4,2.4,0,0,0.3,0,0,0,0,0,0,0
"KAMARAIKEN","WR","fp","BAL","Kamar Aiken ","BAL",94,264,49.8,0,0,0,0,0,0,0,27.5,355.2,2.5,0,0,0.4,0,0,0,0,0,0,0
"RAYR","RB","fp","ice","Ray R","ice",69,265,49.5,0,0,0,0,67,275,2,14,100,0,0,0,0,0,0,0,0,0,0,0
"THEORIDDICK","RB","fp","DET","Theo Riddick ","DET",70,266,49.2,0,0,0,0,26,99.2,0.5,31,270.1,1.8,0,0,0.8,0,0,0,0,0,0,0
"BENNYCUNNINGHAM","RB","fp","STL","Benny Cunningham ","STL",71,267,49.1,0,0,0,0,41.3,166.1,0.9,28.4,228.6,0.9,0,0,0.6,0,0,0,0,0,0,0
"JAVORIUSALLEN","RB","fp","BAL","Javorius Allen ","BAL",71,267,49.1,0,0,0,0,64.5,283.2,1.8,13,102.4,0.3,0,0,1,0,0,0,0,0,0,0
"RILEYCOOPER","WR","fp","PHI","Riley Cooper ","PHI",95,269,48.9,0,0,0,0,0,0,0,27,363.1,2.3,0,0,0.6,0,0,0,0,0,0,0
"BRANDENOLIVER","RB","fp","SD","Branden Oliver","SD",73,270,48.5,0,0,0,0,65.2,255.5,2,13.3,105.1,0.3,0,0,0.6,0,0,0,0,0,0,0
"ANDREHOLMES","WR","fp","OAK","Andre Holmes ","OAK",96,271,47.7,0,0,0,0,0,0,0,23,357.2,2.1,0,0,0.2,0,0,0,0,0,0,0
"CHRISCONLEY","WR","fp","KC","Chris Conley","KC",97,272,47.6,0,0,0,0,0,0,0,29,359.5,2.1,0,0,0.4,0,0,0,0,0,0,0
"GARRETTGRAHAM","TE","fp","HOU","Garrett Graham ","HOU",34,273,46.2,0,0,0,0,0,0,0,31.9,334.8,2.3,0,0,0.6,0,0,0,0,0,0,0
"CORDARRELLEPATTERSON","WR","fp","MIN","Cordarrelle Patterson ","MIN",98,274,45.6,0,0,0,0,8.2,63.9,0.3,24.9,301.3,1.5,0,0,0.7,0,0,0,0,0,0,0
"MIKETOLBERT","RB","fp","CAR","Mike Tolbert ","CAR",74,275,45.4,0,0,0,0,47.9,162.9,1.7,18.3,132.4,1,0,0,0.2,0,0,0,0,0,0,0
"JAELENSTRONG","WR","fp","HOU","Jaelen Strong ","HOU",99,276,44.9,0,0,0,0,0,0,0,26,349.1,1.8,0,0,0.5,0,0,0,0,0,0,0
"ROBERTGRIFFIN","QB","fp","WAS","Robert Griffin III ","WAS",35,277,44.8,96.7,705.8,3.7,2.7,14.7,83.3,0.5,0,0,0,0,0,2,0,0,0,0,0,0,0
"ALBERTWILSON","WR","fp","KC","Albert Wilson","KC",100,278,44.1,0,0,0,0,0,0,0,26,342.7,1.7,0,0,0.3,0,0,0,0,0,0,0
"CHRISJOHNSON","RB","fp","ARI","Chris Johnson ","ARI",75,279,44,0,0,0,0,60.1,242.5,1.4,13,98.1,0.6,0,0,0.9,0,0,0,0,0,0,0
"LOUISMURPHY","WR","fp","TB","Louis Murphy","TB",101,280,43.8,0,0,0,0,0,0,0,27.1,345,1.8,0,0,0.6,0,0,0,0,0,0,0
"LANCEKENDRICKS","TE","fp","STL","Lance Kendricks ","STL",35,281,43.4,0,0,0,0,0,0,0,25.1,261.7,3,0,0,0.3,0,0,0,0,0,0,0
"DORIALGREENBECKHAM","WR","fp","TEN","Dorial Green-Beckham ","TEN",102,282,43.2,0,0,0,0,0,0,0,23.3,315.7,2,0,0,0.2,0,0,0,0,0,0,0
"DEANTHONYTHOMAS","WR","fp","KC","De'Anthony Thomas","KC",103,283,43.1,0,0,0,0,15,90.9,0.2,27.9,230.2,1.8,0,0,0.4,0,0,0,0,0,0,0
"NICKTOON","WR","fp","NO","Nick Toon","NO",104,284,43,0,0,0,0,0,0,0,21.1,318.5,1.9,0,0,0.2,0,0,0,0,0,0,0
"ANDREWQUARLESS","TE","fp","GB","Andrew Quarless","GB",36,284,43,0,0,0,0,0,0,0,25.3,284.4,2.5,0,0,0.2,0,0,0,0,0,0,0
"CROCKETTGILLMORE","TE","fp","BAL","Crockett Gillmore ","BAL",37,286,42.9,0,0,0,0,0,0,0,25.8,285.3,2.5,0,0,0.3,0,0,0,0,0,0,0
"HAKEEMNICKS","WR","fp","TEN","Hakeem Nicks ","TEN",105,287,42.4,0,0,0,0,0,0,0,25.8,330.1,1.6,0,0,0.2,0,0,0,0,0,0,0
"STEDMANBAILEY","WR","fp","STL","Stedman Bailey ","STL",106,288,42.2,0,0,0,0,0.1,0.7,0,25.3,331,1.6,0,0,0.2,0,0,0,0,0,0,0
"MARQUESSWILSON","WR","fp","CHI","Marquess Wilson ","CHI",107,289,41.6,0,0,0,0,0,0,0,27.1,314,1.8,0,0,0.3,0,0,0,0,0,0,0
"MONTEEBALL","RB","fp","DEN","Montee Ball ","DEN",76,290,41.5,0,0,0,0,57.5,236.1,1.9,8.1,58,0.4,0,0,0.7,0,0,0,0,0,0,0
"GAVINESCOBAR","TE","fp","DAL","Gavin Escobar ","DAL",38,290,41.5,0,0,0,0,0,0,0,18.6,226.5,3.2,0,0,0.3,0,0,0,0,0,0,0
"JUSTINHUNTER","WR","fp","TEN","Justin Hunter ","TEN",108,292,40.3,0,0,0,0,0,0,0,18.9,310.6,1.6,0,0,0.2,0,0,0,0,0,0,0
"VIRGILGREEN","TE","fp","DEN","Virgil Green ","DEN",39,293,39.8,0,0,0,0,0,0,0,26.6,267.7,2.3,0,0,0.3,0,0,0,0,0,0,0
"STEVANRIDLEY","RB","fp","NYJ","Stevan Ridley ","NYJ",77,294,39.5,0,0,0,0,62.6,264.8,1.9,5.5,38.3,0.1,0,0,1.3,0,0,0,0,0,0,0
"ROBHOUSLER","TE","fp","CLE","Rob Housler ","CLE",40,294,39.5,0,0,0,0,0,0,0,26.4,295.1,1.8,0,0,0.3,0,0,0,0,0,0,0
"KEVINWHITE","WR","fp","CHI","Kevin White ","CHI",109,296,38.7,0,0,0,0,0,0,0,21.7,299.3,1.6,0,0,0.3,0,0,0,0,0,0,0
"CAMERONARTISPAYNE","RB","fp","CAR","Cameron Artis-Payne ","CAR",78,297,38.1,0,0,0,0,53.8,220.2,1.5,8.4,69.5,0.2,0,0,0.4,0,0,0,0,0,0,0
"JACQUIZZRODGERS","RB","fp","CHI","Jacquizz Rodgers ","CHI",79,298,37.8,0,0,0,0,45.6,178.1,1.1,18.1,125.1,0.5,0,0,0.9,0,0,0,0,0,0,0
"DARRENFELLS","TE","fp","ARI","Darren Fells ","ARI",41,299,37.4,0,0,0,0,0,0,0,20.6,230.5,2.5,0,0,0.3,0,0,0,0,0,0,0
"JUSTINHARDY","WR","fp","ATL","Justin Hardy ","ATL",110,300,36,0,0,0,0,0,0,0,21.7,273.9,1.5,0,0,0.2,0,0,0,0,0,0,0
"JEREMYKERLEY","WR","fp","NYJ","Jeremy Kerley ","NYJ",111,301,35.8,0,0,0,0,1.3,8,0,20.8,259.2,1.6,0,0,0.2,0,0,0,0,0,0,0
"TOBYGERHART","RB","fp","JAC","Toby Gerhart ","JAC",80,302,35.1,0,0,0,0,36.9,147.1,1.1,16,129.6,0.4,0,0,0.9,0,0,0,0,0,0,0
"TEDGINN","WR","fp","CAR","Ted Ginn ","CAR",112,303,34.7,0,0,0,0,3.2,20.2,0,18.4,263.9,1.5,0,0,1.3,0,0,0,0,0,0,0
"MARCEDESLEWIS","TE","fp","JAC","Marcedes Lewis ","JAC",42,304,34.1,0,0,0,0,0,0,0,20.8,239.6,1.9,0,0,0.6,0,0,0,0,0,0,0
"MARLONBROWN","WR","fp","BAL","Marlon Brown ","BAL",113,305,34,0,0,0,0,0,0.1,0,20.7,250.1,1.6,0,0,0.2,0,0,0,0,0,0,0
"DEREKCARRIER","TE","fp","WAS","Derek Carrier ","WAS",43,306,33.7,0,0,0,0,0,0,0,22.4,263.9,1.3,0,0,0.3,0,0,0,0,0,0,0
"SCOTTCHANDLER","TE","fp","NE","Scott Chandler","NE",43,306,33.7,0,0,0,0,0,0,0,20.2,229.3,1.8,0,0,0.2,0,0,0,0,0,0,0
"CLIVEWALFORD","TE","fp","OAK","Clive Walford ","OAK",45,308,33.4,0,0,0,0,0,0,0,20.4,236.5,1.7,0,0,0.2,0,0,0,0,0,0,0
"KARLOSWILLIAMS","RB","fp","BUF","Karlos Williams ","BUF",81,309,33.3,0,0,0,0,46.8,187.4,1.3,8.2,62.9,0.2,0,0,0.5,0,0,0,0,0,0,0
"DIONSIMS","TE","fp","MIA","Dion Sims ","MIA",46,309,33.3,0,0,0,0,0,0,0,21.2,234.2,1.7,0,0,0.3,0,0,0,0,0,0,0
"DEANTHONYTHOMAS","RB","fp","KC","De'Anthony Thomas","KC",82,311,33.2,0,0,0,0,12.3,71.3,0.2,24,180.5,1.1,0,0,0,0,0,0,0,0,0,0
"BRANDONBOLDEN","RB","fp","NE","Brandon Bolden","NE",83,312,32.7,0,0,0,0,43.4,173.1,1.4,10.3,69.7,0.2,0,0,0.6,0,0,0,0,0,0,0
"JOHNNYMANZIEL","QB","fp","CLE","Johnny Manziel ","CLE",36,313,32.2,83.8,546.2,2.8,2.9,10.9,41,0.4,0,0,0,0,0,0.8,0,0,0,0,0,0,0
"KHIRYROBINSON","RB","fp","NO","Khiry Robinson","NO",84,314,31.7,0,0,0,0,37.3,163.9,1.4,7.5,62.8,0.2,0,0,0.5,0,0,0,0,0,0,0
"QUINTONPATTON","WR","fp","SF","Quinton Patton","SF",114,315,31.3,0,0,0,0,1.2,7.5,0,20.7,264.4,1.1,0,0,1.3,0,0,0,0,0,0,0
"RYANHEWITT","TE","fp","CIN","Ryan Hewitt ","CIN",47,315,31.3,0,0,0,0,0,0,0,22.5,229,1.5,0,0,0.3,0,0,0,0,0,0,0
"LUKEWILLSON","TE","fp","SEA","Luke Willson ","SEA",48,317,31.1,0,0,0,0,0,0,0,16.6,216.4,1.6,0,0,0.1,0,0,0,0,0,0,0
"DEVINHESTER","WR","fp","ATL","Devin Hester ","ATL",115,318,31,0,0,0,0,3,18.9,0.1,19.4,248.6,1,0,0,1,0,0,0,0,0,0,0
"JERMAINEGRESHAM","TE","fp","ARI","Jermaine Gresham ","ARI",49,318,31,0,0,0,0,0,0,0,22.3,215.8,1.8,0,0,0.6,0,0,0,0,0,0,0
"QUINCYENUNWA","WR","fp","NYJ","Quincy Enunwa ","NYJ",116,320,30.8,0,0,0,0,0,0,0,18.6,232.4,1.3,0,0,0.2,0,0,0,0,0,0,0
"FOZZYWHITTAKER","RB","fp","CAR","Fozzy Whittaker ","CAR",85,321,30.5,0,0,0,0,36.1,142.7,0.7,8,81.4,0.9,0,0,0.8,0,0,0,0,0,0,0
"MARCELREECE","RB","fp","OAK","Marcel Reece ","OAK",86,322,30.3,0,0,0,0,18.6,73.7,0.5,19.9,172,0.7,0,0,0.6,0,0,0,0,0,0,0
"RYANGRANT","WR","fp","WAS","Ryan Grant ","WAS",117,323,29.7,0,0,0,0,0,0,0,16.1,237.4,1.1,0,0,0.3,0,0,0,0,0,0,0
"EJMANUEL","QB","fp","BUF","E.J. Manuel ","BUF",37,324,29.5,72.5,481.3,2.9,2.2,8.9,32.1,0.1,0,0,0,0,0,0.5,0,0,0,0,0,0,0
"COREYFULLER","WR","fp","DET","Corey Fuller ","DET",118,324,29.5,0,0,0,0,1.3,8.8,0,16.7,240.6,1.2,0,0,1.4,0,0,0,0,0,0,0
"DANIELFELLS","TE","fp","NYG","Daniel Fells ","NYG",50,326,29.3,0,0,0,0,0,0,0,17.4,195.1,2,0,0,1.2,0,0,0,0,0,0,0
"JOSHROBINSON","RB","fp","IND","Josh Robinson ","IND",87,327,29,0,0,0,0,44.3,185,0.7,7.6,59.8,0.1,0,0,0,0,0,0,0,0,0,0
"EDDICKSON","TE","fp","CAR","Ed Dickson ","CAR",51,328,28.7,0,0,0,0,0,0,0,18.7,204.9,1.5,0,0,0.3,0,0,0,0,0,0,0
"DARRELYOUNG","RB","fp","WAS","Darrel Young ","WAS",88,329,28.5,0,0,0,0,8.4,35.2,1.5,9.1,83.2,1.3,0,0,0.1,0,0,0,0,0,0,0
"GARYBARNIDGE","TE","fp","CLE","Gary Barnidge ","CLE",52,330,27.6,0,0,0,0,0,0,0,18.1,196.3,1.4,0,0,0.2,0,0,0,0,0,0,0
"JAMESOSHAUGHNESSY","TE","fp","KC","James O'Shaughnessy","KC",53,331,27.5,0,0,0,0,0,0,0,19.7,190.5,1.5,0,0,0.3,0,0,0,0,0,0,0
"MATTSPAETH","TE","fp","PIT","Matt Spaeth ","PIT",53,331,27.5,0,0,0,0,0,0,0,17.2,186.5,1.6,0,0,0.2,0,0,0,0,0,0,0
"JONATHANGRIMES","RB","fp","HOU","Jonathan Grimes ","HOU",89,333,27.2,0,0,0,0,34,134.8,0.6,9.3,81.5,0.4,0,0,0.4,0,0,0,0,0,0,0
"LAMICHAELJAMES","RB","fp","MIA","LaMichael James ","MIA",90,334,27,0,0,0,0,33.9,139.5,0.9,11,74.8,0.4,0,0,0.9,0,0,0,0,0,0,0
"JOSHHUFF","WR","fp","PHI","Josh Huff ","PHI",119,334,27,0,0,0,0,0.4,1.3,0,17.7,236.1,1.2,0,0,2,0,0,0,0,0,0,0
"RHETTELLISON","TE","fp","MIN","Rhett Ellison ","MIN",55,334,27,0,0,0,0,0,0,0,16.9,195.1,1.3,0,0,0.1,0,0,0,0,0,0,0
"CHRISGRAGG","TE","fp","BUF","Chris Gragg ","BUF",56,337,26.6,0,0,0,0,0,0,0,16.3,173.6,1.7,0,0,0.4,0,0,0,0,0,0,0
"JAMESDEVELIN","RB","fp","NE","James Develin","NE",91,338,26.3,0,0,0,0,6.9,14.5,0.7,15.9,122,1.4,0,0,0,0,0,0,0,0,0,0
"JASONAVANT","WR","fp","KC","Jason Avant","KC",120,339,25.8,0,0,0,0,0.2,0.3,0,20.4,214.4,0.8,0,0,0.2,0,0,0,0,0,0,0
"ANTONESMITH","RB","fp","ATL","Antone Smith ","ATL",92,340,25.4,0,0,0,0,23.7,120,0.8,7.4,65.5,0.4,0,0,0.2,0,0,0,0,0,0,0
"SHONNGRE","RB","fp","ene","Shonn Gre","ene",93,341,25.3,0,0,0,0,32.9,127.3,1.1,6.5,55,0.1,0,0,0,0,0,0,0,0,0,0
"BOBBYRAINEY","RB","fp","TB","Bobby Rainey","TB",93,341,25.3,0,0,0,0,30.2,128.1,0.8,10,78.6,0.1,0,0,0.5,0,0,0,0,0,0,0
"BRUCEMILLER","RB","fp","SF","Bruce Miller","SF",95,343,25,0,0,0,0,12.9,38.3,0.3,15.5,149.6,1,0,0,0.7,0,0,0,0,0,0,0
"CHRISMATTHEWS","WR","fp","SEA","Chris Matthews ","SEA",121,344,24.6,0,0,0,0,0,0,0,12.9,181.5,1.1,0,0,0.1,0,0,0,0,0,0,0
"TONYMOEAKI","TE","fp","ATL","Tony Moeaki ","ATL",57,345,24.5,0,0,0,0,0,0,0,13.4,162.4,1.5,0,0,0.2,0,0,0,0,0,0,0
"ZACHLINE","RB","fp","MIN","Zach Line ","MIN",96,346,24.3,0,0,0,0,17.7,88,0.7,12.1,97,0.3,0,0,0.1,0,0,0,0,0,0,0
"CHRISPOLK","RB","fp","HOU","Chris Polk ","HOU",97,347,24.2,0,0,0,0,32.3,142.2,1,4.8,39.9,0.1,0,0,0.3,0,0,0,0,0,0,0
"JAYAJAYI","RB","fp","MIA","Jay Ajayi ","MIA",97,347,24.2,0,0,0,0,31.4,129,0.7,9.1,66.9,0.1,0,0,0.1,0,0,0,0,0,0,0
"JARRETTBOY","WR","fp","kin","Jarrett Boy","kin",122,347,24.2,0,0,0,0,0,0,0,13.8,179.2,1.1,0,0,0,0,0,0,0,0,0,0
"ANDRECALDWELL","WR","fp","DEN","Andre Caldwell ","DEN",122,347,24.2,0,0,0,0,0.1,0.7,0,14.6,194.3,0.8,0,0,0.2,0,0,0,0,0,0,0
"MATTASIATA","RB","fp","MIN","Matt Asiata ","MIN",99,351,24.1,0,0,0,0,18,77.1,0.8,12,90.1,0.5,0,0,0.2,0,0,0,0,0,0,0
"ANTHONYFASANO","TE","fp","TEN","Anthony Fasano ","TEN",58,352,23.6,0,0,0,0,0,0,0,14.3,143.7,1.6,0,0,0.2,0,0,0,0,0,0,0
"JACOBYJONES","WR","fp","SD","Jacoby Jones","SD",124,353,23.4,0,0,0,0,0.3,0.3,0,15,194.6,1,0,0,0.9,0,0,0,0,0,0,0
"JARONBROWN","WR","fp","ARI","Jaron Brown ","ARI",125,354,23.3,0,0,0,0,0,0,0,12.6,178,1,0,0,0.2,0,0,0,0,0,0,0
"CJFIEDOROWICZ","TE","fp","HOU","C.J. Fiedorowicz ","HOU",59,354,23.3,0,0,0,0,0,0,0,15.5,164.2,1.2,0,0,0.3,0,0,0,0,0,0,0
"KENDALLHUNTER","RB","fp","SF","Kendall Hunter","SF",100,356,23.1,0,0,0,0,29.8,128.8,0.7,7.4,57.4,0.1,0,0,0.1,0,0,0,0,0,0,0
"JAMESCASEY","TE","fp","DEN","James Casey ","DEN",60,356,23.1,0,0,0,0,0,0,0,10,111,2,0,0,0,0,0,0,0,0,0,0
"BRUCEELLINGTON","WR","fp","SF","Bruce Ellington","SF",126,358,22.9,0,0,0,0,2.3,15,0,9.9,139.6,1.3,0,0,0.3,0,0,0,0,0,0,0
"AUSTINJOHNSON","RB","fp","NO","Austin Johnson","NO",101,359,22.1,0,0,0,0,12,36.5,0.2,10.8,91.4,1.4,0,0,0.1,0,0,0,0,0,0,0
"JEREMYROSS","WR","fp","DET","Jeremy Ross ","DET",127,360,22,0,0,0,0,0.1,0.3,0,13.4,180.1,1,0,0,1.1,0,0,0,0,0,0,0
"CHRISHOGAN","WR","fp","BUF","Chris Hogan ","BUF",127,360,22,0,0,0,0,0,0,0,14.4,170.9,1.3,0,0,1.4,0,0,0,0,0,0,0
"JEREMYLANGFORD","RB","fp","CHI","Jeremy Langford ","CHI",102,362,21.9,0,0,0,0,40.6,162.5,0.8,1.8,14.5,0,0,0,0.4,0,0,0,0,0,0,0
"BRANDONMYERS","TE","fp","TB","Brandon Myers","TB",61,363,21.8,0,0,0,0,0,0,0,16.9,169.5,0.9,0,0,0.2,0,0,0,0,0,0,0
"JAMISONCROWDER","WR","fp","WAS","Jamison Crowder ","WAS",129,364,21.4,0,0,0,0,0,0,0,14.8,176.7,0.7,0,0,0.3,0,0,0,0,0,0,0
"MARKSANCHEZ","QB","fp","PHI","Mark Sanchez ","PHI",38,365,21.2,47.5,351.5,2.4,1.8,5.5,14.7,0,0,0,0,0,0,0.3,0,0,0,0,0,0,0
"RICARDOLOCKETTE","WR","fp","SEA","Ricardo Lockette ","SEA",130,366,21.1,0,0,0,0,0.3,2.1,0,11.3,155.3,0.9,0,0,0.1,0,0,0,0,0,0,0
"DRIARCHER","RB","fp","PIT","Dri Archer ","PIT",103,367,20.8,0,0,0,0,18,66.1,0.2,12.9,101.8,0.5,0,0,0.3,0,0,0,0,0,0,0
"JOHNKUHN","RB","fp","GB","John Kuhn","GB",104,368,20.4,0,0,0,0,20.8,76.9,1.1,8.5,58.4,0.2,0,0,0.4,0,0,0,0,0,0,0
"RISHARDMATTHEWS","WR","fp","MIA","Rishard Matthews ","MIA",131,369,20.2,0,0,0,0,0.2,0.3,0,11.6,148.4,0.9,0,0,0.1,0,0,0,0,0,0,0
"LEVINETOILOLO","TE","fp","ATL","Levine Toilolo ","ATL",62,369,20.2,0,0,0,0,0,0,0,15.3,146.5,1,0,0,0.1,0,0,0,0,0,0,0
"DERRICKCOLEMAN","RB","fp","SEA","Derrick Coleman ","SEA",105,371,20.1,0,0,0,0,1.5,2.4,0,7.3,84.7,1.9,0,0,0,0,0,0,0,0,0,0
"KADEEMCAREY","RB","fp","CHI","Ka'Deem Carey ","CHI",105,371,20.1,0,0,0,0,23,101.5,0.5,6.9,59.5,0.2,0,0,0.1,0,0,0,0,0,0,0
"SAMMIECOATES","WR","fp","PIT","Sammie Coates ","PIT",132,373,20,0,0,0,0,0,0,0,11.3,154.5,0.8,0,0,0.1,0,0,0,0,0,0,0
"DENNISPITTA","TE","fp","BAL","Dennis Pitta ","BAL",63,374,19.5,0,0,0,0,0,0,0,11.5,134.5,1,0,0,0,0,0,0,0,0,0,0
"ANTHONYDIXON","RB","fp","BUF","Anthony Dixon ","BUF",107,375,19.3,0,0,0,0,26,101,1.1,3.5,27.3,0.1,0,0,0.2,0,0,0,0,0,0,0
"BRANDONTATE","WR","fp","CIN","Brandon Tate ","CIN",133,376,19.2,0,0,0,0,0.5,3.6,0,14,172.4,0.6,0,0,1,0,0,0,0,0,0,0
"PRESTONPARKER","WR","fp","NYG","Preston Parker ","NYG",134,377,19.1,0,0,0,0,0,0,0,11.6,153,0.7,0,0,0.2,0,0,0,0,0,0,0
"JEROMESIMPSON","WR","fp","SF","Jerome Simpson","SF",135,378,19,0,0,0,0,0,0,0,11.1,153.2,0.7,0,0,0.2,0,0,0,0,0,0,0
"KENNYBELL","WR","fp","TB","Kenny Bell","TB",136,379,18.9,0,0,0,0,0,0,0,11.7,150.3,0.7,0,0,0.2,0,0,0,0,0,0,0
"STEPFANTAYLOR","RB","fp","ARI","Stepfan Taylor ","ARI",108,380,18.8,0,0,0,0,28.1,104.6,0.2,7.9,64.2,0.1,0,0,0,0,0,0,0,0,0,0
"DANTEROSARIO","TE","fp","CHI","Dante Rosario ","CHI",64,380,18.8,0,0,0,0,0,0,0,15.8,151.8,0.8,0,0,0.7,0,0,0,0,0,0,0
"MICHAELCAMPANARO","WR","fp","BAL","Michael Campanaro ","BAL",137,382,18.5,0,0,0,0,2.1,14,0,10.2,132.5,0.7,0,0,0.3,0,0,0,0,0,0,0
"KELLENDAVIS","TE","fp","NYJ","Kellen Davis ","NYJ",65,383,18.4,0,0,0,0,0,0,0,13,135.4,0.9,0,0,0.2,0,0,0,0,0,0,0
"CHRISTINEMICHAEL","RB","fp","SEA","Christine Michael ","SEA",109,384,18.3,0,0,0,0,28.9,131.2,0.5,3.1,25,0.1,0,0,0.4,0,0,0,0,0,0,0
"ZACSTACY","RB","fp","NYJ","Zac Stacy ","NYJ",110,385,18.2,0,0,0,0,34,137.5,0.5,3.1,22.6,0.1,0,0,0.7,0,0,0,0,0,0,0
"BRANDONPETTIGREW","TE","fp","DET","Brandon Pettigrew ","DET",66,386,18.1,0,0,0,0,0,0,0,14,134.4,0.9,0,0,0.3,0,0,0,0,0,0,0
"TROYNIKLAS","TE","fp","ARI","Troy Niklas ","ARI",67,387,18,0,0,0,0,0,0,0,12.4,138.4,0.7,0,0,0,0,0,0,0,0,0,0
"JOSEPHFAURIA","TE","fp","DET","Joseph Fauria ","DET",68,388,17.9,0,0,0,0,0,0,0,9.7,107.7,1.2,0,0,0.1,0,0,0,0,0,0,0
"RASHADGREENE","WR","fp","JAC","Rashad Greene ","JAC",138,389,17.6,0,0,0,0,0,0,0,11.5,148.8,0.5,0,0,0.2,0,0,0,0,0,0,0
"JIMDRAY","TE","fp","CLE","Jim Dray ","CLE",69,389,17.6,0,0,0,0,0,0,0,12.1,141.8,0.7,0,0,0.3,0,0,0,0,0,0,0
"DONTRELLEINMAN","WR","fp","SD","Dontrelle Inman","SD",139,391,16.6,0,0,0,0,0,0,0,9.7,130.6,0.6,0,0,0,0,0,0,0,0,0,0
"PATRICKDIMARCO","RB","fp","ATL","Patrick DiMarco ","ATL",111,392,16.4,0,0,0,0,3.2,12.4,0,12.6,94.7,0.9,0,0,0,0,0,0,0,0,0,0
"ANTHONYSHERMAN","RB","fp","KC","Anthony Sherman","KC",112,393,16.1,0,0,0,0,4.6,20.1,0.2,10.2,79.9,0.9,0,0,0.2,0,0,0,0,0,0,0
"TYLERKROFT","TE","fp","CIN","Tyler Kroft ","CIN",70,394,15.8,0,0,0,0,0,0,0,10.4,107.8,0.9,0,0,0.3,0,0,0,0,0,0,0
"TRAVISBENJAMIN","WR","fp","CLE","Travis Benjamin ","CLE",140,395,15.7,0,0,0,0,1.7,10.1,0,7.9,123.3,0.4,0,0,0,0,0,0,0,0,0,0
"LEESMITH","TE","fp","OAK","Lee Smith ","OAK",71,395,15.7,0,0,0,0,0,0,0,12.3,110.9,0.8,0,0,0.2,0,0,0,0,0,0,0
"SEANTAVIUSJONES","WR","fp","NO","Seantavius Jones","NO",141,397,15.6,0,0,0,0,0,0,0,7.8,118.2,0.7,0,0,0.1,0,0,0,0,0,0,0
"CRAIGSTEVENS","TE","fp","TEN","Craig Stevens ","TEN",72,397,15.6,0,0,0,0,0,0,0,9.4,108.8,0.8,0,0,0,0,0,0,0,0,0,0
"MATTCASSEL","QB","fp","BUF","Matt Cassel ","BUF",39,399,15.1,48.3,320.3,1.4,2,5.2,15.2,0.1,0,0,0,0,0,0.6,0,0,0,0,0,0,0
"KYLEJUSZCZYK","RB","fp","BAL","Kyle Juszczyk ","BAL",113,400,15,0,0,0,0,0.8,2,0,19.6,148.7,0.6,0,0,1.7,0,0,0,0,0,0,0
"JEROMEFELTON","RB","fp","BUF","Jerome Felton ","BUF",113,400,15,0,0,0,0,14.1,64.7,0.4,7.1,49.3,0.2,0,0,0.1,0,0,0,0,0,0,0
"STORMJOHNSON","RB","fp","JAC","Storm Johnson ","JAC",115,402,14.5,0,0,0,0,23.3,79.5,0.4,5.5,34.4,0.1,0,0,0,0,0,0,0,0,0,0
"TOMMYBOHANON","RB","fp","NYJ","Tommy Bohanon ","NYJ",116,403,14.4,0,0,0,0,10.4,39.3,0.2,9.7,83.5,0.2,0,0,0,0,0,0,0,0,0,0
"VICKBALLARD","RB","fp","IND","Vick Ballard ","IND",116,403,14.4,0,0,0,0,16.2,67.3,0.5,5.3,41.7,0.1,0,0,0.1,0,0,0,0,0,0,0
"JALSTONFOWLER","RB","fp","TEN","Jalston Fowler ","TEN",118,405,14.2,0,0,0,0,12.8,49.7,0.4,6.5,57.2,0.3,0,0,0.1,0,0,0,0,0,0,0
"TYLERCLUTTS","RB","fp","DAL","Tyler Clutts ","DAL",119,406,14,0,0,0,0,8.5,24.8,0.2,6.4,25,1.6,0,0,0.6,0,0,0,0,0,0,0
"KELLENMOORE","QB","fp","DET","Kellen Moore ","DET",40,407,13.9,33.3,228.3,1.4,1,2.4,7.3,0.1,0,0,0,0,0,0.2,0,0,0,0,0,0,0
"COREYWASHINGTON","WR","fp","NYG","Corey Washington ","NYG",142,407,13.9,0,0,0,0,0,0,0,8.4,105.7,0.6,0,0,0.1,0,0,0,0,0,0,0
"MARQUEISGRAY","TE","fp","BUF","MarQueis Gray ","BUF",73,407,13.9,0,0,0,0,0,0,0,9.2,103.6,0.7,0,0,0.3,0,0,0,0,0,0,0
"PAULRICHARDSON","WR","fp","SEA","Paul Richardson ","SEA",143,410,13.8,0,0,0,0,0,0,0,8,108.8,0.5,0,0,0,0,0,0,0,0,0,0
"COLTMCCOY","QB","fp","WAS","Colt McCoy ","WAS",41,411,13.6,30.3,220.6,1.5,1,3.1,10,0.1,0,0,0,0,0,0.3,0,0,0,0,0,0,0
"MICHAELDYER","RB","fp","OAK","Michael Dyer ","OAK",120,412,13.3,0,0,0,0,18.5,73.1,0.4,4.3,34.5,0.1,0,0,0.3,0,0,0,0,0,0,0
"JUWANTHOMPSON","RB","fp","DEN","Juwan Thompson ","DEN",120,412,13.3,0,0,0,0,16,72.2,0.7,2.8,19.4,0,0,0,0.1,0,0,0,0,0,0,0
"DEVINSTREET","WR","fp","DAL","Devin Street ","DAL",144,412,13.3,0,0,0,0,0,0,0,8.5,116.5,0.3,0,0,0,0,0,0,0,0,0,0
"ROBERTHUGHES","RB","fp","ARI","Robert Hughes ","ARI",122,415,12.9,0,0,0,0,17.8,55.7,0.6,3.4,29.9,0.2,0,0,0.3,0,0,0,0,0,0,0
"MILESAUSTIN","WR","fp","PHI","Miles Austin ","PHI",145,416,12.8,0,0,0,0,0,0,0,6.9,88.9,0.7,0,0,0,0,0,0,0,0,0,0
"MALCOLMJOHNSON","RB","fp","CLE","Malcolm Johnson ","CLE",123,417,12.6,0,0,0,0,10.4,40.6,0.2,7.5,61.1,0.2,0,0,0,0,0,0,0,0,0,0
"VANCEMCDONALD","TE","fp","SF","Vance McDonald","SF",74,417,12.6,0,0,0,0,0,0,0,12.4,132.9,0.4,0,0,1.5,0,0,0,0,0,0,0
"MYCOLEPRUITT","TE","fp","MIN","MyCole Pruitt ","MIN",75,419,12.5,0,0,0,0,0,0,0,7.6,86.3,0.7,0,0,0.1,0,0,0,0,0,0,0
"TRAVARISCADET","RB","fp","NE","Travaris Cadet","NE",124,420,12.3,0,0,0,0,9,41,0,8.1,63.7,0.3,0,0,0.1,0,0,0,0,0,0,0
"JOSEPHMORGAN","WR","fp","NO","Joseph Morgan","NO",146,421,12.2,0,0,0,0,0,0.8,0,5.6,84.6,0.6,0,0,0,0,0,0,0,0,0,0
"BJDANIELS","QB","fp","SEA","B.J. Daniels ","SEA",42,422,12.1,28.7,203.7,1.2,1,2.7,10.6,0,0,0,0,0,0,0.1,0,0,0,0,0,0,0
"JAMESCASEY","RB","fp","DEN","James Casey ","DEN",125,423,12,0,0,0,0,0.2,0.2,0,8.7,78.2,0.7,0,0,0.1,0,0,0,0,0,0,0
"MICHAELBURTON","RB","fp","DET","Michael Burton ","DET",126,424,11.8,0,0,0,0,14.1,52.3,0.3,5.6,45.3,0.1,0,0,0.1,0,0,0,0,0,0,0
"RYANHEWITT","RB","fp","CIN","Ryan Hewitt ","CIN",127,425,11.4,0,0,0,0,8.2,26.2,0.2,6.7,57.7,0.3,0,0,0.1,0,0,0,0,0,0,0
"TRENTRICHARD","RB","fp","son","Trent Richard","son",127,425,11.4,0,0,0,0,19,72.5,0.5,1.5,11,0,0,0,0,0,0,0,0,0,0,0
"DARRIUSHEYWARDBEY","WR","fp","PIT","Darrius Heyward-Bey ","PIT",147,425,11.4,0,0,0,0,0.2,0.8,0,8.3,93.5,0.4,0,0,0.3,0,0,0,0,0,0,0
"CLAYHARBOR","TE","fp","JAC","Clay Harbor ","JAC",76,428,11.3,0,0,0,0,0,0,0,8.3,85.4,0.5,0,0,0.1,0,0,0,0,0,0,0
"JAYPROSCH","RB","fp","HOU","Jay Prosch ","HOU",129,429,11.2,0,0,0,0,10.6,38.6,0.2,5.4,54,0.1,0,0,0.1,0,0,0,0,0,0,0
"CHRISTHOMPSON","RB","fp","WAS","Chris Thompson ","WAS",130,430,10.5,0,0,0,0,8.6,33.3,0.2,6.6,53.1,0.2,0,0,0.2,0,0,0,0,0,0,0
"HENRYHYNOSKI","RB","fp","NYG","Henry Hynoski ","NYG",131,431,10.3,0,0,0,0,16.7,56.9,0.4,3.3,21.3,0,0,0,0.1,0,0,0,0,0,0,0
"DEREKANDERSON","QB","fp","CAR","Derek Anderson ","CAR",43,432,10.2,23.3,168.1,1.1,0.7,2.7,7.4,0,0,0,0,0,0,0.3,0,0,0,0,0,0,0
"DREWSTANTON","QB","fp","ARI","Drew Stanton ","ARI",43,432,10.2,27,186,1,0.8,2,6.5,0,0,0,0,0,0,0.2,0,0,0,0,0,0,0
"FITZGERALDTOUSSAINT","RB","fp","BAL","Fitzgerald Toussaint ","BAL",132,432,10.2,0,0,0,0,10.7,42.9,0.3,4,33.1,0.2,0,0,0.1,0,0,0,0,0,0,0
"WALTPOWELL","WR","fp","NYJ","Walt Powell ","NYJ",148,435,10.1,0,0,0,0,0,0,0,6.2,79.8,0.4,0,0,0,0,0,0,0,0,0,0
"JACKDOYLE","TE","fp","IND","Jack Doyle ","IND",77,436,10,0,0,0,0,0,0,0,6.4,59.5,0.7,0,0,0.1,0,0,0,0,0,0,0
"SAALIMHA","WR","fp","kim","Saalim Ha","kim",149,437,9.7,0,0,0,0,0,0,0,6,81.7,0.3,0,0,0,0,0,0,0,0,0,0
"TERRELLEPRYOR","WR","fp","CLE","Terrelle Pryor ","CLE",149,437,9.7,0,0,0,0,4.5,29.9,0.1,3.8,48.5,0.2,0,0,0.1,0,0,0,0,0,0,0
"IFEANYIMOMAH","TE","fp","ARI","Ifeanyi Momah ","ARI",78,437,9.7,0,0,0,0,0,0,0,5.8,66.5,0.5,0,0,0.1,0,0,0,0,0,0,0
"RYANGRIFFIN","TE","fp","HOU","Ryan Griffin ","HOU",78,437,9.7,0,0,0,0,0,0,0,6.4,71.7,0.4,0,0,0.1,0,0,0,0,0,0,0
"BLAKEBELL","TE","fp","SF","Blake Bell","SF",80,441,9.6,0,0,0,0,0,0,0,6.4,72.2,0.4,0,0,0.1,0,0,0,0,0,0,0
"MATTSLATER","WR","fp","NE","Matt Slater","NE",151,442,9.5,0,0,0,0,0,0,0,5.6,70.6,0.4,0,0,0,0,0,0,0,0,0,0
"BRANDONWEEDEN","QB","fp","DAL","Brandon Weeden ","DAL",45,443,9.4,19.6,140.6,1.1,0.3,1.1,3,0,0,0,0,0,0,0.1,0,0,0,0,0,0,0
"DARYLRICHARDSON","RB","fp","NYJ","Daryl Richardson ","NYJ",133,443,9.4,0,0,0,0,12.9,60,0.3,1.9,17.6,0,0,0,0.1,0,0,0,0,0,0,0
"JEFFMAEHL","WR","fp","PHI","Jeff Maehl ","PHI",152,443,9.4,0,0,0,0,0,0,0,6.3,70.5,0.4,0,0,0,0,0,0,0,0,0,0
"COOPERHELFET","TE","fp","SEA","Cooper Helfet ","SEA",81,443,9.4,0,0,0,0,0,0,0,4.7,59.2,0.6,0,0,0,0,0,0,0,0,0,0
"WILLJOHN","RB","fp","son","Will John","son",134,447,9.3,0,0,0,0,2,4.9,0,9.1,68.2,0.3,0,0,0.1,0,0,0,0,0,0,0
"TAIWANJONES","RB","fp","OAK","Taiwan Jones ","OAK",134,447,9.3,0,0,0,0,9.1,35.2,0.2,4.3,35.7,0.1,0,0,0,0,0,0,0,0,0,0
"DEMETRIUSHARRIS","TE","fp","KC","Demetrius Harris","KC",82,447,9.3,0,0,0,0,0,0,0,7.1,67.7,0.4,0,0,0,0,0,0,0,0,0,0
"DJWILLIAMS","TE","fp","WAS","D.J. Williams ","WAS",83,450,9.2,0,0,0,0,0,0,0,5.2,59.4,0.6,0,0,0,0,0,0,0,0,0,0
"JOSHHARRIS","RB","fp","PIT","Josh Harris ","PIT",136,451,9.1,0,0,0,0,15.6,60.2,0.4,1.6,10.5,0,0,0,0.2,0,0,0,0,0,0,0
"MARIONGRICE","RB","fp","ARI","Marion Grice ","ARI",137,452,9,0,0,0,0,9.3,37,0.3,4.6,31.5,0.1,0,0,0,0,0,0,0,0,0,0
"JORVORSKIELANE","RB","fp","TB","Jorvorskie Lane","TB",138,453,8.9,0,0,0,0,6.7,35.4,0.2,4.9,34.7,0.1,0,0,0.1,0,0,0,0,0,0,0
"RASHADROSS","WR","fp","WAS","Rashad Ross ","WAS",153,453,8.9,0,0,0,0,0,0,0,5.7,71.7,0.3,0,0,0,0,0,0,0,0,0,0
"ZACHMETTENBERGER","QB","fp","TEN","Zach Mettenberger ","TEN",46,455,8.8,23.1,154.3,0.9,0.7,1.4,5.8,0,0,0,0,0,0,0.1,0,0,0,0,0,0,0
"AUSTINPETTIS","WR","fp","SD","Austin Pettis","SD",154,455,8.8,0,0,0,0,0,0,0,5.2,62.7,0.4,0,0,0,0,0,0,0,0,0,0
"JIMMYCLAUSEN","QB","fp","CHI","Jimmy Clausen ","CHI",47,457,8.7,24,157.7,0.9,0.6,1.9,6.4,0,0,0,0,0,0,0.4,0,0,0,0,0,0,0
"MARLONMOORE","WR","fp","CLE","Marlon Moore ","CLE",155,458,8.6,0,0,0,0,0,-0.2,0,5.8,71.9,0.2,0,0,0,0,0,0,0,0,0,0
"JOHNPHILLIPS","TE","fp","SD","John Phillips","SD",84,459,8.4,0,0,0,0,0,0,0,5.6,59.7,0.4,0,0,0.1,0,0,0,0,0,0,0
"CORYHARKEY","RB","fp","STL","Cory Harkey ","STL",139,460,8.3,0,0,0,0,0,0,0,7.4,63.1,0.4,0,0,0.1,0,0,0,0,0,0,0
"REXBURKHEAD","RB","fp","CIN","Rex Burkhead ","CIN",139,460,8.3,0,0,0,0,4.8,18.7,0.2,5.8,47.2,0.1,0,0,0.1,0,0,0,0,0,0,0
"RYANSPADOLA","WR","fp","ARI","Ryan Spadola ","ARI",156,462,8.1,0,0,0,0,0,0,0,5.1,64.6,0.3,0,0,0,0,0,0,0,0,0,0
"AUSTINDAVIS","QB","fp","STL","Austin Davis ","STL",48,463,7.9,21.8,143.6,0.8,0.7,2.2,5.6,0,0,0,0,0,0,0.2,0,0,0,0,0,0,0
"DUJUANHARRIS","RB","fp","MIN","DuJuan Harris ","MIN",141,464,7.8,0,0,0,0,8,28.7,0.1,3.8,36.5,0.1,0,0,0,0,0,0,0,0,0,0
"MICHAELHOOMANAWANUI","TE","fp","NE","Michael Hoomanawanui","NE",85,464,7.8,0,0,0,0,0,0,0,4.5,49.3,0.5,0,0,0,0,0,0,0,0,0,0
"CHASEDANIEL","QB","fp","KC","Chase Daniel","KC",49,466,7.7,17.9,115.6,0.7,0.3,1.9,8.6,0,0,0,0,0,0,0.1,0,0,0,0,0,0,0
"DEONTETHOMPSON","WR","fp","BUF","Deonte Thompson ","BUF",157,466,7.7,0,0,0,0,0,0,0,5.1,59.9,0.3,0,0,0,0,0,0,0,0,0,0
"DEVIERPO","WR","fp","sey","DeVier Po","sey",157,466,7.7,0,0,0,0,0,0,0,6,77,0,0,0,0,0,0,0,0,0,0,0
"ROBERTHERRON","WR","fp","TB","Robert Herron","TB",157,466,7.7,0,0,0,0,0,0,0,5,77,0,0,0,0,0,0,0,0,0,0,0
"KEVINDORSEY","WR","fp","NE","Kevin Dorsey","NE",157,466,7.7,0,0,0,0,0,0,0,4.7,55.5,0.4,0,0,0,0,0,0,0,0,0,0
"DAVIDJOHNSON","TE","fp","SD","David Johnson","SD",86,471,7.6,0,0,0,0,0,0,0,5.3,52,0.4,0,0,0.1,0,0,0,0,0,0,0
"MIKEGLENNON","QB","fp","TB","Mike Glennon","TB",50,472,7.5,18.9,129.3,0.8,0.7,3.8,8.4,0,0,0,0,0,0,0.2,0,0,0,0,0,0,0
"JORDANTODMAN","RB","fp","CAR","Jordan Todman ","CAR",142,472,7.5,0,0,0,0,8,37.6,0.2,2.7,19.3,0.1,0,0,0.1,0,0,0,0,0,0,0
"ERICWEEMS","WR","fp","ATL","Eric Weems ","ATL",161,472,7.5,0,0,0,0,0,0,0,4.3,57.1,0.3,0,0,0,0,0,0,0,0,0,0
"TREYBURTON","TE","fp","PHI","Trey Burton ","PHI",87,472,7.5,0,0,0,0,0,0,0,5.1,51.8,0.4,0,0,0,0,0,0,0,0,0,0
"MICHAELVICK","QB","fp","PIT","Michael Vick ","PIT",51,476,7.4,16.5,106,0.7,0.3,3.4,14.1,0,0,0,0,0,0,0.3,0,0,0,0,0,0,0
"MARQUISEGOODWIN","WR","fp","BUF","Marquise Goodwin ","BUF",162,476,7.4,0,0,0,0,0.1,-0.8,0,4.6,63.9,0.2,0,0,0,0,0,0,0,0,0,0
"STEFONDIGGS","WR","fp","MIN","Stefon Diggs ","MIN",163,478,7.3,0,0,0,0,0,0,0,4.7,61.4,0.2,0,0,0,0,0,0,0,0,0,0
"CHRISGIVENS","WR","fp","STL","Chris Givens ","STL",163,478,7.3,0,0,0,0,0,0.1,0,4.7,67.4,0.1,0,0,0,0,0,0,0,0,0,0
"BRENTONBERSIN","WR","fp","CAR","Brenton Bersin ","CAR",165,480,7.2,0,0,0,0,0,0,0,4,55.1,0.3,0,0,0.1,0,0,0,0,0,0,0
"TIMWRIGHT","TE","fp","DET","Tim Wright ","DET",88,480,7.2,0,0,0,0,0,0,0,5.6,62.3,0.2,0,0,0,0,0,0,0,0,0,0
"PHILLIPSUPERNAW","TE","fp","TEN","Phillip Supernaw ","TEN",88,480,7.2,0,0,0,0,0,0,0,5.7,48.7,0.4,0,0,0,0,0,0,0,0,0,0
"BRYCEBROWN","RB","fp","BUF","Bryce Brown ","BUF",143,483,7.1,0,0,0,0,10.5,40.1,0.1,2.8,26.3,0,0,0,0.2,0,0,0,0,0,0,0
"JJNELSON","WR","fp","ARI","J.J. Nelson ","ARI",166,483,7.1,0,0,0,0,0,0,0,4.3,53.7,0.3,0,0,0,0,0,0,0,0,0,0
"JAMESJONES","WR","fp","NYG","James Jones ","NYG",167,485,7,0,0,0,0,0,0,0,4.4,55.5,0.3,0,0,0.1,0,0,0,0,0,0,0
"MYLESWHITE","WR","fp","GB","Myles White","GB",167,485,7,0,0,0,0,0,0,0,3.2,50.2,0.3,0,0,0,0,0,0,0,0,0,0
"TREYWATTS","RB","fp","STL","Trey Watts ","STL",144,487,6.9,0,0,0,0,5.8,24.1,0.1,3.9,33,0.1,0,0,0,0,0,0,0,0,0,0
"TIMHIGHTOWER","RB","fp","NO","Tim Hightower","NO",145,488,6.8,0,0,0,0,8.1,30.2,0.2,3.1,22.5,0.1,0,0,0,0,0,0,0,0,0,0
"GREGSALAS","WR","fp","DET","Greg Salas ","DET",169,488,6.8,0,0,0,0,0.1,1.6,0,3.9,53.5,0.2,0,0,0,0,0,0,0,0,0,0
"CHARCANDRICKWEST","RB","fp","KC","Charcandrick West","KC",146,490,6.7,0,0,0,0,9.3,35.8,0.3,2.1,13.8,0,0,0,0.1,0,0,0,0,0,0,0
"CAMERONBRATE","TE","fp","TB","Cameron Brate","TB",90,490,6.7,0,0,0,0,0,0,0,3.7,44.7,0.4,0,0,0,0,0,0,0,0,0,0
"GARRETTCELEK","TE","fp","SF","Garrett Celek","SF",90,490,6.7,0,0,0,0,0,0,0,2.6,41.3,0.4,0,0,0,0,0,0,0,0,0,0
"BLAINEGABBERT","QB","fp","SF","Blaine Gabbert","SF",52,493,6.6,19.7,133.7,0.3,0.4,2.5,8.5,0,0,0,0,0,0,0.2,0,0,0,0,0,0,0
"ZURLONTIPTON","RB","fp","IND","Zurlon Tipton ","IND",147,493,6.6,0,0,0,0,7.3,23.5,0.2,2.7,26.7,0.2,0,0,0.1,0,0,0,0,0,0,0
"JUNIORHEMINGWAY","WR","fp","KC","Junior Hemingway","KC",170,493,6.6,0,0,0,0,0,0,0,5,66,0,0,0,0,0,0,0,0,0,0,0
"LANCEMOORE","WR","fp","DET","Lance Moore ","DET",170,493,6.6,0,0,0,0,0,0,0,4.1,53,0.2,0,0,0,0,0,0,0,0,0,0
"DURONCARTER","WR","fp","IND","Duron Carter ","IND",172,497,6.5,0,0,0,0,0,0,0,3.4,44.5,0.4,0,0,0,0,0,0,0,0,0,0
"JOSHMORGAN","WR","fp","NO","Josh Morgan","NO",173,498,6.4,0,0,0,0,0,0.4,0,4.6,54.5,0.2,0,0,0,0,0,0,0,0,0,0
"SHAUNHILL","QB","fp","MIN","Shaun Hill ","MIN",53,499,6.3,17.7,123,0.6,0.5,0.8,1.5,0.1,0,0,0,0,0,0.1,0,0,0,0,0,0,0
"CHADHENNE","QB","fp","JAC","Chad Henne ","JAC",53,499,6.3,20.9,127.1,0.5,0.5,1.5,6.2,0,0,0,0,0,0,0.2,0,0,0,0,0,0,0
"SEANMCGRATH","TE","fp","IND","Sean McGrath ","IND",92,499,6.3,0,0,0,0,0,0,0,3.7,44.5,0.3,0,0,0,0,0,0,0,0,0,0
"CASEKEENUM","QB","fp","STL","Case Keenum ","STL",55,502,6.2,15.9,107.6,0.6,0.4,0.3,2,0,0,0,0,0,0,0.1,0,0,0,0,0,0,0
"BRICEBUTLER","WR","fp","OAK","Brice Butler ","OAK",174,502,6.2,0,0,0,0,0,0,0,3.9,49.8,0.2,0,0,0,0,0,0,0,0,0,0
"DARRENWALLER","WR","fp","BAL","Darren Waller ","BAL",174,502,6.2,0,0,0,0,0,0,0,3.6,46,0.3,0,0,0,0,0,0,0,0,0,0
"ISAIAHBURSE","WR","fp","DEN","Isaiah Burse ","DEN",174,502,6.2,0,0,0,0,0,0,0,4.9,57.8,0.1,0,0,0,0,0,0,0,0,0,0
"CHASEFORD","TE","fp","MIN","Chase Ford ","MIN",93,502,6.2,0,0,0,0,0,0,0,3.8,46.4,0.3,0,0,0,0,0,0,0,0,0,0
"JERONHAMM","TE","fp","WAS","Je'Ron Hamm ","WAS",93,502,6.2,0,0,0,0,0,0,0,4,46.2,0.3,0,0,0,0,0,0,0,0,0,0
"ZACHZENNER","RB","fp","DET","Zach Zenner ","DET",148,508,6.1,0,0,0,0,12.3,48.5,0.2,0.3,2.8,0,0,0,0.1,0,0,0,0,0,0,0
"COLLINMOONEY","RB","fp","ATL","Collin Mooney ","ATL",149,509,6,0,0,0,0,2.9,11.1,0,4.6,35.7,0.2,0,0,0,0,0,0,0,0,0,0
"VINCEMAYLE","WR","fp","CLE","Vince Mayle ","CLE",177,509,6,0,0,0,0,0,0,0,3.6,47.7,0.2,0,0,0,0,0,0,0,0,0,0
"AARONDOBSON","WR","fp","NE","Aaron Dobson","NE",178,511,5.9,0,0,0,0,0,0,0,3.6,43.7,0.3,0,0,0,0,0,0,0,0,0,0
"JIMMYGAROPPOLO","QB","fp","NE","Jimmy Garoppolo","NE",56,512,5.8,16.3,103,0.6,0.5,1.4,3.1,0,0,0,0,0,0,0.1,0,0,0,0,0,0,0
"DONALDBROWN","RB","fp","SD","Donald Brown","SD",150,512,5.8,0,0,0,0,5.9,22.1,0.1,3.2,24.8,0.1,0,0,0,0,0,0,0,0,0,0
"KESHAWNMARTIN","WR","fp","HOU","Keshawn Martin ","HOU",179,512,5.8,0,0,0,0,0,0,0,4.2,48,0.2,0,0,0,0,0,0,0,0,0,0
"MIKEBROWN","WR","fp","CAR","Mike Brown ","CAR",180,515,5.7,0,0,0,0,0,0,0,3.1,48.5,0.2,0,0,0.2,0,0,0,0,0,0,0
"BRIANLEONHARDT","TE","fp","OAK","Brian Leonhardt ","OAK",95,516,5.6,0,0,0,0,0,0,0,4.5,37.6,0.3,0,0,0,0,0,0,0,0,0,0
"ADAMTHIELEN","WR","fp","MIN","Adam Thielen ","MIN",181,517,5.5,0,0,0,0,0,0,0,3.5,44.6,0.2,0,0,0,0,0,0,0,0,0,0
"KERWYNNWILLIAMS","RB","fp","ARI","Kerwynn Williams ","ARI",151,518,5.4,0,0,0,0,7,27.7,0.1,2.3,16.6,0,0,0,0,0,0,0,0,0,0,0
"MIKEDAVIS","RB","fp","SF","Mike Davis","SF",151,518,5.4,0,0,0,0,8.7,32.6,0.1,1.9,15.2,0,0,0,0.1,0,0,0,0,0,0,0
"VINCENTBROWN","WR","fp","IND","Vincent Brown ","IND",182,518,5.4,0,0,0,0,0,0,0,4.3,46.3,0.1,0,0,0,0,0,0,0,0,0,0
"ORLEANSDARKWA","RB","fp","NYG","Orleans Darkwa ","NYG",153,521,5.1,0,0,0,0,4.5,13.5,0.2,2.5,24.7,0.1,0,0,0.1,0,0,0,0,0,0,0
"RAYAGNEW","RB","fp","DAL","Ray Agnew ","DAL",153,521,5.1,0,0,0,0,5.6,23.9,0.3,1.5,10.3,0,0,0,0,0,0,0,0,0,0,0
"NEALSTERLING","WR","fp","JAC","Neal Sterling ","JAC",183,521,5.1,0,0,0,0,0,0,0,3.1,40.7,0.2,0,0,0,0,0,0,0,0,0,0
"ZACHMILLER","TE","fp","CHI","Zach Miller ","CHI",96,521,5.1,0,0,0,0,0,0,0,3.5,38.3,0.2,0,0,0,0,0,0,0,0,0,0
"ADRIENROBINSON","TE","fp","NYG","Adrien Robinson ","NYG",96,521,5.1,0,0,0,0,0,0,0,3.5,34.2,0.3,0,0,0,0,0,0,0,0,0,0
"JJWATT","TE","fp","HOU","J.J. Watt ","HOU",96,521,5.1,0,0,0,0,0,0,0,3.4,37.8,0.2,0,0,0,0,0,0,0,0,0,0
"DARRINREAVES","RB","fp","KC","Darrin Reaves","KC",155,527,5,0,0,0,0,6.8,26.2,0.1,2,13.6,0,0,0,0,0,0,0,0,0,0,0
"KEITHMUMPHERY","WR","fp","HOU","Keith Mumphery ","HOU",184,527,5,0,0,0,0,0,0,0,3,40.2,0.2,0,0,0,0,0,0,0,0,0,0
"KRISDURHAM","WR","fp","OAK","Kris Durham ","OAK",184,527,5,0,0,0,0,0,0,0,5.2,49.5,0,0,0,0,0,0,0,0,0,0,0
"DAMARISJOHNSON","WR","fp","HOU","Damaris Johnson ","HOU",184,527,5,0,0,0,0,1.4,8.2,0,3.7,38.8,0,0,0,0,0,0,0,0,0,0,0
"RODNEYSM","WR","fp","ith","Rodney Sm","ith",184,527,5,0,0,0,0,0,0,0,4.4,49.8,0,0,0,0,0,0,0,0,0,0,0
"MARCUSMURPHY","RB","fp","NO","Marcus Murphy","NO",156,532,4.9,0,0,0,0,4.1,15.9,0.2,2.4,20,0.1,0,0,0.1,0,0,0,0,0,0,0
"JEROMESMITH","RB","fp","ATL","Jerome Smith ","ATL",156,532,4.9,0,0,0,0,6.7,26.4,0.2,1.4,10.5,0,0,0,0,0,0,0,0,0,0,0
"JORDANTHOMPSON","TE","fp","DET","Jordan Thompson ","DET",99,532,4.9,0,0,0,0,0,0,0,4.1,37.6,0.2,0,0,0,0,0,0,0,0,0,0
"RONNIEBR","RB","fp","own","Ronnie Br","own",158,535,4.8,0,0,0,0,6,24.3,0.1,2.4,16.8,0,0,0,0,0,0,0,0,0,0,0
"GUSJOHNSON","RB","fp","DAL","Gus Johnson ","DAL",158,535,4.8,0,0,0,0,4.5,17.5,0.2,2,16.7,0.1,0,0,0.1,0,0,0,0,0,0,0
"JOHNCROCKETT","RB","fp","GB","John Crockett","GB",158,535,4.8,0,0,0,0,7.2,26.7,0.2,1.1,9.5,0,0,0,0,0,0,0,0,0,0,0
"CHRISOWUSU","WR","fp","NYJ","Chris Owusu ","NYJ",188,535,4.8,0,0,0,0,0.1,0.5,0,3.7,39.7,0.1,0,0,0,0,0,0,0,0,0,0
"ANTONIOANDREWS","RB","fp","TEN","Antonio Andrews ","TEN",161,539,4.7,0,0,0,0,7.4,27.7,0.2,1.4,9.3,0,0,0,0.1,0,0,0,0,0,0,0
"MARCUSTHIGPEN","RB","fp","BUF","Marcus Thigpen ","BUF",161,539,4.7,0,0,0,0,2.9,8.8,0.1,4.5,26.2,0.1,0,0,0,0,0,0,0,0,0,0
"GEORGEWINN","RB","fp","DET","George Winn ","DET",161,539,4.7,0,0,0,0,6.4,27.7,0.1,1.5,11.2,0,0,0,0,0,0,0,0,0,0,0
"JOSHBELLAMY","WR","fp","CHI","Josh Bellamy ","CHI",189,539,4.7,0,0,0,0,0,0,0,2.7,35.3,0.2,0,0,0,0,0,0,0,0,0,0
"NICJACOBS","TE","fp","JAC","Nic Jacobs ","JAC",100,539,4.7,0,0,0,0,0,0,0,2.2,26.4,0.4,0,0,0,0,0,0,0,0,0,0
"SCOTTTOLZIEN","QB","fp","GB","Scott Tolzien","GB",57,544,4.6,11.4,80.6,0.3,0.3,1,5.4,0.1,0,0,0,0,0,0.1,0,0,0,0,0,0,0
"JOHNCONNER","RB","fp","BUF","John Conner ","BUF",164,544,4.6,0,0,0,0,1.9,5.6,0,2.5,23.1,0.3,0,0,0,0,0,0,0,0,0,0
"JAMESHANNA","TE","fp","DAL","James Hanna ","DAL",101,546,4.5,0,0,0,0,0,0,0,3.6,36.6,0.1,0,0,0,0,0,0,0,0,0,0
"AJMCCARRON","QB","fp","CIN","AJ McCarron ","CIN",58,547,4.4,5,34.2,0,0,0.1,0.3,0.5,0,0,0,0,0,0,0,0,0,0,0,0,0
"CHRISTIANPONDER","QB","fp","OAK","Christian Ponder ","OAK",58,547,4.4,12.4,71.2,0.3,0.4,1.9,8.1,0.1,0,0,0,0,0,0.2,0,0,0,0,0,0,0
"RAJIONNEAL","RB","fp","GB","Rajion Neal","GB",165,547,4.4,0,0,0,0,4.1,16.1,0.1,2,15.6,0.1,0,0,0.1,0,0,0,0,0,0,0
"ORSONCHARLES","TE","fp","NO","Orson Charles","NO",102,547,4.4,0,0,0,0,0,0,0,3,29,0.2,0,0,0,0,0,0,0,0,0,0
"DWAYNEHARRIS","WR","fp","NYG","Dwayne Harris ","NYG",190,551,4.3,0,0,0,0,0.1,1.4,0,2.6,34.6,0.1,0,0,0.1,0,0,0,0,0,0,0
"JESSEJAMES","TE","fp","PIT","Jesse James ","PIT",103,551,4.3,0,0,0,0,0,0,0,2.6,28.9,0.2,0,0,0,0,0,0,0,0,0,0
"MARCMARIANI","WR","fp","CHI","Marc Mariani ","CHI",191,553,4.2,0,0,0,0,0,0,0,2.7,33.5,0.1,0,0,0,0,0,0,0,0,0,0
"MIKEJAMES","RB","fp","TB","Mike James","TB",166,554,4.1,0,0,0,0,7.4,27.8,0.2,0.7,2.2,0,0,0,0.1,0,0,0,0,0,0,0
"SEYIAJIROTUTU","WR","fp","PHI","Seyi Ajirotutu ","PHI",192,554,4.1,0,0,0,0,0,0,0,2.7,32.4,0.2,0,0,0,0,0,0,0,0,0,0
"RYANTAYLOR","TE","fp","KC","Ryan Taylor","KC",104,554,4.1,0,0,0,0,0,0,0,3.3,29,0.2,0,0,0,0,0,0,0,0,0,0
"ERIKLO","RB","fp","rig","Erik Lo","rig",167,557,4,0,0,0,0,3.8,5.1,0.2,4.5,14.2,0.2,0,0,0,0,0,0,0,0,0,0
"LUKESTOCKER","TE","fp","TB","Luke Stocker","TB",105,557,4,0,0,0,0,0,0,0,3.2,30.6,0.2,0,0,0,0,0,0,0,0,0,0
"ANTHONYMCCOY","TE","fp","SEA","Anthony McCoy ","SEA",105,557,4,0,0,0,0,0,0,0,2.6,27,0.2,0,0,0,0,0,0,0,0,0,0
"KENNYHILLIARD","RB","fp","HOU","Kenny Hilliard ","HOU",168,560,3.9,0,0,0,0,5.7,22.2,0.1,1,8.1,0,0,0,0.1,0,0,0,0,0,0,0
"FRANKIEHAMMOND","WR","fp","KC","Frankie Hammond","KC",193,561,3.8,0,0,0,0,0,0,0,2.3,34,0.1,0,0,0,0,0,0,0,0,0,0
"CORYHARKEY","TE","fp","STL","Cory Harkey ","STL",107,562,3.7,0,0,0,0,0,0,0,3.1,24,0.2,0,0,0,0,0,0,0,0,0,0
"RYANNASSIB","QB","fp","NYG","Ryan Nassib ","NYG",60,563,3.6,9.5,66.5,0.4,0.3,0.7,0.9,0,0,0,0,0,0,0,0,0,0,0,0,0,0
"EDWINBAKER","RB","fp","NO","Edwin Baker","NO",169,563,3.6,0,0,0,0,4,16,0,2,20,0,0,0,0,0,0,0,0,0,0,0
"KIEROSMALL","RB","fp","BAL","Kiero Small ","BAL",170,565,3.5,0,0,0,0,3.9,17.5,0.1,1.8,12.7,0,0,0,0,0,0,0,0,0,0,0
"JAREDABBREDERIS","WR","fp","GB","Jared Abbrederis","GB",194,565,3.5,0,0,0,0,0,0,0,1.6,25,0.2,0,0,0,0,0,0,0,0,0,0
"ALEXSMITH","TE","fp","NO","Alex Smith","NO",108,565,3.5,0,0,0,0,0,0,0,2,22.9,0.2,0,0,0,0,0,0,0,0,0,0
"CEDRICPEERMAN","RB","fp","CIN","Cedric Peerman ","CIN",171,568,3.4,0,0,0,0,2.7,8.4,0,2.8,22.1,0.1,0,0,0.1,0,0,0,0,0,0,0
"JAMIZEOLAWALE","RB","fp","OAK","Jamize Olawale ","OAK",171,568,3.4,0,0,0,0,1.2,2.5,0,2.2,16.6,0.2,0,0,0,0,0,0,0,0,0,0
"GREGLITTLE","WR","fp","CIN","Greg Little ","CIN",195,568,3.4,0,0,0,0,0,0,0,2.5,28.3,0.1,0,0,0,0,0,0,0,0,0,0
"MARCUSEASLEY","WR","fp","BUF","Marcus Easley ","BUF",195,568,3.4,0,0,0,0,0,0,0,2.2,25.6,0.1,0,0,0,0,0,0,0,0,0,0
"CHRISHARPER","WR","fp","NE","Chris Harper","NE",195,568,3.4,0,0,0,0,0,0,0,1.9,24.7,0.2,0,0,0,0,0,0,0,0,0,0
"LUCKYWHITEHEAD","WR","fp","DAL","Lucky Whitehead ","DAL",198,573,3.3,0,0,0,0,0,0,0,1.6,23.7,0.2,0,0,0,0,0,0,0,0,0,0
"KENNARDBACKMAN","TE","fp","GB","Kennard Backman","GB",109,573,3.3,0,0,0,0,0,0,0,1.8,20.3,0.2,0,0,0,0,0,0,0,0,0,0
"MATTHASSELBECK","QB","fp","IND","Matt Hasselbeck ","IND",61,575,3.2,9.1,67.8,0.2,0.1,0.8,0.3,0,0,0,0,0,0,0.1,0,0,0,0,0,0,0
"LUKEMCCOWN","QB","fp","NO","Luke McCown","NO",61,575,3.2,9.6,63.8,0.3,0.2,0.6,1.4,0,0,0,0,0,0,0.1,0,0,0,0,0,0,0
"BEARPASCOE","TE","fp","CHI","Bear Pascoe ","CHI",110,575,3.2,0,0,0,0,0,0,0,2.6,18.7,0.2,0,0,0,0,0,0,0,0,0,0
"SENORISEPERRY","RB","fp","CHI","Senorise Perry ","CHI",173,578,3.1,0,0,0,0,3.6,11.8,0.1,1.7,9.8,0.1,0,0,0,0,0,0,0,0,0,0
"RUSSELLSHEPARD","WR","fp","TB","Russell Shepard","TB",199,578,3.1,0,0,0,0,0,0,0,1.8,26.1,0.1,0,0,0,0,0,0,0,0,0,0
"BRANDONWILLIAMS","TE","fp","ARI","Brandon Williams ","ARI",111,578,3.1,0,0,0,0,0,0,0,2.1,22,0.2,0,0,0,0,0,0,0,0,0,0
"JALENSAUNDERS","WR","fp","NE","Jalen Saunders","NE",200,581,3,0,0,0,0,0,0,0,2.9,28.7,0.1,0,0,0.1,0,0,0,0,0,0,0
"KELLENCLEMENS","QB","fp","SD","Kellen Clemens","SD",63,582,2.8,9.9,62,0.3,0.3,0.7,1.1,0,0,0,0,0,0,0.2,0,0,0,0,0,0,0
"ALFONSOSM","RB","fp","ith","Alfonso Sm","ith",174,582,2.8,0,0,0,0,4,10.5,0,2.5,15.2,0,0,0,0,0,0,0,0,0,0,0
"WESSAXTON","TE","fp","NYJ","Wes Saxton ","NYJ",112,584,2.7,0,0,0,0,0,0,0,1.8,20,0.1,0,0,0,0,0,0,0,0,0,0
"CJUZOMAH","TE","fp","CIN","C.J. Uzomah ","CIN",112,584,2.7,0,0,0,0,0,0,0,1.7,19.5,0.1,0,0,0,0,0,0,0,0,0,0
"BROCKOSWEILER","QB","fp","DEN","Brock Osweiler ","DEN",64,586,2.6,6.8,45.1,0.2,0.1,1.6,3.4,0,0,0,0,0,0,0.1,0,0,0,0,0,0,0
"BERNARDPIERCE","RB","fp","JAC","Bernard Pierce ","JAC",175,586,2.6,0,0,0,0,4.2,14,0.1,1,5.4,0,0,0,0,0,0,0,0,0,0,0
"KAELINCLAY","WR","fp","TB","Kaelin Clay","TB",201,586,2.6,0,0,0,0,0,0,0,1.5,20.8,0.1,0,0,0,0,0,0,0,0,0,0
"TREMCBRIDE","WR","fp","TEN","Tre McBride ","TEN",201,586,2.6,0,0,0,0,0,0,0,1.5,19.7,0.1,0,0,0,0,0,0,0,0,0,0
"KEVINNORWOOD","WR","fp","CAR","Kevin Norwood ","CAR",201,586,2.6,0,0,0,0,0,0,0,1.4,18.8,0.1,0,0,0,0,0,0,0,0,0,0
"CHRISTIONJONES","WR","fp","MIA","Christion Jones ","MIA",204,591,2.5,0,0,0,0,0,0,0,1.6,19.3,0.1,0,0,0,0,0,0,0,0,0,0
"NICKBOYLE","TE","fp","BAL","Nick Boyle ","BAL",114,591,2.5,0,0,0,0,0,0,0,1.5,17.2,0.1,0,0,0,0,0,0,0,0,0,0
"THOMASRAWLS","RB","fp","SEA","Thomas Rawls ","SEA",176,593,2.4,0,0,0,0,4.5,17.6,0.1,0,0,0,0,0,0.1,0,0,0,0,0,0,0
"GRIFFWHALEN","WR","fp","IND","Griff Whalen ","IND",205,593,2.4,0,0,0,0,0,0,0,1.9,20.2,0.1,0,0,0.1,0,0,0,0,0,0,0
"MARIOALFORD","WR","fp","CIN","Mario Alford ","CIN",205,593,2.4,0,0,0,0,0,0,0,1.4,18.5,0.1,0,0,0,0,0,0,0,0,0,0
"JAKESTONEBURNER","TE","fp","MIA","Jake Stoneburner ","MIA",115,593,2.4,0,0,0,0,0,0,0,1.6,16.5,0.1,0,0,0,0,0,0,0,0,0,0
"DOMINIQUEJONES","TE","fp","DEN","Dominique Jones ","DEN",115,593,2.4,0,0,0,0,0,0,0,1.6,17.8,0.1,0,0,0,0,0,0,0,0,0,0
"MATTSCHAUB","QB","fp","BAL","Matt Schaub ","BAL",65,598,2.3,9.5,59.9,0.2,0.3,1.1,1.1,0,0,0,0,0,0,0.2,0,0,0,0,0,0,0
"CHUCKJACOBS","WR","fp","SF","Chuck Jacobs","SF",207,598,2.3,0,0,0,0,0,0,0,1.2,16.7,0.1,0,0,0,0,0,0,0,0,0,0
"NICKOLEARY","TE","fp","BUF","Nick O'Leary ","BUF",117,598,2.3,0,0,0,0,0,0,0,1.4,16.2,0.1,0,0,0,0,0,0,0,0,0,0
"TREYWILLIAMS","RB","fp","WAS","Trey Williams ","WAS",177,601,2.2,0,0,0,0,3.2,12.3,0.1,0.5,5,0,0,0,0,0,0,0,0,0,0,0
"EJBIBBS","TE","fp","CLE","E.J. Bibbs ","CLE",118,601,2.2,0,0,0,0,0,0,0,1.5,16.7,0.1,0,0,0,0,0,0,0,0,0,0
"MATTHEWMULLIGAN","TE","fp","BUF","Matthew Mulligan ","BUF",118,601,2.2,0,0,0,0,0,0,0,1.1,9.8,0.2,0,0,0,0,0,0,0,0,0,0
"ALANBON","WR","fp","ner","Alan Bon","ner",208,604,2.1,0,0,0,0,0,0,0,1.1,14.8,0.1,0,0,0,0,0,0,0,0,0,0
"MATTMOORE","QB","fp","MIA","Matt Moore ","MIA",66,605,1.9,4.9,36.5,0.2,0.1,0.5,0,0,0,0,0,0,0,0.1,0,0,0,0,0,0,0
"KENJONBARNER","RB","fp","PHI","Kenjon Barner ","PHI",178,605,1.9,0,0,0,0,3,10.3,0.1,0.5,3.6,0,0,0,0,0,0,0,0,0,0,0
"RICHARDGORDON","TE","fp","KC","Richard Gordon","KC",120,605,1.9,0,0,0,0,0,0,0,1.9,14.5,0.1,0,0,0,0,0,0,0,0,0,0
"COREYGRANT","RB","fp","JAC","Corey Grant ","JAC",179,608,1.8,0,0,0,0,3.7,14.3,0.1,0,0,0,0,0,0,0,0,0,0,0,0,0
"DIONLEWIS","RB","fp","NE","Dion Lewis","NE",179,608,1.8,0,0,0,0,2.6,9.8,0.1,0.4,3.4,0,0,0,0,0,0,0,0,0,0,0
"SHAUNDRAUGHN","RB","fp","CLE","Shaun Draughn ","CLE",181,610,1.6,0,0,0,0,4.5,11.1,0.1,0.5,1,0,0,0,0,0,0,0,0,0,0,0
"ANTHONYDENHAM","TE","fp","HOU","Anthony Denham ","HOU",121,611,1.4,0,0,0,0,0,0,0,0.8,7.7,0.1,0,0,0,0,0,0,0,0,0,0
"TAYLORYATES","QB","fp","ATL","Taylor Yates ","ATL",67,612,1.2,5,33.5,0.1,0.2,0.5,0.5,0,0,0,0,0,0,0.1,0,0,0,0,0,0,0
"JARRYDHAYNE","RB","fp","SF","Jarryd Hayne","SF",182,613,1.1,0,0,0,0,2.1,8.1,0.1,0,0,0,0,0,0,0,0,0,0,0,0,0
"RYANBROY","WR","fp","les","Ryan Broy","les",209,613,1.1,0,0,0,0,0,0,0,1,11,0,0,0,0,0,0,0,0,0,0,0
"JACOBYFORD","WR","fp","TEN","Jacoby Ford ","TEN",210,615,1,0,0,0,0,0,0,0,1.5,12.3,0,0,0,0.1,0,0,0,0,0,0,0
"MATTMCGLOIN","QB","fp","OAK","Matt McGloin ","OAK",68,616,0.9,3,23,0,0,0,0,0,0,0,0,0,0,0,0,0,0,0,0,0,0
"TARVARISJACKSON","QB","fp","SEA","Tarvaris Jackson ","SEA",69,617,0.8,1.8,14.5,0,0,0.3,0.4,0,0,0,0,0,0,0,0,0,0,0,0,0,0
"AARONRIPKOWSKI","RB","fp","GB","Aaron Ripkowski","GB",183,618,0.7,0,0,0,0,0.7,3.3,0,0.4,3.2,0,0,0,0,0,0,0,0,0,0,0
"DANORLOVSKY","QB","fp","DET","Dan Orlovsky ","DET",70,619,0.6,1.7,12.1,0,0,0,0.1,0,0,0,0,0,0,0,0,0,0,0,0,0,0
"TREYMILL","RB","fp","ard","Trey Mill","ard",184,619,0.6,0,0,0,0,0.9,3.9,0,0.3,2.2,0,0,0,0,0,0,0,0,0,0,0
"SPENCERWARE","RB","fp","KC","Spencer Ware","KC",184,619,0.6,0,0,0,0,0.9,3.9,0,0.3,2,0,0,0,0,0,0,0,0,0,0,0
"JORDANCAMPBELL","RB","fp","WAS","Jordan Campbell ","WAS",186,622,0.5,0,0,0,0,0.4,2.1,0,0.3,3.3,0,0,0,0,0,0,0,0,0,0,0
"NIKITAWHITLOCK","RB","fp","NYG","Nikita Whitlock ","NYG",186,622,0.5,0,0,0,0,0.6,2.2,0,0.3,2.7,0,0,0,0,0,0,0,0,0,0,0
"BRAYLONHEARD","RB","fp","PIT","Braylon Heard ","PIT",186,622,0.5,0,0,0,0,0.8,3,0,0.2,1.5,0,0,0,0,0,0,0,0,0,0,0
"ASANTECLEVELAND","TE","fp","NE","Asante Cleveland","NE",122,625,0.4,0,0,0,0,0,0,0,0.7,3.3,0,0,0,0,0,0,0,0,0,0,0
"BRYCEPETTY","QB","fp","NYJ","Bryce Petty ","NYJ",71,626,0.3,0.7,4.7,0,0,0,0.1,0,0,0,0,0,0,0,0,0,0,0,0,0,0
"MALCOLMBROWN","RB","fp","STL","Malcolm Brown ","STL",189,626,0.3,0,0,0,0,0.5,1.7,0,0.1,0.9,0,0,0,0,0,0,0,0,0,0,0
"MALCOLMJOHNSON","TE","fp","CLE","Malcolm Johnson ","CLE",123,626,0.3,0,0,0,0,0,0,0,0.3,2.8,0,0,0,0,0,0,0,0,0,0,0
"TONYCREECY","RB","fp","NE","Tony Creecy","NE",190,629,0.2,0,0,0,0,0.6,1.8,0,0.1,0.5,0,0,0,0,0,0,0,0,0,0,0
"ROOSEVELTNIX","RB","fp","PIT","Roosevelt Nix ","PIT",191,630,0.1,0,0,0,0,0.1,0.4,0,0.1,0.5,0,0,0,0,0,0,0,0,0,0,0
"TIMTEBOW","QB","fp","PHI","Tim Tebow ","PHI",72,631,0,0,0,0,0,0,0,0,0,0,0,0,0,0,0,0,0,0,0,0,0
"JOEWEBB","QB","fp","CAR","Joe Webb ","CAR",72,631,0,0,0,0,0,0,0,0,0,0,0,0,0,0,0,0,0,0,0,0,0
"CHARLIEWHITEHURST","QB","fp","TEN","Charlie Whitehurst ","TEN",72,631,0,0,0,0,0,0,0,0,0,0,0,0,0,0,0,0,0,0,0,0,0
"RICKYSTANZI","QB","fp","NYG","Ricky Stanzi ","NYG",72,631,0,0,0,0,0,0,0,0,0,0,0,0,0,0,0,0,0,0,0,0,0
"CHANDLERHARNISH","QB","fp","ARI","Chandler Harnish ","ARI",72,631,0,0,0,0,0,0,0,0,0,0,0,0,0,0,0,0,0,0,0,0,0
"SEANRENFREE","QB","fp","ATL","Sean Renfree ","ATL",72,631,0,0,0,0,0,0,0,0,0,0,0,0,0,0,0,0,0,0,0,0,0
"LANDRYJONES","QB","fp","PIT","Landry Jones ","PIT",72,631,0,0,0,0,0,0,0,0,0,0,0,0,0,0,0,0,0,0,0,0,0
"MATTBARKLEY","QB","fp","PHI","Matt Barkley ","PHI",72,631,0,0,0,0,0,0,0,0,0,0,0,0,0,0,0,0,0,0,0,0,0
"MATTSIMMS","QB","fp","BUF","Matt Simms ","BUF",72,631,0,0,0,0,0,0,0,0,0,0,0,0,0,0,0,0,0,0,0,0,0
"LOGANTHOMAS","QB","fp","ARI","Logan Thomas ","ARI",72,631,0,0,0,0,0,0,0,0,0,0,0,0,0,0,0,0,0,0,0,0,0
"TOMSAVAGE","QB","fp","HOU","Tom Savage ","HOU",72,631,0,0,0,0,0,0,0,0,0,0,0,0,0,0,0,0,0,0,0,0,0
"BRETTHUNDLEY","QB","fp","GB","Brett Hundley","GB",72,631,0,0,0,0,0,0,0,0,0,0,0,0,0,0,0,0,0,0,0,0,0
"GARRETTGRAYSON","QB","fp","NO","Garrett Grayson","NO",72,631,0,0,0,0,0,0,0,0,0,0,0,0,0,0,0,0,0,0,0,0,0
"PIERRETHO","RB","fp","mas","Pierre Tho","mas",192,631,0,0,0,0,0,0,0,0,0,0,0,0,0,0,0,0,0,0,0,0,0
"TYLERGAFFNEY","RB","fp","NE","Tyler Gaffney","NE",192,631,0,0,0,0,0,0,0,0,0,0,0,0,0,0,0,0,0,0,0,0,0
"RICHIEBROCKEL","TE","fp","CAR","Richie Brockel ","CAR",124,646,-0.1,0,0,0,0,0,0,0,0.1,1.3,0,0,0,0.1,0,0,0,0,0,0,0
