"name","pos","sourceName","team","name_cbs","team_cbs","positionRank_cbs","overallRank_cbs","points_cbs","passAtt_cbs","passYds_cbs","passTds_cbs","passInt_cbs","rushAtt_cbs","rushYds_cbs","rushTds_cbs","rec_cbs","recYds_cbs","recTds_cbs","returnTds_cbs","twoPts_cbs","fumbles_cbs","dstPtsAllowed_cbs","dstYdsAllowed_cbs","dstSack_cbs","dstSafety_cbs","dstInt_cbs","dstFumlRec_cbs","dstFumlForce_cbs","dstBlk_cbs","dstTd_cbs","fg_cbs","xp_cbs","dstFumlRec_cbs.1","dstFumlForce_cbs.1","dstBlk_cbs.1","dstTd_cbs.1","fg_cbs.1","fga_cbs","xp_cbs.1"
"ANDREWLUCK","QB","cbs","IND","Andrew Luck","IND",1,1,384.6,643,4816,33.2,15.7,59,310,2.7,0,0,0,0,0,4.2,0,0,0,0,0,0,0,0,0,0,0,0,0,0,0,0,0,0
"PEYTONMANNING","QB","cbs","DEN","Peyton Manning","DEN",2,2,359.8,595,4730,35,13.3,24.1,40.1,0.3,0,0,0,0,0,3.2,0,0,0,0,0,0,0,0,0,0,0,0,0,0,0,0,0,0
"AARONRODGERS","QB","cbs","GB","Aaron Rodgers","GB",3,3,358.2,522,4239,33.2,11.3,44.3,252,1.7,0,0,0,0,0,3.3,0,0,0,0,0,0,0,0,0,0,0,0,0,0,0,0,0,0
"RUSSELLWILSON","QB","cbs","SEA","Russell Wilson","SEA",4,4,346,421,3551,25.3,13.7,104,759,4.3,0,0,0,0,0,2.1,0,0,0,0,0,0,0,0,0,0,0,0,0,0,0,0,0,0
"DREWBREES","QB","cbs","NO","Drew Brees","NO",5,5,338.2,636,5138,28.7,17.5,28.9,73,1.6,0,0,0,0,0,3.8,0,0,0,0,0,0,0,0,0,0,0,0,0,0,0,0,0,0
"CAMNEWTON","QB","cbs","CAR","Cam Newton","CAR",6,6,331.6,519,3805,23.6,17.1,120,650,5.4,0,0,0,0,0,4.6,0,0,0,0,0,0,0,0,0,0,0,0,0,0,0,0,0,0
"TOMBRADY","QB","cbs","NE","Tom Brady","NE",7,7,327.6,607,4293,31.6,13,37.9,52,0.9,0,0,0,0,0,2.7,0,0,0,0,0,0,0,0,0,0,0,0,0,0,0,0,0,0
"TONYROMO","QB","cbs","DAL","Tony Romo","DAL",8,8,326.6,477,4117,32.3,11.9,25.6,69,0.3,0,0,0,0,0,3.1,0,0,0,0,0,0,0,0,0,0,0,0,0,0,0,0,0,0
"ANTONIOBROWN","WR","cbs","PIT","Antonio Brown","PIT",1,9,324.6,0,0,0,0,0,0,0,121,1583,9.7,0,0,1.8,0,0,0,0,0,0,0,0,0,0,0,0,0,0,0,0,0,0
"BENROETHLISBERGER","QB","cbs","PIT","Ben Roethlisberger","PIT",9,10,320.6,606,4730,28.4,12.6,29.8,59,0.3,0,0,0,0,0,4.2,0,0,0,0,0,0,0,0,0,0,0,0,0,0,0,0,0,0
"JAYCUTLER","QB","cbs","CHI","Jay Cutler","CHI",10,11,315,602,4121,29.8,19.1,39.4,206,2,0,0,0,0,0,3.8,0,0,0,0,0,0,0,0,0,0,0,0,0,0,0,0,0,0
"JOEFLACCO","QB","cbs","BAL","Joe Flacco","BAL",11,12,311.4,583,4087,29.2,15.6,39.8,100,1.8,0,0,0,0,0,2.2,0,0,0,0,0,0,0,0,0,0,0,0,0,0,0,0,0,0
"MATTFORTE","RB","cbs","CHI","Matt Forte","CHI",1,13,309.8,0,0,0,0,240,998,7.7,93,717,3.5,0,0,2.7,0,0,0,0,0,0,0,0,0,0,0,0,0,0,0,0,0,0
"MATTHEWSTAFFORD","QB","cbs","DET","Matthew Stafford","DET",12,14,309.2,628,4561,26.2,14.3,39.2,103,1.5,0,0,0,0,0,3.7,0,0,0,0,0,0,0,0,0,0,0,0,0,0,0,0,0,0
"DEMARYIUSTHOMAS","WR","cbs","DEN","Demaryius Thomas","DEN",2,15,306.6,0,0,0,0,0,0,0,103,1483,10.7,0,0,0.3,0,0,0,0,0,0,0,0,0,0,0,0,0,0,0,0,0,0
"ODELLBECKHAM","WR","cbs","NYG","Odell Beckham","NYG",3,16,305.6,0,0,0,0,0,0,0,103,1376,12.2,0,0,1.6,0,0,0,0,0,0,0,0,0,0,0,0,0,0,0,0,0,0
"ELIMANNING","QB","cbs","NYG","Eli Manning","NYG",13,17,302,581,4477,27.9,17.2,14.3,36.1,0.8,0,0,0,0,0,4.4,0,0,0,0,0,0,0,0,0,0,0,0,0,0,0,0,0,0
"RYANTANNEHILL","QB","cbs","MIA","Ryan Tannehill","MIA",14,18,300.8,585,4092,25.1,15,50,320,1,0,0,0,0,0,3.9,0,0,0,0,0,0,0,0,0,0,0,0,0,0,0,0,0,0
"MATTRYAN","QB","cbs","ATL","Matt Ryan","ATL",15,19,299.6,626,4658,26.3,17.8,21.9,114,0.2,0,0,0,0,0,3.4,0,0,0,0,0,0,0,0,0,0,0,0,0,0,0,0,0,0
"TYRODTAYLOR","QB","cbs","BUF","Tyrod Taylor","BUF",16,20,298,545,3753,24.3,15.7,72,438,1.9,0,0,0,0,0,3.4,0,0,0,0,0,0,0,0,0,0,0,0,0,0,0,0,0,0
"JULIOJONES","WR","cbs","ATL","Julio Jones","ATL",4,21,291.6,0,0,0,0,0,0,0,112,1516,6.4,0,0,0.9,0,0,0,0,0,0,0,0,0,0,0,0,0,0,0,0,0,0
"DEZBRYANT","WR","cbs","DAL","Dez Bryant","DAL",5,22,285.8,0,0,0,0,0,0,0,85,1307,13.1,0,0,0.4,0,0,0,0,0,0,0,0,0,0,0,0,0,0,0,0,0,0
"CARSONPALMER","QB","cbs","ARI","Carson Palmer","ARI",17,23,282.2,573,4119,25.6,12.8,22.1,34.4,0.2,0,0,0,0,0,3,0,0,0,0,0,0,0,0,0,0,0,0,0,0,0,0,0,0
"COLINKAEPERNICK","QB","cbs","SF","Colin Kaepernick","SF",18,24,281.6,463,3309,19.6,13.5,103,697,2,0,0,0,0,0,4.5,0,0,0,0,0,0,0,0,0,0,0,0,0,0,0,0,0,0
"MARSHAWNLYNCH","RB","cbs","SEA","Marshawn Lynch","SEA",2,25,281.5,0,0,0,0,302,1482,10.8,33.5,342,3.5,0,0,2.4,0,0,0,0,0,0,0,0,0,0,0,0,0,0,0,0,0,0
"PHILIPRIVERS","QB","cbs","SD","Philip Rivers","SD",19,26,281,548,4148,26.8,19.6,33.9,98,0.3,0,0,0,0,0,2.7,0,0,0,0,0,0,0,0,0,0,0,0,0,0,0,0,0,0
"SAMBRADFORD","QB","cbs","PHI","Sam Bradford","PHI",20,27,277,492,3900,25.9,13.2,43,134,0.5,0,0,0,0,0,3.5,0,0,0,0,0,0,0,0,0,0,0,0,0,0,0,0,0,0
"RANDALLCOBB","WR","cbs","GB","Randall Cobb","GB",6,28,276,0,0,0,0,0,0,0,95,1289,10.3,0,0,2.2,0,0,0,0,0,0,0,0,0,0,0,0,0,0,0,0,0,0
"JAMAALCHARLES","RB","cbs","KC","Jamaal Charles","KC",3,29,274.7,0,0,0,0,217,1046,9.8,46.9,389,7.7,0,0,2.6,0,0,0,0,0,0,0,0,0,0,0,0,0,0,0,0,0,0
"EDDIELACY","RB","cbs","GB","Eddie Lacy","GB",4,30,273,0,0,0,0,286,1337,9.5,43.2,409,3.1,0,0,2.4,0,0,0,0,0,0,0,0,0,0,0,0,0,0,0,0,0,0
"TEDDYBRIDGEWATER","QB","cbs","MIN","Teddy Bridgewater","MIN",21,31,268.2,505,3762,23,19.3,55,278,1.5,0,0,0,0,0,1.6,0,0,0,0,0,0,0,0,0,0,0,0,0,0,0,0,0,0
"CJANDERSON","RB","cbs","DEN","C.J. Anderson","DEN",5,32,264.2,0,0,0,0,256,1162,10.2,46.8,442,2.4,0,0,1.1,0,0,0,0,0,0,0,0,0,0,0,0,0,0,0,0,0,0
"LEVEONBELL","RB","cbs","PIT","Le'Veon Bell","PIT",6,33,260.8,0,0,0,0,215,934,7.9,65,630,1.8,0,0,1.2,0,0,0,0,0,0,0,0,0,0,0,0,0,0,0,0,0,0
"CALVINJOHNSON","WR","cbs","DET","Calvin Johnson","DET",7,33,260.8,0,0,0,0,0,0,0,86,1244,9.9,0,0,0.3,0,0,0,0,0,0,0,0,0,0,0,0,0,0,0,0,0,0
"EMMANUELSANDERS","WR","cbs","DEN","Emmanuel Sanders","DEN",8,35,260.6,0,0,0,0,0,0,0,94,1261,8.1,0,0,0.3,0,0,0,0,0,0,0,0,0,0,0,0,0,0,0,0,0,0
"JULIANEDELMAN","WR","cbs","NE","Julian Edelman","NE",9,36,260.2,0,0,0,0,0,0,0,107,1126,7.5,0,0,0.2,0,0,0,0,0,0,0,0,0,0,0,0,0,0,0,0,0,0
"ROBGRONKOWSKI","TE","cbs","NE","Rob Gronkowski","NE",1,37,257.8,0,0,0,0,0,0,0,83,1184,10.7,0,0,0.2,0,0,0,0,0,0,0,0,0,0,0,0,0,0,0,0,0,0
"ALEXSMITH","QB","cbs","KC","Alex Smith","KC",22,38,257,467,3145,23.1,11.2,57,323,0.9,0,0,0,0,0,2.8,0,0,0,0,0,0,0,0,0,0,0,0,0,0,0,0,0,0
"AJGREEN","WR","cbs","CIN","A.J. Green","CIN",10,39,255.2,0,0,0,0,0,0,0,94,1271,7.8,0,0,2.3,0,0,0,0,0,0,0,0,0,0,0,0,0,0,0,0,0,0
"MARCUSMARIOTA","QB","cbs","TEN","Marcus Mariota","TEN",23,40,252.2,469,3422,19.6,16.4,62,380,2.3,0,0,0,0,0,2.7,0,0,0,0,0,0,0,0,0,0,0,0,0,0,0,0,0,0
"JAMEISWINSTON","QB","cbs","TB","Jameis Winston","TB",24,41,251.4,525,3760,22.5,19.4,41.6,207,1.3,0,0,0,0,0,3.8,0,0,0,0,0,0,0,0,0,0,0,0,0,0,0,0,0,0
"BRANDINCOOKS","WR","cbs","NO","Brandin Cooks","NO",11,42,249.4,0,0,0,0,0,0,0,96,1140,5.8,0,0,0.4,0,0,0,0,0,0,0,0,0,0,0,0,0,0,0,0,0,0
"ANDYDALTON","QB","cbs","CIN","Andy Dalton","CIN",25,43,243.6,502,3496,21.8,19.7,58,197,3,0,0,0,0,0,3.9,0,0,0,0,0,0,0,0,0,0,0,0,0,0,0,0,0,0
"MIKEEVANS","WR","cbs","TB","Mike Evans","TB",12,44,243.4,0,0,0,0,0,0,0,78,1166,9.7,0,0,0.4,0,0,0,0,0,0,0,0,0,0,0,0,0,0,0,0,0,0
"TYHILTON","WR","cbs","IND","T.Y. Hilton","IND",13,45,242.4,0,0,0,0,0,0,0,89,1326,5,0,0,0.8,0,0,0,0,0,0,0,0,0,0,0,0,0,0,0,0,0,0
"DEMARCOMURRAY","RB","cbs","PHI","DeMarco Murray","PHI",7,46,240.2,0,0,0,0,245,1111,11,49,368,0.7,0,0,6,0,0,0,0,0,0,0,0,0,0,0,0,0,0,0,0,0,0
"BLAKEBORTLES","QB","cbs","JAC","Blake Bortles","JAC",26,47,239.2,578,3610,18.5,24.6,63,486,0.6,0,0,0,0,0,2.1,0,0,0,0,0,0,0,0,0,0,0,0,0,0,0,0,0,0
"ALSHONJEFFERY","WR","cbs","CHI","Alshon Jeffery","CHI",14,47,239.2,0,0,0,0,0,0,0,85,1074,8.7,0,0,0.3,0,0,0,0,0,0,0,0,0,0,0,0,0,0,0,0,0,0
"DEREKCARR","QB","cbs","OAK","Derek Carr","OAK",27,49,235,614,3540,23.1,17.3,32.8,126,0.3,0,0,0,0,0,3.9,0,0,0,0,0,0,0,0,0,0,0,0,0,0,0,0,0,0
"NICKFOLES","QB","cbs","STL","Nick Foles","STL",28,50,234.2,488,3430,22.6,19.7,39.7,156,1.3,0,0,0,0,0,2.9,0,0,0,0,0,0,0,0,0,0,0,0,0,0,0,0,0,0
"ADRIANPETERSON","RB","cbs","MIN","Adrian Peterson","MIN",8,51,234,0,0,0,0,296,1396,7.8,36,234,1.4,0,0,2.1,0,0,0,0,0,0,0,0,0,0,0,0,0,0,0,0,0,0
"SEAHAWKS","DST","cbs","SEA","Seahawks","SEA",1,52,228,0,0,0,0,0,0,0,0,0,0,0,0,0,299,4661,42,1,20,15,21,0,3,0,0,15,21,0,3,0,0,0
"GOLDENTATE","WR","cbs","DET","Golden Tate","DET",15,53,219.6,0,0,0,0,0,0,0,84,1148,4.7,0,0,0.3,0,0,0,0,0,0,0,0,0,0,0,0,0,0,0,0,0,0
"JUSTINFORSETT","RB","cbs","BAL","Justin Forsett","BAL",9,54,216.6,0,0,0,0,231,1229,5.6,45.6,286,1,0,0,1.3,0,0,0,0,0,0,0,0,0,0,0,0,0,0,0,0,0,0
"ANDREJOHNSON","WR","cbs","IND","Andre Johnson","IND",16,55,215.6,0,0,0,0,0,0,0,86,1063,6.2,0,0,2.8,0,0,0,0,0,0,0,0,0,0,0,0,0,0,0,0,0,0
"JEREMYHILL","RB","cbs","CIN","Jeremy Hill","CIN",10,56,212,0,0,0,0,267,1212,8.8,29.6,246,0.8,0,0,2.6,0,0,0,0,0,0,0,0,0,0,0,0,0,0,0,0,0,0
"JOSHMCCOWN","QB","cbs","CLE","Josh McCown","CLE",29,57,210.8,461,3514,15.5,15.8,39,201,2,0,0,0,0,0,2.8,0,0,0,0,0,0,0,0,0,0,0,0,0,0,0,0,0,0
"MELVINGORDON","RB","cbs","SD","Melvin Gordon","SD",11,58,210.4,0,0,0,0,217,979,7.1,42.4,342,1.6,0,0,1.1,0,0,0,0,0,0,0,0,0,0,0,0,0,0,0,0,0,0
"BRIANHOYER","QB","cbs","HOU","Brian Hoyer","HOU",30,59,206.8,481,3291,19,16,30.2,76,0.3,0,0,0,0,0,2.5,0,0,0,0,0,0,0,0,0,0,0,0,0,0,0,0,0,0
"JEREMYMACLIN","WR","cbs","KC","Jeremy Maclin","KC",17,60,206.2,0,0,0,0,0,0,0,70,894,9.3,0,0,0.3,0,0,0,0,0,0,0,0,0,0,0,0,0,0,0,0,0,0
"KEENANALLEN","WR","cbs","SD","Keenan Allen","SD",18,61,206,0,0,0,0,0,0,0,87,1026,4.6,0,0,1.8,0,0,0,0,0,0,0,0,0,0,0,0,0,0,0,0,0,0
"JARVISLANDRY","WR","cbs","MIA","Jarvis Landry","MIA",19,62,204.4,0,0,0,0,0,0,0,91,983,4.6,0,0,2.6,0,0,0,0,0,0,0,0,0,0,0,0,0,0,0,0,0,0
"LAMARMILLER","RB","cbs","MIA","Lamar Miller","MIA",12,63,201,0,0,0,0,231,1147,6.4,36.6,281,0.8,0,0,2.9,0,0,0,0,0,0,0,0,0,0,0,0,0,0,0,0,0,0
"DEANDREHOPKINS","WR","cbs","HOU","DeAndre Hopkins","HOU",20,63,201,0,0,0,0,0,0,0,76,1071,5,0,0,1.5,0,0,0,0,0,0,0,0,0,0,0,0,0,0,0,0,0,0
"LATAVIUSMURRAY","RB","cbs","OAK","Latavius Murray","OAK",13,65,200,0,0,0,0,235,1106,7.3,30.4,276,0.9,0,0,1.3,0,0,0,0,0,0,0,0,0,0,0,0,0,0,0,0,0,0
"PACKERS","DST","cbs","GB","Packers","GB",2,66,199,0,0,0,0,0,0,0,0,0,0,0,0,0,334,5737,49,0,19,12,17,0,4,0,0,12,17,0,4,0,0,0
"DOLPHINS","DST","cbs","MIA","Dolphins","MIA",3,67,198,0,0,0,0,0,0,0,0,0,0,0,0,0,326,5203,48,0,19,12,17,0,4,0,0,12,17,0,4,0,0,0
"GREGOLSEN","TE","cbs","CAR","Greg Olsen","CAR",2,68,197.4,0,0,0,0,0,0,0,78,972,5.2,0,0,0.4,0,0,0,0,0,0,0,0,0,0,0,0,0,0,0,0,0,0
"RODDYWHITE","WR","cbs","ATL","Roddy White","ATL",21,69,197,0,0,0,0,0,0,0,79,942,6.2,0,0,2.1,0,0,0,0,0,0,0,0,0,0,0,0,0,0,0,0,0,0
"CHIEFS","DST","cbs","KC","Chiefs","KC",4,70,196,0,0,0,0,0,0,0,0,0,0,0,0,0,333,5867,42,1,17,12,17,0,5,0,0,12,17,0,5,0,0,0
"MARTELLUSBENNETT","TE","cbs","CHI","Martellus Bennett","CHI",3,71,193.6,0,0,0,0,0,0,0,84,879,5.2,0,0,0.3,0,0,0,0,0,0,0,0,0,0,0,0,0,0,0,0,0,0
"ANQUANBOLDIN","WR","cbs","SF","Anquan Boldin","SF",22,72,193.4,0,0,0,0,0,0,0,74,971,5.2,0,0,0.4,0,0,0,0,0,0,0,0,0,0,0,0,0,0,0,0,0,0
"VINCENTJACKSON","WR","cbs","TB","Vincent Jackson","TB",23,73,192.6,0,0,0,0,0,0,0,71,1067,4.3,0,0,1.1,0,0,0,0,0,0,0,0,0,0,0,0,0,0,0,0,0,0
"BILLS","DST","cbs","BUF","Bills","BUF",5,74,192,0,0,0,0,0,0,0,0,0,0,0,0,0,306,4961,46,0,18,11,15,0,4,0,0,11,15,0,4,0,0,0
"JIMMYGRAHAM","TE","cbs","SEA","Jimmy Graham","SEA",4,75,191.6,0,0,0,0,0,0,0,59,833,9.9,0,0,1.4,0,0,0,0,0,0,0,0,0,0,0,0,0,0,0,0,0,0
"TEXANS","DST","cbs","HOU","Texans","HOU",6,76,191,0,0,0,0,0,0,0,0,0,0,0,0,0,327,5593,39,0,19,13,18,0,4,0,0,13,18,0,4,0,0,0
"JORDANMATTHEWS","WR","cbs","PHI","Jordan Matthews","PHI",24,77,189.6,0,0,0,0,0,0,0,54,909,9.1,0,0,0.5,0,0,0,0,0,0,0,0,0,0,0,0,0,0,0,0,0,0
"MARQUESCOLSTON","WR","cbs","NO","Marques Colston","NO",25,78,189.2,0,0,0,0,0,0,0,66,1015,5,0,0,0.4,0,0,0,0,0,0,0,0,0,0,0,0,0,0,0,0,0,0
"LESEANMCCOY","RB","cbs","BUF","LeSean McCoy","BUF",14,79,188.7,0,0,0,0,281,1288,4.6,29.5,200,0.7,0,0,2.8,0,0,0,0,0,0,0,0,0,0,0,0,0,0,0,0,0,0
"JOIQUEBELL","RB","cbs","DET","Joique Bell","DET",15,80,186.3,0,0,0,0,191,804,6.2,40.9,417,0.8,0,0,1.8,0,0,0,0,0,0,0,0,0,0,0,0,0,0,0,0,0,0
"BRANDONMARSHALL","WR","cbs","NYJ","Brandon Marshall","NYJ",26,81,186,0,0,0,0,0,0,0,63,848,7.6,0,0,0.3,0,0,0,0,0,0,0,0,0,0,0,0,0,0,0,0,0,0
"AMARICOOPER","WR","cbs","OAK","Amari Cooper","OAK",27,82,185.8,0,0,0,0,0,0,0,73,892,5.5,0,0,0.6,0,0,0,0,0,0,0,0,0,0,0,0,0,0,0,0,0,0
"CARDINALS","DST","cbs","ARI","Cardinals","ARI",7,83,185,0,0,0,0,0,0,0,0,0,0,0,0,0,303,5283,39,1,17,11,15,0,4,0,0,11,15,0,4,0,0,0
"RAVENS","DST","cbs","BAL","Ravens","BAL",7,83,185,0,0,0,0,0,0,0,0,0,0,0,0,0,318,5338,45,1,15,13,17,0,3,0,0,13,17,0,3,0,0,0
"SAMMYWATKINS","WR","cbs","BUF","Sammy Watkins","BUF",28,85,184.2,0,0,0,0,0,0,0,54,945,7.7,0,0,1.5,0,0,0,0,0,0,0,0,0,0,0,0,0,0,0,0,0,0
"ALLENROBINSON","WR","cbs","JAC","Allen Robinson","JAC",29,86,183.8,0,0,0,0,0,0,0,79,901,3.9,0,0,0.3,0,0,0,0,0,0,0,0,0,0,0,0,0,0,0,0,0,0
"STEVESMITH","WR","cbs","BAL","Steve Smith","BAL",30,87,183.4,0,0,0,0,0,0,0,72,943,4.8,0,0,1.2,0,0,0,0,0,0,0,0,0,0,0,0,0,0,0,0,0,0
"MARKINGRAM","RB","cbs","NO","Mark Ingram","NO",16,88,183.3,0,0,0,0,212,1000,7.9,30.9,180,0.9,0,0,1.7,0,0,0,0,0,0,0,0,0,0,0,0,0,0,0,0,0,0
"KIRKCOUSINS","QB","cbs","WAS","Kirk Cousins","WAS",31,89,182.8,506,3870,16.7,28.4,17,59,0.2,0,0,0,0,0,4.9,0,0,0,0,0,0,0,0,0,0,0,0,0,0,0,0,0,0
"ARIANFOSTER","RB","cbs","HOU","Arian Foster","HOU",17,90,180.3,0,0,0,0,192,861,5.5,31.3,272,3.4,0,0,1.2,0,0,0,0,0,0,0,0,0,0,0,0,0,0,0,0,0,0
"ANDREELLINGTON","RB","cbs","ARI","Andre Ellington","ARI",18,91,179.8,0,0,0,0,190,771,3,48,441,2.2,0,0,2.2,0,0,0,0,0,0,0,0,0,0,0,0,0,0,0,0,0,0
"TRAVISKELCE","TE","cbs","KC","Travis Kelce","KC",5,92,178.2,0,0,0,0,0,0,0,66,831,7,0,0,2.4,0,0,0,0,0,0,0,0,0,0,0,0,0,0,0,0,0,0
"RASHADJENNINGS","RB","cbs","NYG","Rashad Jennings","NYG",19,93,176.8,0,0,0,0,209,818,4.2,46.8,364,0.9,0,0,1.8,0,0,0,0,0,0,0,0,0,0,0,0,0,0,0,0,0,0
"BENGALS","DST","cbs","CIN","Bengals","CIN",9,94,176,0,0,0,0,0,0,0,0,0,0,0,0,0,302,5360,28,0,21,12,16,0,3,0,0,12,16,0,3,0,0,0
"PANTHERS","DST","cbs","CAR","Panthers","CAR",10,95,175,0,0,0,0,0,0,0,0,0,0,0,0,0,336,5530,45,0,19,15,21,0,5,0,0,15,21,0,5,0,0,0
"TJYELDON","RB","cbs","JAC","T.J. Yeldon","JAC",20,96,174,0,0,0,0,175,860,6.1,35.8,273,1,0,0,1.2,0,0,0,0,0,0,0,0,0,0,0,0,0,0,0,0,0,0
"MIKEWALLACE","WR","cbs","MIN","Mike Wallace","MIN",31,97,173.4,0,0,0,0,0,0,0,53,833,7.3,0,0,0.2,0,0,0,0,0,0,0,0,0,0,0,0,0,0,0,0,0,0
"MICHAELFLOYD","WR","cbs","ARI","Michael Floyd","ARI",32,98,173.2,0,0,0,0,0,0,0,51,821,8.4,0,0,1.6,0,0,0,0,0,0,0,0,0,0,0,0,0,0,0,0,0,0
"LARRYFITZGERALD","WR","cbs","ARI","Larry Fitzgerald","ARI",33,99,172.4,0,0,0,0,0,0,0,74,921,3.1,0,0,2.1,0,0,0,0,0,0,0,0,0,0,0,0,0,0,0,0,0,0
"DOUGBALDWIN","WR","cbs","SEA","Doug Baldwin","SEA",34,100,171.4,0,0,0,0,0,0,0,62,866,5.4,0,0,1,0,0,0,0,0,0,0,0,0,0,0,0,0,0,0,0,0,0
"RAMS","DST","cbs","STL","Rams","STL",11,101,171,0,0,0,0,0,0,0,0,0,0,0,0,0,337,5744,49,1,15,17,24,0,4,0,0,17,24,0,4,0,0,0
"CHARGERS","DST","cbs","SD","Chargers","SD",12,102,170,0,0,0,0,0,0,0,0,0,0,0,0,0,327,6017,32,0,15,13,18,0,3,0,0,13,18,0,3,0,0,0
"KENDALLWRIGHT","WR","cbs","TEN","Kendall Wright","TEN",35,103,168.4,0,0,0,0,0,0,0,66,841,4.6,0,0,1.1,0,0,0,0,0,0,0,0,0,0,0,0,0,0,0,0,0,0
"EDDIEROYAL","WR","cbs","CHI","Eddie Royal","CHI",35,103,168.4,0,0,0,0,0,0,0,62,774,6.9,0,0,2.5,0,0,0,0,0,0,0,0,0,0,0,0,0,0,0,0,0,0
"ERICDECKER","WR","cbs","NYJ","Eric Decker","NYJ",37,105,168,0,0,0,0,0,0,0,62,847,5.1,0,0,0.3,0,0,0,0,0,0,0,0,0,0,0,0,0,0,0,0,0,0
"DESEANJACKSON","WR","cbs","WAS","DeSean Jackson","WAS",38,106,167.4,0,0,0,0,0,0,0,58,865,5.2,0,0,0.4,0,0,0,0,0,0,0,0,0,0,0,0,0,0,0,0,0,0
"REDSKINS","DST","cbs","WAS","Redskins","WAS",13,107,167,0,0,0,0,0,0,0,0,0,0,0,0,0,436,6500,45,0,15,18,24,0,4,0,0,18,24,0,4,0,0,0
"FALCONS","DST","cbs","ATL","Falcons","ATL",14,108,164,0,0,0,0,0,0,0,0,0,0,0,0,0,367,6401,32,0,19,16,22,0,5,0,0,16,22,0,5,0,0,0
"JASONWITTEN","TE","cbs","DAL","Jason Witten","DAL",6,109,163.2,0,0,0,0,0,0,0,68,782,4.5,0,0,0.4,0,0,0,0,0,0,0,0,0,0,0,0,0,0,0,0,0,0
"EAGLES","DST","cbs","PHI","Eagles","PHI",15,110,163,0,0,0,0,0,0,0,0,0,0,0,0,0,392,6126,43,0,16,13,18,0,5,0,0,13,18,0,5,0,0,0
"GIOVANIBERNARD","RB","cbs","CIN","Giovani Bernard","CIN",21,111,161.6,0,0,0,0,133,574,4.2,46.2,382,2.3,0,0,1.3,0,0,0,0,0,0,0,0,0,0,0,0,0,0,0,0,0,0
"PERCYHARVIN","WR","cbs","BUF","Percy Harvin","BUF",39,112,161.4,0,0,0,0,0,0,0,71,630,3.3,0,0,3,0,0,0,0,0,0,0,0,0,0,0,0,0,0,0,0,0,0
"STEELERS","DST","cbs","PIT","Steelers","PIT",16,113,161,0,0,0,0,0,0,0,0,0,0,0,0,0,364,5681,35,1,18,13,19,0,5,0,0,13,19,0,5,0,0,0
"NELSONAGHOLOR","WR","cbs","PHI","Nelson Agholor","PHI",40,114,160,0,0,0,0,0,0,0,50,833,5.7,0,0,0.9,0,0,0,0,0,0,0,0,0,0,0,0,0,0,0,0,0,0
"LEGARRETTEBLOUNT","RB","cbs","NE","LeGarrette Blount","NE",22,115,159.5,0,0,0,0,190,875,9.2,17.1,116,0.9,0,0,1.1,0,0,0,0,0,0,0,0,0,0,0,0,0,0,0,0,0,0
"GIANTS","DST","cbs","NYG","Giants","NYG",17,116,159,0,0,0,0,0,0,0,0,0,0,0,0,0,401,6357,47,0,18,13,17,0,3,0,0,13,17,0,3,0,0,0
"PIERREGARCON","WR","cbs","WAS","Pierre Garcon","WAS",41,117,158.2,0,0,0,0,0,0,0,68,803,3,0,0,0.4,0,0,0,0,0,0,0,0,0,0,0,0,0,0,0,0,0,0
"JETS","DST","cbs","NYJ","Jets","NYJ",18,118,158,0,0,0,0,0,0,0,0,0,0,0,0,0,336,5245,50,0,17,12,16,0,3,0,0,12,16,0,3,0,0,0
"COWBOYS","DST","cbs","DAL","Cowboys","DAL",19,119,156,0,0,0,0,0,0,0,0,0,0,0,0,0,351,6111,34,0,17,19,26,0,3,0,0,19,26,0,3,0,0,0
"ANDREWHAWKINS","WR","cbs","CLE","Andrew Hawkins","CLE",42,120,155.6,0,0,0,0,0,0,0,57,876,3.2,0,0,0.3,0,0,0,0,0,0,0,0,0,0,0,0,0,0,0,0,0,0
"COLTS","DST","cbs","IND","Colts","IND",20,121,154,0,0,0,0,0,0,0,0,0,0,0,0,0,351,6002,42,1,16,14,20,0,3,0,0,14,20,0,3,0,0,0
"TITANS","DST","cbs","TEN","Titans","TEN",20,121,154,0,0,0,0,0,0,0,0,0,0,0,0,0,373,5640,44,0,18,9,13,0,4,0,0,9,13,0,4,0,0,0
"SAINTS","DST","cbs","NO","Saints","NO",20,121,154,0,0,0,0,0,0,0,0,0,0,0,0,0,345,5824,44,0,19,11,15,0,3,0,0,11,15,0,3,0,0,0
"BUCCANEERS","DST","cbs","TB","Buccaneers","TB",23,124,153,0,0,0,0,0,0,0,0,0,0,0,0,0,388,5882,37,0,16,14,19,0,4,0,0,14,19,0,4,0,0,0
"DAVANTEADAMS","WR","cbs","GB","Davante Adams","GB",43,125,152.6,0,0,0,0,0,0,0,60,734,4.7,0,0,0.3,0,0,0,0,0,0,0,0,0,0,0,0,0,0,0,0,0,0
"JONATHANSTEWART","RB","cbs","CAR","Jonathan Stewart","CAR",23,126,152.2,0,0,0,0,199,941,4.2,27,193,1,0,0,1.5,0,0,0,0,0,0,0,0,0,0,0,0,0,0,0,0,0,0
"JAGUARS","DST","cbs","JAC","Jaguars","JAC",24,127,152,0,0,0,0,0,0,0,0,0,0,0,0,0,372,5575,40,0,14,14,19,0,4,0,0,14,19,0,4,0,0,0
"BEARS","DST","cbs","CHI","Bears","CHI",25,128,151,0,0,0,0,0,0,0,0,0,0,0,0,0,441,6199,41,0,16,11,16,0,4,0,0,11,16,0,4,0,0,0
"TEVINCOLEMAN","RB","cbs","ATL","Tevin Coleman","ATL",24,129,150.9,0,0,0,0,194,843,7.1,21.9,173,0.7,0,0,1.4,0,0,0,0,0,0,0,0,0,0,0,0,0,0,0,0,0,0
"JOHNBROWN","WR","cbs","ARI","John Brown","ARI",44,129,150.9,0,0,0,0,0,0,0,47.5,755,6,0,0,0.3,0,0,0,0,0,0,0,0,0,0,0,0,0,0,0,0,0,0
"GENOSMITH","QB","cbs","NYJ","Geno Smith","NYJ",32,131,150.4,310,2086,13.4,12.2,39.1,185,1.8,0,0,0,0,0,2.2,0,0,0,0,0,0,0,0,0,0,0,0,0,0,0,0,0,0
"LIONS","DST","cbs","DET","Lions","DET",26,132,150,0,0,0,0,0,0,0,0,0,0,0,0,0,351,5397,42,0,17,12,16,0,3,0,0,12,16,0,3,0,0,0
"BRANDONCOLEMAN","WR","cbs","NO","Brandon Coleman","NO",45,133,149.6,0,0,0,0,0,0,0,55,772,4.4,0,0,0.7,0,0,0,0,0,0,0,0,0,0,0,0,0,0,0,0,0,0
"TREMASON","RB","cbs","STL","Tre Mason","STL",25,134,149.4,0,0,0,0,211,921,4.4,20.6,214,1.5,0,0,2.3,0,0,0,0,0,0,0,0,0,0,0,0,0,0,0,0,0,0
"PATRIOTS","DST","cbs","NE","Patriots","NE",27,135,149,0,0,0,0,0,0,0,0,0,0,0,0,0,341,6079,39,0,18,12,16,0,3,0,0,12,16,0,3,0,0,0
"CARLOSHYDE","RB","cbs","SF","Carlos Hyde","SF",26,136,147.4,0,0,0,0,208,919,5.6,20.8,150,0.9,0,0,1.7,0,0,0,0,0,0,0,0,0,0,0,0,0,0,0,0,0,0
"DARRENMCFADDEN","RB","cbs","DAL","Darren McFadden","DAL",27,137,147.1,0,0,0,0,178,806,5.8,25.5,196,0.8,0,0,1.5,0,0,0,0,0,0,0,0,0,0,0,0,0,0,0,0,0,0
"STEPHENGOSTKOWSKI","K","cbs","NE","Stephen Gostkowski","NE",1,138,146.9,0,0,0,0,0,0,0,0,0,0,0,0,0,0,0,0,0,0,0,0,0,0,33,43.9,0,0,0,0,33,35.1,43.9
"DANCARPENTER","K","cbs","BUF","Dan Carpenter","BUF",2,139,145.2,0,0,0,0,0,0,0,0,0,0,0,0,0,0,0,0,0,0,0,0,0,0,33.6,34.4,0,0,0,0,33.6,37.6,34.4
"CHARLESSIMS","RB","cbs","TB","Charles Sims","TB",28,140,144.9,0,0,0,0,142,575,3.3,42.3,418,0.7,0,0,2.2,0,0,0,0,0,0,0,0,0,0,0,0,0,0,0,0,0,0
"MALCOMFLOYD","WR","cbs","SD","Malcom Floyd","SD",46,141,144.8,0,0,0,0,0,0,0,41.4,893,3.8,0,0,0.2,0,0,0,0,0,0,0,0,0,0,0,0,0,0,0,0,0,0
"AMEERABDULLAH","RB","cbs","DET","Ameer Abdullah","DET",29,142,143.8,0,0,0,0,160,656,6,28.8,243,1,0,0,1.5,0,0,0,0,0,0,0,0,0,0,0,0,0,0,0,0,0,0
"JUSTINTUCKER","K","cbs","BAL","Justin Tucker","BAL",3,143,143.7,0,0,0,0,0,0,0,0,0,0,0,0,0,0,0,0,0,0,0,0,0,0,32.3,38.8,0,0,0,0,32.3,36.2,38.8
"ALFREDMORRIS","RB","cbs","WAS","Alfred Morris","WAS",30,144,143.2,0,0,0,0,221,957,5.9,16,126,0.5,0,0,1.6,0,0,0,0,0,0,0,0,0,0,0,0,0,0,0,0,0,0
"FRANKGORE","RB","cbs","IND","Frank Gore","IND",31,145,143.1,0,0,0,0,217,885,4.7,20.5,190,1.3,0,0,2.7,0,0,0,0,0,0,0,0,0,0,0,0,0,0,0,0,0,0
"MICHAELCRABTREE","WR","cbs","OAK","Michael Crabtree","OAK",47,146,142.6,0,0,0,0,0,0,0,68,621,3.7,0,0,0.3,0,0,0,0,0,0,0,0,0,0,0,0,0,0,0,0,0,0
"SHANEVEREEN","RB","cbs","NYG","Shane Vereen","NYG",32,147,142,0,0,0,0,71,270,1.9,57,543,2.2,0,0,1.8,0,0,0,0,0,0,0,0,0,0,0,0,0,0,0,0,0,0
"MASONCROSBY","K","cbs","GB","Mason Crosby","GB",4,148,141.6,0,0,0,0,0,0,0,0,0,0,0,0,0,0,0,0,0,0,0,0,0,0,31,42.6,0,0,0,0,31,36,42.6
"BRONCOS","DST","cbs","DEN","Broncos","DEN",28,149,141,0,0,0,0,0,0,0,0,0,0,0,0,0,360,5010,35,0,18,10,13,0,3,0,0,10,13,0,3,0,0,0
"CJSPILLER","RB","cbs","NO","C.J. Spiller","NO",33,150,140.6,0,0,0,0,120,594,3.2,45.2,309,0.9,0,0,2.1,0,0,0,0,0,0,0,0,0,0,0,0,0,0,0,0,0,0
"HEATHMILLER","TE","cbs","PIT","Heath Miller","PIT",7,151,140.2,0,0,0,0,0,0,0,61,693,3.6,0,0,2.2,0,0,0,0,0,0,0,0,0,0,0,0,0,0,0,0,0,0
"VIKINGS","DST","cbs","MIN","Vikings","MIN",29,152,140,0,0,0,0,0,0,0,0,0,0,0,0,0,360,5643,42,0,14,10,14,0,3,0,0,10,14,0,3,0,0,0
"ISAIAHCROWELL","RB","cbs","CLE","Isaiah Crowell","CLE",34,153,139.6,0,0,0,0,208,901,5.6,18.8,152,0.7,0,0,3,0,0,0,0,0,0,0,0,0,0,0,0,0,0,0,0,0,0
"JORDANCAMERON","TE","cbs","MIA","Jordan Cameron","MIA",8,154,139,0,0,0,0,0,0,0,48.4,678,5.2,0,0,0.3,0,0,0,0,0,0,0,0,0,0,0,0,0,0,0,0,0,0
"CHRISIVORY","RB","cbs","NYJ","Chris Ivory","NYJ",35,155,138.4,0,0,0,0,187,870,5.4,16.6,116,1.3,0,0,1.2,0,0,0,0,0,0,0,0,0,0,0,0,0,0,0,0,0,0
"ADAMVINATIERI","K","cbs","IND","Adam Vinatieri","IND",5,156,136.8,0,0,0,0,0,0,0,0,0,0,0,0,0,0,0,0,0,0,0,0,0,0,30.1,40.5,0,0,0,0,30.1,33.1,40.5
"CODYPARKEY","K","cbs","PHI","Cody Parkey","PHI",6,157,136.7,0,0,0,0,0,0,0,0,0,0,0,0,0,0,0,0,0,0,0,0,0,0,29.2,43.1,0,0,0,0,29.2,33,43.1
"49ERS","DST","cbs","SF","49ers","SF",30,158,136,0,0,0,0,0,0,0,0,0,0,0,0,0,398,5901,32,0,18,9,12,0,3,0,0,9,12,0,3,0,0,0
"CHANDLERCATANZARO","K","cbs","ARI","Chandler Catanzaro","ARI",7,159,135.9,0,0,0,0,0,0,0,0,0,0,0,0,0,0,0,0,0,0,0,0,0,0,33.7,30.8,0,0,0,0,33.7,38.6,30.8
"DARRENSPROLES","RB","cbs","PHI","Darren Sproles","PHI",36,160,135.7,0,0,0,0,80,324,4.2,45.1,468,0.9,0,0,2,0,0,0,0,0,0,0,0,0,0,0,0,0,0,0,0,0,0
"JULIUSTHOMAS","TE","cbs","JAC","Julius Thomas","JAC",9,161,135,0,0,0,0,0,0,0,55,562,5.3,0,0,0.4,0,0,0,0,0,0,0,0,0,0,0,0,0,0,0,0,0,0
"VICTORCRUZ","WR","cbs","NYG","Victor Cruz","NYG",48,162,134.6,0,0,0,0,0,0,0,52,768,2.4,0,0,0.4,0,0,0,0,0,0,0,0,0,0,0,0,0,0,0,0,0,0
"LEONARDHANKERSON","WR","cbs","ATL","Leonard Hankerson","ATL",49,163,134,0,0,0,0,0,0,0,51,588,5.6,0,0,0.3,0,0,0,0,0,0,0,0,0,0,0,0,0,0,0,0,0,0
"GREGJENNINGS","WR","cbs","MIA","Greg Jennings","MIA",50,164,133.8,0,0,0,0,0,0,0,44.6,639,5.8,0,0,0.3,0,0,0,0,0,0,0,0,0,0,0,0,0,0,0,0,0,0
"BRANDONMCMANUS","K","cbs","DEN","Brandon McManus","DEN",8,165,133.6,0,0,0,0,0,0,0,0,0,0,0,0,0,0,0,0,0,0,0,0,0,0,28.4,44.4,0,0,0,0,28.4,39.7,44.4
"JOSHSCOBEE","K","cbs","PIT","Josh Scobee","PIT",9,166,133.1,0,0,0,0,0,0,0,0,0,0,0,0,0,0,0,0,0,0,0,0,0,0,29.9,35.4,0,0,0,0,29.9,35.8,35.4
"TERRANCEWILLIAMS","WR","cbs","DAL","Terrance Williams","DAL",51,167,132.7,0,0,0,0,0,0,0,33.3,634,7.6,0,0,0.6,0,0,0,0,0,0,0,0,0,0,0,0,0,0,0,0,0,0
"KYLERUDOLPH","TE","cbs","MIN","Kyle Rudolph","MIN",10,168,132.6,0,0,0,0,0,0,0,53,577,5,0,0,0.2,0,0,0,0,0,0,0,0,0,0,0,0,0,0,0,0,0,0
"DANBAILEY","K","cbs","DAL","Dan Bailey","DAL",10,169,132.1,0,0,0,0,0,0,0,0,0,0,0,0,0,0,0,0,0,0,0,0,0,0,26.1,41.8,0,0,0,0,26.1,31.1,41.8
"RYANMATHEWS","RB","cbs","PHI","Ryan Mathews","PHI",37,170,131.8,0,0,0,0,131,630,9,16.4,139,0.7,0,0,1.9,0,0,0,0,0,0,0,0,0,0,0,0,0,0,0,0,0,0
"DOUGMARTIN","RB","cbs","TB","Doug Martin","TB",37,170,131.8,0,0,0,0,208,886,4.1,20.8,112,0.6,0,0,1.6,0,0,0,0,0,0,0,0,0,0,0,0,0,0,0,0,0,0
"DWAYNEBOWE","WR","cbs","CLE","Dwayne Bowe","CLE",52,172,131.3,0,0,0,0,0,0,0,45.3,792,2.6,0,0,0.3,0,0,0,0,0,0,0,0,0,0,0,0,0,0,0,0,0,0
"RUEBENRANDLE","WR","cbs","NYG","Rueben Randle","NYG",53,173,130.9,0,0,0,0,0,0,0,46.3,784,2.4,0,0,0.4,0,0,0,0,0,0,0,0,0,0,0,0,0,0,0,0,0,0
"DANNYAMENDOLA","WR","cbs","NE","Danny Amendola","NE",54,174,130.4,0,0,0,0,0,0,0,55,585,4.3,0,0,0.2,0,0,0,0,0,0,0,0,0,0,0,0,0,0,0,0,0,0
"DEVINFUNCHESS","WR","cbs","CAR","Devin Funchess","CAR",55,175,130.3,0,0,0,0,0,0,0,47.1,658,4,0,0,0.7,0,0,0,0,0,0,0,0,0,0,0,0,0,0,0,0,0,0
"ALLENHURNS","WR","cbs","JAC","Allen Hurns","JAC",56,176,130,0,0,0,0,0,0,0,48.8,617,4.8,0,0,0.3,0,0,0,0,0,0,0,0,0,0,0,0,0,0,0,0,0,0
"STEVENHAUSCHKA","K","cbs","SEA","Steven Hauschka","SEA",11,177,129.9,0,0,0,0,0,0,0,0,0,0,0,0,0,0,0,0,0,0,0,0,0,0,29.7,36.8,0,0,0,0,29.7,34.1,36.8
"ROYHELU","RB","cbs","OAK","Roy Helu","OAK",39,178,129.7,0,0,0,0,92,379,2.2,44.7,409,1.9,0,0,1.3,0,0,0,0,0,0,0,0,0,0,0,0,0,0,0,0,0,0
"MATTBRYANT","K","cbs","ATL","Matt Bryant","ATL",12,179,129.3,0,0,0,0,0,0,0,0,0,0,0,0,0,0,0,0,0,0,0,0,0,0,28,35.3,0,0,0,0,28,31.2,35.3
"BROWNS","DST","cbs","CLE","Browns","CLE",31,180,129,0,0,0,0,0,0,0,0,0,0,0,0,0,345,5024,27,0,19,10,14,0,2,0,0,10,14,0,2,0,0,0
"CHARLESJOHNSON","WR","cbs","MIN","Charles Johnson","MIN",57,181,128.2,0,0,0,0,0,0,0,46.6,681,3.5,0,0,0.2,0,0,0,0,0,0,0,0,0,0,0,0,0,0,0,0,0,0
"ROBERTWOODS","WR","cbs","BUF","Robert Woods","BUF",58,182,126.7,0,0,0,0,0,0,0,45.3,579,5.6,0,0,1.1,0,0,0,0,0,0,0,0,0,0,0,0,0,0,0,0,0,0
"REGGIEBUSH","RB","cbs","SF","Reggie Bush","SF",40,183,126.3,0,0,0,0,122,604,3.7,34.5,250,0.6,0,0,1.5,0,0,0,0,0,0,0,0,0,0,0,0,0,0,0,0,0,0
"BLAIRWALSH","K","cbs","MIN","Blair Walsh","MIN",13,184,125.7,0,0,0,0,0,0,0,0,0,0,0,0,0,0,0,0,0,0,0,0,0,0,27.7,34.6,0,0,0,0,27.7,36.3,34.6
"JAREDCOOK","TE","cbs","STL","Jared Cook","STL",11,185,125.2,0,0,0,0,0,0,0,50,618,3.8,0,0,0.3,0,0,0,0,0,0,0,0,0,0,0,0,0,0,0,0,0,0
"CODYLATIMER","WR","cbs","DEN","Cody Latimer","DEN",59,186,124.6,0,0,0,0,0,0,0,46,609,4.4,0,0,0.4,0,0,0,0,0,0,0,0,0,0,0,0,0,0,0,0,0,0
"COBYFLEENER","TE","cbs","IND","Coby Fleener","IND",12,187,124.5,0,0,0,0,0,0,0,44.3,607,4.8,0,0,0.3,0,0,0,0,0,0,0,0,0,0,0,0,0,0,0,0,0,0
"THEORIDDICK","RB","cbs","DET","Theo Riddick","DET",41,188,124,0,0,0,0,64,236,1.7,40.8,386,4.9,0,0,1.2,0,0,0,0,0,0,0,0,0,0,0,0,0,0,0,0,0,0
"MARVINJONES","WR","cbs","CIN","Marvin Jones","CIN",60,189,123.5,0,0,0,0,0,0,0,39.3,514,6.2,0,0,0.3,0,0,0,0,0,0,0,0,0,0,0,0,0,0,0,0,0,0
"JARIUSWRIGHT","WR","cbs","MIN","Jarius Wright","MIN",61,190,122.8,0,0,0,0,0,0,0,42,660,3.2,0,0,0.2,0,0,0,0,0,0,0,0,0,0,0,0,0,0,0,0,0,0
"DWAYNEALLEN","TE","cbs","IND","Dwayne Allen","IND",13,191,122,0,0,0,0,0,0,0,36.4,422,8.7,0,0,0.3,0,0,0,0,0,0,0,0,0,0,0,0,0,0,0,0,0,0
"JORDANREED","TE","cbs","WAS","Jordan Reed","WAS",14,192,121.8,0,0,0,0,0,0,0,60,590,2.5,0,0,1.6,0,0,0,0,0,0,0,0,0,0,0,0,0,0,0,0,0,0
"TORREYSMITH","WR","cbs","SF","Torrey Smith","SF",62,193,121.7,0,0,0,0,0,0,0,38.7,568,5.8,0,0,0.4,0,0,0,0,0,0,0,0,0,0,0,0,0,0,0,0,0,0
"GREGZUERLEIN","K","cbs","STL","Greg Zuerlein","STL",14,194,120.7,0,0,0,0,0,0,0,0,0,0,0,0,0,0,0,0,0,0,0,0,0,0,27,31.7,0,0,0,0,27,32.2,31.7
"COREYBROWN","WR","cbs","CAR","Corey Brown","CAR",63,195,120.4,0,0,0,0,0,0,0,43,624,3.3,0,0,1.5,0,0,0,0,0,0,0,0,0,0,0,0,0,0,0,0,0,0
"TAYLORGABRIEL","WR","cbs","CLE","Taylor Gabriel","CLE",64,196,120.2,0,0,0,0,0,0,0,43.8,698,2.5,0,0,0.3,0,0,0,0,0,0,0,0,0,0,0,0,0,0,0,0,0,0
"GRAHAMGANO","K","cbs","CAR","Graham Gano","CAR",15,197,120,0,0,0,0,0,0,0,0,0,0,0,0,0,0,0,0,0,0,0,0,0,0,27.4,33.8,0,0,0,0,27.4,32.5,33.8
"KENNYBRITT","WR","cbs","STL","Kenny Britt","STL",65,198,119.3,0,0,0,0,0,0,0,44.7,661,2.7,0,0,0.3,0,0,0,0,0,0,0,0,0,0,0,0,0,0,0,0,0,0
"JOSHBROWN","K","cbs","NYG","Josh Brown","NYG",16,199,119.1,0,0,0,0,0,0,0,0,0,0,0,0,0,0,0,0,0,0,0,0,0,0,25.8,35.7,0,0,0,0,25.8,28.3,35.7
"DEVANTEPARKER","WR","cbs","MIA","DeVante Parker","MIA",66,200,118.9,0,0,0,0,0,0,0,47.7,607,3.4,0,0,0.6,0,0,0,0,0,0,0,0,0,0,0,0,0,0,0,0,0,0
"PHILDAWSON","K","cbs","SF","Phil Dawson","SF",17,201,118.6,0,0,0,0,0,0,0,0,0,0,0,0,0,0,0,0,0,0,0,0,0,0,26.4,29.4,0,0,0,0,26.4,31.1,29.4
"JERRICHOCOTCHERY","WR","cbs","CAR","Jerricho Cotchery","CAR",67,202,118.4,0,0,0,0,0,0,0,48,596,3.2,0,0,0.4,0,0,0,0,0,0,0,0,0,0,0,0,0,0,0,0,0,0
"ALFREDBLUE","RB","cbs","HOU","Alfred Blue","HOU",42,203,118,0,0,0,0,196,825,2.8,16.8,134,1,0,0,1.3,0,0,0,0,0,0,0,0,0,0,0,0,0,0,0,0,0,0
"DELANIEWALKER","TE","cbs","TEN","Delanie Walker","TEN",15,204,117.9,0,0,0,0,0,0,0,45.1,617,3.4,0,0,0.3,0,0,0,0,0,0,0,0,0,0,0,0,0,0,0,0,0,0
"NICKFOLK","K","cbs","NYJ","Nick Folk","NYJ",18,204,117.9,0,0,0,0,0,0,0,0,0,0,0,0,0,0,0,0,0,0,0,0,0,0,27.6,31.1,0,0,0,0,27.6,33,31.1
"JAMESJONES","WR","cbs","GB","James Jones","GB",68,206,116.8,0,0,0,0,0,0,0,47,464,5.5,0,0,1.1,0,0,0,0,0,0,0,0,0,0,0,0,0,0,0,0,0,0
"BRIANQUICK","WR","cbs","STL","Brian Quick","STL",69,207,116.6,0,0,0,0,0,0,0,36.4,571,5.3,0,0,0.3,0,0,0,0,0,0,0,0,0,0,0,0,0,0,0,0,0,0
"MATTPRATER","K","cbs","DET","Matt Prater","DET",19,208,116.3,0,0,0,0,0,0,0,0,0,0,0,0,0,0,0,0,0,0,0,0,0,0,25.1,33,0,0,0,0,25.1,29.4,33
"JOSHHILL","TE","cbs","NO","Josh Hill","NO",16,209,116.2,0,0,0,0,0,0,0,43.8,474,5.7,0,0,0.4,0,0,0,0,0,0,0,0,0,0,0,0,0,0,0,0,0,0
"ANDREWFRANKS","K","cbs","MIA","Andrew Franks","MIA",20,210,115.7,0,0,0,0,0,0,0,0,0,0,0,0,0,0,0,0,0,0,0,0,0,0,27.3,31.8,0,0,0,0,27.3,32.8,31.8
"TODDGURLEY","RB","cbs","STL","Todd Gurley","STL",43,211,114.8,0,0,0,0,129,613,5.6,19,150,0.7,0,0,1,0,0,0,0,0,0,0,0,0,0,0,0,0,0,0,0,0,0
"DEVONTAFREEMAN","RB","cbs","ATL","Devonta Freeman","ATL",44,212,114.2,0,0,0,0,127,496,3.2,31.6,241,1.1,0,0,1.6,0,0,0,0,0,0,0,0,0,0,0,0,0,0,0,0,0,0
"ZACHERTZ","TE","cbs","PHI","Zach Ertz","PHI",17,213,113.9,0,0,0,0,0,0,0,44.5,582,3.6,0,0,1.1,0,0,0,0,0,0,0,0,0,0,0,0,0,0,0,0,0,0
"BRIANHARTLINE","WR","cbs","CLE","Brian Hartline","CLE",70,214,113,0,0,0,0,0,0,0,41.4,667,2.2,0,0,0.3,0,0,0,0,0,0,0,0,0,0,0,0,0,0,0,0,0,0
"DUKEJOHNSON","RB","cbs","CLE","Duke Johnson","CLE",45,215,112.9,0,0,0,0,148,623,4.7,19.7,187,0.6,0,0,1.3,0,0,0,0,0,0,0,0,0,0,0,0,0,0,0,0,0,0
"MYCHALRIVERA","TE","cbs","OAK","Mychal Rivera","OAK",18,216,112.1,0,0,0,0,0,0,0,45.7,418,5.7,0,0,0.9,0,0,0,0,0,0,0,0,0,0,0,0,0,0,0,0,0,0
"CAIROSANTOS","K","cbs","KC","Cairo Santos","KC",21,216,112.1,0,0,0,0,0,0,0,0,0,0,0,0,0,0,0,0,0,0,0,0,0,0,24,38.1,0,0,0,0,24,28.2,38.1
"MARTAVISBRYANT","WR","cbs","PIT","Martavis Bryant","PIT",71,218,110.9,0,0,0,0,0,0,0,27.5,493,7,0,0,0.3,0,0,0,0,0,0,0,0,0,0,0,0,0,0,0,0,0,0
"RODSTREATER","WR","cbs","OAK","Rod Streater","OAK",71,218,110.9,0,0,0,0,0,0,0,37.9,583,4.1,0,0,0.8,0,0,0,0,0,0,0,0,0,0,0,0,0,0,0,0,0,0
"MARKUSWHEATON","WR","cbs","PIT","Markus Wheaton","PIT",73,220,110.5,0,0,0,0,0,0,0,48.1,572,2.2,0,0,0.4,0,0,0,0,0,0,0,0,0,0,0,0,0,0,0,0,0,0
"MIKENUGENT","K","cbs","CIN","Mike Nugent","CIN",22,221,109.9,0,0,0,0,0,0,0,0,0,0,0,0,0,0,0,0,0,0,0,0,0,0,24.7,33.8,0,0,0,0,24.7,31,33.8
"ZACHHOCKER","K","cbs","NO","Zach Hocker","NO",23,222,109.8,0,0,0,0,0,0,0,0,0,0,0,0,0,0,0,0,0,0,0,0,0,0,22.7,39.7,0,0,0,0,22.7,27.3,39.7
"VIRGILGREEN","TE","cbs","DEN","Virgil Green","DEN",19,223,109,0,0,0,0,0,0,0,46.6,478,4,0,0,0.3,0,0,0,0,0,0,0,0,0,0,0,0,0,0,0,0,0,0
"BRESHADPERRIMAN","WR","cbs","BAL","Breshad Perriman","BAL",74,224,108.1,0,0,0,0,0,0,0,34.1,561,4.2,0,0,0.4,0,0,0,0,0,0,0,0,0,0,0,0,0,0,0,0,0,0
"JOSHLAMBO","K","cbs","SD","Josh Lambo","SD",24,225,107.4,0,0,0,0,0,0,0,0,0,0,0,0,0,0,0,0,0,0,0,0,0,0,24.4,32.2,0,0,0,0,24.4,29.3,32.2
"RANDYBULLOCK","K","cbs","HOU","Randy Bullock","HOU",25,226,107.3,0,0,0,0,0,0,0,0,0,0,0,0,0,0,0,0,0,0,0,0,0,0,25,28.3,0,0,0,0,25,30.3,28.3
"JERMAINEKEARSE","WR","cbs","SEA","Jermaine Kearse","SEA",75,227,106.4,0,0,0,0,0,0,0,36.6,598,3.1,0,0,0.4,0,0,0,0,0,0,0,0,0,0,0,0,0,0,0,0,0,0
"KENNYSTILLS","WR","cbs","MIA","Kenny Stills","MIA",76,228,106.3,0,0,0,0,0,0,0,41.9,618,2,0,0,0.3,0,0,0,0,0,0,0,0,0,0,0,0,0,0,0,0,0,0
"JOSEPHRANDLE","RB","cbs","DAL","Joseph Randle","DAL",46,229,105.4,0,0,0,0,138,624,3.4,20.4,158,1.2,0,0,2.3,0,0,0,0,0,0,0,0,0,0,0,0,0,0,0,0,0,0
"STEVEJOHNSON","WR","cbs","SD","Steve Johnson","SD",77,230,105.2,0,0,0,0,0,0,0,39.2,477,4.6,0,0,0.3,0,0,0,0,0,0,0,0,0,0,0,0,0,0,0,0,0,0
"KNILEDAVIS","RB","cbs","KC","Knile Davis","KC",47,231,105,0,0,0,0,123,549,5.2,17,141,1.4,0,0,2.3,0,0,0,0,0,0,0,0,0,0,0,0,0,0,0,0,0,0
"COLEBEASLEY","WR","cbs","DAL","Cole Beasley","DAL",78,231,105,0,0,0,0,0,0,0,45.2,542,2.9,0,0,1.8,0,0,0,0,0,0,0,0,0,0,0,0,0,0,0,0,0,0
"BRANDONLAFELL","WR","cbs","NE","Brandon LaFell","NE",79,233,104.9,0,0,0,0,0,0,0,39.5,524,3.9,0,0,1,0,0,0,0,0,0,0,0,0,0,0,0,0,0,0,0,0,0
"AUSTINSEFERIANJENKINS","TE","cbs","TB","Austin Seferian-Jenkins","TB",20,234,104.7,0,0,0,0,0,0,0,46.3,475,4.2,0,0,2.9,0,0,0,0,0,0,0,0,0,0,0,0,0,0,0,0,0,0
"TRAVISCOONS","K","cbs","CLE","Travis Coons","CLE",26,235,104.5,0,0,0,0,0,0,0,0,0,0,0,0,0,0,0,0,0,0,0,0,0,0,24,30.5,0,0,0,0,24,28.7,30.5
"SEBASTIANJANIKOWSKI","K","cbs","OAK","Sebastian Janikowski","OAK",27,236,104.2,0,0,0,0,0,0,0,0,0,0,0,0,0,0,0,0,0,0,0,0,0,0,23,29.2,0,0,0,0,23,28.4,29.2
"TEDGINN","WR","cbs","CAR","Ted Ginn","CAR",80,237,104,0,0,0,0,0,0,0,39.6,604,2.8,0,0,2.7,0,0,0,0,0,0,0,0,0,0,0,0,0,0,0,0,0,0
"MARQISELEE","WR","cbs","JAC","Marqise Lee","JAC",81,238,103.8,0,0,0,0,0,0,0,47.2,546,1.7,0,0,0.3,0,0,0,0,0,0,0,0,0,0,0,0,0,0,0,0,0,0
"MOHAMEDSANU","WR","cbs","CIN","Mohamed Sanu","CIN",82,239,102.2,0,0,0,0,0,0,0,39.2,512,3,0,0,0.3,0,0,0,0,0,0,0,0,0,0,0,0,0,0,0,0,0,0
"BISHOPSANKEY","RB","cbs","TEN","Bishop Sankey","TEN",48,240,101.8,0,0,0,0,160,675,2.6,19.8,147,0.7,0,0,2.4,0,0,0,0,0,0,0,0,0,0,0,0,0,0,0,0,0,0
"TYLEREIFERT","TE","cbs","CIN","Tyler Eifert","CIN",21,241,101,0,0,0,0,0,0,0,45.6,490,2.5,0,0,0.3,0,0,0,0,0,0,0,0,0,0,0,0,0,0,0,0,0,0
"MATTJONES","RB","cbs","WAS","Matt Jones","WAS",49,242,100.6,0,0,0,0,115,538,4.5,19.6,169,0.5,0,0,2,0,0,0,0,0,0,0,0,0,0,0,0,0,0,0,0,0,0
"BENJAMINWATSON","TE","cbs","NO","Benjamin Watson","NO",22,242,100.6,0,0,0,0,0,0,0,43.8,474,3.1,0,0,0.4,0,0,0,0,0,0,0,0,0,0,0,0,0,0,0,0,0,0
"DANNYWOODHEAD","RB","cbs","SD","Danny Woodhead","SD",50,244,99.9,0,0,0,0,56,233,1.8,41.5,310,2.2,0,0,1.8,0,0,0,0,0,0,0,0,0,0,0,0,0,0,0,0,0,0
"OWENDANIELS","TE","cbs","DEN","Owen Daniels","DEN",23,245,99.3,0,0,0,0,0,0,0,40.1,456,3.8,0,0,0.3,0,0,0,0,0,0,0,0,0,0,0,0,0,0,0,0,0,0
"LOUISMURPHY","WR","cbs","TB","Louis Murphy","TB",83,246,99.2,0,0,0,0,0,0,0,40.4,496,2.9,0,0,0.8,0,0,0,0,0,0,0,0,0,0,0,0,0,0,0,0,0,0
"STEDMANBAILEY","WR","cbs","STL","Stedman Bailey","STL",84,247,98.2,0,0,0,0,0,0,0,39.2,537,1.7,0,0,0.3,0,0,0,0,0,0,0,0,0,0,0,0,0,0,0,0,0,0
"BRANDONBOLDEN","RB","cbs","NE","Brandon Bolden","NE",51,248,97.7,0,0,0,0,123,468,4,22.9,155,1.1,0,0,0.9,0,0,0,0,0,0,0,0,0,0,0,0,0,0,0,0,0,0
"CHARLESCLAY","TE","cbs","BUF","Charles Clay","BUF",24,249,97,0,0,0,0,0,0,0,39.4,481,2.5,0,0,0.4,0,0,0,0,0,0,0,0,0,0,0,0,0,0,0,0,0,0
"JOSHROBINSON","RB","cbs","IND","Josh Robinson","IND",52,250,96.7,0,0,0,0,83,355,3.1,29.3,253,1.2,0,0,1.7,0,0,0,0,0,0,0,0,0,0,0,0,0,0,0,0,0,0
"LARRYDONNELL","TE","cbs","NYG","Larry Donnell","NYG",25,250,96.7,0,0,0,0,0,0,0,45.3,463,3.6,0,0,3.6,0,0,0,0,0,0,0,0,0,0,0,0,0,0,0,0,0,0
"ANTONIOGATES","TE","cbs","SD","Antonio Gates","SD",26,252,95.6,0,0,0,0,0,0,0,32.8,389,5.5,0,0,0.6,0,0,0,0,0,0,0,0,0,0,0,0,0,0,0,0,0,0
"MATTSPAETH","TE","cbs","PIT","Matt Spaeth","PIT",27,253,95.3,0,0,0,0,0,0,0,41.1,423,3.5,0,0,0.4,0,0,0,0,0,0,0,0,0,0,0,0,0,0,0,0,0,0
"CECILSHORTS","WR","cbs","HOU","Cecil Shorts","HOU",85,254,94.9,0,0,0,0,0,0,0,43.3,519,1.8,0,0,1.6,0,0,0,0,0,0,0,0,0,0,0,0,0,0,0,0,0,0
"TAVONAUSTIN","WR","cbs","STL","Tavon Austin","STL",86,255,94.8,0,0,0,0,0,0,0,36,303,1.7,0,0,0.3,0,0,0,0,0,0,0,0,0,0,0,0,0,0,0,0,0,0
"JASONMYERS","K","cbs","JAC","Jason Myers","JAC",28,256,93.1,0,0,0,0,0,0,0,0,0,0,0,0,0,0,0,0,0,0,0,0,0,0,21.6,26.3,0,0,0,0,21.6,25.9,26.3
"VERNONDAVIS","TE","cbs","SF","Vernon Davis","SF",28,257,92.6,0,0,0,0,0,0,0,33,398,4.9,0,0,0.4,0,0,0,0,0,0,0,0,0,0,0,0,0,0,0,0,0,0
"ROBBIEGOULD","K","cbs","CHI","Robbie Gould","CHI",29,258,91.8,0,0,0,0,0,0,0,0,0,0,0,0,0,0,0,0,0,0,0,0,0,0,18,35.8,0,0,0,0,18,22.4,35.8
"RYANSUCCOP","K","cbs","TEN","Ryan Succop","TEN",30,259,91.7,0,0,0,0,0,0,0,0,0,0,0,0,0,0,0,0,0,0,0,0,0,0,20.6,27.9,0,0,0,0,20.6,24.7,27.9
"LADARIUSGREEN","TE","cbs","SD","Ladarius Green","SD",29,260,90.3,0,0,0,0,0,0,0,35.5,474,2.7,0,0,0.2,0,0,0,0,0,0,0,0,0,0,0,0,0,0,0,0,0,0
"ANDREHOLMES","WR","cbs","OAK","Andre Holmes","OAK",87,261,90.2,0,0,0,0,0,0,0,29.4,559,2.4,0,0,0.3,0,0,0,0,0,0,0,0,0,0,0,0,0,0,0,0,0,0
"NATEWASHINGTON","WR","cbs","HOU","Nate Washington","HOU",88,262,90,0,0,0,0,0,0,0,36.2,500,1.9,0,0,0.3,0,0,0,0,0,0,0,0,0,0,0,0,0,0,0,0,0,0
"CROCKETTGILLMORE","TE","cbs","BAL","Crockett Gillmore","BAL",30,263,89.7,0,0,0,0,0,0,0,36.5,399,3.8,0,0,0.3,0,0,0,0,0,0,0,0,0,0,0,0,0,0,0,0,0,0
"KAIFORBATH","K","cbs","WAS","Kai Forbath","WAS",31,263,89.7,0,0,0,0,0,0,0,0,0,0,0,0,0,0,0,0,0,0,0,0,0,0,19.8,28.3,0,0,0,0,19.8,22.6,28.3
"DAMIENWILLIAMS","RB","cbs","MIA","Damien Williams","MIA",53,265,89.4,0,0,0,0,91,393,1.9,25.4,242,1.2,0,0,1.3,0,0,0,0,0,0,0,0,0,0,0,0,0,0,0,0,0,0
"MARQUESSWILSON","WR","cbs","CHI","Marquess Wilson","CHI",89,266,87,0,0,0,0,0,0,0,41.6,385,2.5,0,0,0.3,0,0,0,0,0,0,0,0,0,0,0,0,0,0,0,0,0,0
"DONTEMONCRIEF","WR","cbs","IND","Donte Moncrief","IND",90,267,86.9,0,0,0,0,0,0,0,33.3,459,2.7,0,0,0.3,0,0,0,0,0,0,0,0,0,0,0,0,0,0,0,0,0,0
"LUKEWILLSON","TE","cbs","SEA","Luke Willson","SEA",31,267,86.9,0,0,0,0,0,0,0,29.9,462,3.4,0,0,0.2,0,0,0,0,0,0,0,0,0,0,0,0,0,0,0,0,0,0
"ERICEBRON","TE","cbs","DET","Eric Ebron","DET",32,269,86.8,0,0,0,0,0,0,0,41.4,427,2,0,0,0.3,0,0,0,0,0,0,0,0,0,0,0,0,0,0,0,0,0,0
"JUSTINHUNTER","WR","cbs","TEN","Justin Hunter","TEN",91,270,85.6,0,0,0,0,0,0,0,24.4,443,4.3,0,0,0.3,0,0,0,0,0,0,0,0,0,0,0,0,0,0,0,0,0,0
"DENARDROBINSON","RB","cbs","JAC","Denard Robinson","JAC",54,271,84.7,0,0,0,0,94,483,3.6,20.5,113,0.5,0,0,3.2,0,0,0,0,0,0,0,0,0,0,0,0,0,0,0,0,0,0
"LANCEDUNBAR","RB","cbs","DAL","Lance Dunbar","DAL",55,272,84.6,0,0,0,0,92,416,2.4,18.2,235,1,0,0,1.5,0,0,0,0,0,0,0,0,0,0,0,0,0,0,0,0,0,0
"ANDREWILLIAMS","RB","cbs","NYG","Andre Williams","NYG",56,273,84.4,0,0,0,0,123,444,5.7,10.8,80,0.5,0,0,1.8,0,0,0,0,0,0,0,0,0,0,0,0,0,0,0,0,0,0
"RONNIEHILLMAN","RB","cbs","DEN","Ronnie Hillman","DEN",57,274,83.8,0,0,0,0,90,411,3.2,22,159,0.8,0,0,1.1,0,0,0,0,0,0,0,0,0,0,0,0,0,0,0,0,0,0
"JEFFCUMBERLAND","TE","cbs","NYJ","Jeff Cumberland","NYJ",33,275,82.9,0,0,0,0,0,0,0,24.1,299,6.4,0,0,0.3,0,0,0,0,0,0,0,0,0,0,0,0,0,0,0,0,0,0
"LANCEKENDRICKS","TE","cbs","STL","Lance Kendricks","STL",34,276,81.9,0,0,0,0,0,0,0,28.5,269,6,0,0,0.3,0,0,0,0,0,0,0,0,0,0,0,0,0,0,0,0,0,0
"SCOTTCHANDLER","TE","cbs","NE","Scott Chandler","NE",34,276,81.9,0,0,0,0,0,0,0,34.3,400,2.5,0,0,0.2,0,0,0,0,0,0,0,0,0,0,0,0,0,0,0,0,0,0
"HARRYDOUGLAS","WR","cbs","TEN","Harry Douglas","TEN",92,278,81.5,0,0,0,0,0,0,0,33.9,462,2,0,0,0.7,0,0,0,0,0,0,0,0,0,0,0,0,0,0,0,0,0,0
"BRUCEELLINGTON","WR","cbs","SF","Bruce Ellington","SF",93,279,81.4,0,0,0,0,0,0,0,20.8,288,4.3,0,0,0.4,0,0,0,0,0,0,0,0,0,0,0,0,0,0,0,0,0,0
"TERRANCEWEST","RB","cbs","TEN","Terrance West","TEN",58,280,81.1,0,0,0,0,108,496,2.1,12.9,98,2,0,0,1.7,0,0,0,0,0,0,0,0,0,0,0,0,0,0,0,0,0,0
"FOZZYWHITTAKER","RB","cbs","CAR","Fozzy Whittaker","CAR",59,281,80.2,0,0,0,0,88,363,1.8,16,183,2.9,0,0,1.5,0,0,0,0,0,0,0,0,0,0,0,0,0,0,0,0,0,0
"RILEYCOOPER","WR","cbs","PHI","Riley Cooper","PHI",94,281,80.2,0,0,0,0,0,0,0,30.2,411,3.2,0,0,1.1,0,0,0,0,0,0,0,0,0,0,0,0,0,0,0,0,0,0
"DARRENFELLS","TE","cbs","ARI","Darren Fells","ARI",36,283,80,0,0,0,0,0,0,0,27,319,5.1,0,0,0.3,0,0,0,0,0,0,0,0,0,0,0,0,0,0,0,0,0,0
"JERICKMCKINNON","RB","cbs","MIN","Jerick McKinnon","MIN",60,284,79.5,0,0,0,0,69,363,3.5,23.7,136,0.4,0,0,0.8,0,0,0,0,0,0,0,0,0,0,0,0,0,0,0,0,0,0
"TYLERLOCKETT","WR","cbs","SEA","Tyler Lockett","SEA",95,285,79.2,0,0,0,0,0,0,0,29.4,428,2.5,0,0,0.4,0,0,0,0,0,0,0,0,0,0,0,0,0,0,0,0,0,0
"DEXTERMCCLUSTER","RB","cbs","TEN","Dexter McCluster","TEN",61,286,78.8,0,0,0,0,47,187,1.2,34,288,1.3,0,0,1.1,0,0,0,0,0,0,0,0,0,0,0,0,0,0,0,0,0,0
"MARCELREECE","RB","cbs","OAK","Marcel Reece","OAK",61,286,78.8,0,0,0,0,28.8,142,0.8,37.8,308,1.5,0,0,0.9,0,0,0,0,0,0,0,0,0,0,0,0,0,0,0,0,0,0
"DEVINSMITH","WR","cbs","NYJ","Devin Smith","NYJ",96,286,78.8,0,0,0,0,0,0,0,31.4,430,2.3,0,0,0.5,0,0,0,0,0,0,0,0,0,0,0,0,0,0,0,0,0,0
"GAVINESCOBAR","TE","cbs","DAL","Gavin Escobar","DAL",37,286,78.8,0,0,0,0,0,0,0,28.2,322,4.4,0,0,0.4,0,0,0,0,0,0,0,0,0,0,0,0,0,0,0,0,0,0
"JACQUIZZRODGERS","RB","cbs","CHI","Jacquizz Rodgers","CHI",63,290,78.6,0,0,0,0,65,255,1.9,32.4,195,1.4,0,0,1.3,0,0,0,0,0,0,0,0,0,0,0,0,0,0,0,0,0,0
"GARRETTGRAHAM","TE","cbs","HOU","Garrett Graham","HOU",38,290,78.6,0,0,0,0,0,0,0,34,379,2.7,0,0,0.8,0,0,0,0,0,0,0,0,0,0,0,0,0,0,0,0,0,0
"KAMARAIKEN","WR","cbs","BAL","Kamar Aiken","BAL",97,292,78.3,0,0,0,0,0,0,0,25.7,355,4.2,0,0,0.3,0,0,0,0,0,0,0,0,0,0,0,0,0,0,0,0,0,0
"CHRISHOGAN","WR","cbs","BUF","Chris Hogan","BUF",98,293,78,0,0,0,0,0,0,0,32.4,385,3.3,0,0,2.6,0,0,0,0,0,0,0,0,0,0,0,0,0,0,0,0,0,0
"LORENZOTALIAFERRO","RB","cbs","BAL","Lorenzo Taliaferro","BAL",64,294,77.3,0,0,0,0,80,355,3.7,16.5,179,0.8,0,0,2.6,0,0,0,0,0,0,0,0,0,0,0,0,0,0,0,0,0,0
"JAVORIUSALLEN","RB","cbs","BAL","Javorius Allen","BAL",65,295,76.7,0,0,0,0,95,441,3.7,13.5,109,0.6,0,0,1.3,0,0,0,0,0,0,0,0,0,0,0,0,0,0,0,0,0,0
"BRENTCELEK","TE","cbs","PHI","Brent Celek","PHI",39,296,76.2,0,0,0,0,0,0,0,30.6,415,2.7,0,0,1.8,0,0,0,0,0,0,0,0,0,0,0,0,0,0,0,0,0,0
"TYMONTGOMERY","WR","cbs","GB","Ty Montgomery","GB",99,297,75.1,0,0,0,0,0,0,0,26.7,394,2.8,0,0,0.5,0,0,0,0,0,0,0,0,0,0,0,0,0,0,0,0,0,0
"ANDREROBERTS","WR","cbs","WAS","Andre Roberts","WAS",100,298,73.8,0,0,0,0,0,0,0,34.6,414,1.6,0,0,2.2,0,0,0,0,0,0,0,0,0,0,0,0,0,0,0,0,0,0
"RYANFITZPATRICK","QB","cbs","NYJ","Ryan Fitzpatrick","NYJ",33,299,73.4,156,1076,7.3,6.5,20.9,101,1.1,0,0,0,0,0,1,0,0,0,0,0,0,0,0,0,0,0,0,0,0,0,0,0,0
"LEVINETOILOLO","TE","cbs","ATL","Levine Toilolo","ATL",40,300,71.7,0,0,0,0,0,0,0,34.5,347,2.1,0,0,1.2,0,0,0,0,0,0,0,0,0,0,0,0,0,0,0,0,0,0
"JACOBTAMME","TE","cbs","ATL","Jacob Tamme","ATL",41,301,71.3,0,0,0,0,0,0,0,34.5,347,2.1,0,0,1.4,0,0,0,0,0,0,0,0,0,0,0,0,0,0,0,0,0,0
"MIKETOLBERT","RB","cbs","CAR","Mike Tolbert","CAR",66,302,70.1,0,0,0,0,75,223,1.9,23.5,191,1.7,0,0,0,0,0,0,0,0,0,0,0,0,0,0,0,0,0,0,0,0,0
"CORDARRELLEPATTERSON","WR","cbs","MIN","Cordarrelle Patterson","MIN",101,303,69.4,0,0,0,0,0,0,0,26.2,325,1.8,0,0,1.3,0,0,0,0,0,0,0,0,0,0,0,0,0,0,0,0,0,0
"ANDRECALDWELL","WR","cbs","DEN","Andre Caldwell","DEN",101,303,69.4,0,0,0,0,0,0,0,27.6,358,2.4,0,0,0.3,0,0,0,0,0,0,0,0,0,0,0,0,0,0,0,0,0,0
"JAELENSTRONG","WR","cbs","HOU","Jaelen Strong","HOU",103,305,69.2,0,0,0,0,0,0,0,28,370,1.9,0,0,0.6,0,0,0,0,0,0,0,0,0,0,0,0,0,0,0,0,0,0
"JAMESSTARKS","RB","cbs","GB","James Starks","GB",67,306,69.1,0,0,0,0,83,381,2.4,16.5,125,0.9,0,0,1.1,0,0,0,0,0,0,0,0,0,0,0,0,0,0,0,0,0,0
"DAVIDJOHNSON","RB","cbs","ARI","David Johnson","ARI",68,307,68.9,0,0,0,0,87,344,2.5,18.1,157,0.7,0,0,1.2,0,0,0,0,0,0,0,0,0,0,0,0,0,0,0,0,0,0
"BRANDENOLIVER","RB","cbs","SD","Branden Oliver","SD",69,308,68.6,0,0,0,0,61,240,3.8,20.6,157,0.5,0,0,0.9,0,0,0,0,0,0,0,0,0,0,0,0,0,0,0,0,0,0
"COREYFULLER","WR","cbs","DET","Corey Fuller","DET",104,309,66.2,0,0,0,0,0,0,0,27,395,2.2,0,0,2.5,0,0,0,0,0,0,0,0,0,0,0,0,0,0,0,0,0,0
"DEREKCARRIER","TE","cbs","WAS","Derek Carrier","WAS",42,310,66,0,0,0,0,0,0,0,30.8,336,1.5,0,0,0.4,0,0,0,0,0,0,0,0,0,0,0,0,0,0,0,0,0,0
"CHRISJOHNSON","RB","cbs","ARI","Chris Johnson","ARI",70,311,65.3,0,0,0,0,111,416,2,13.5,110,0.8,0,0,1.5,0,0,0,0,0,0,0,0,0,0,0,0,0,0,0,0,0,0
"CHRISGRAGG","TE","cbs","BUF","Chris Gragg","BUF",43,312,64.8,0,0,0,0,0,0,0,25.2,277,3.4,0,0,0.4,0,0,0,0,0,0,0,0,0,0,0,0,0,0,0,0,0,0
"PHILLIPDORSETT","WR","cbs","IND","Phillip Dorsett","IND",105,313,64.6,0,0,0,0,0,0,0,25.2,340,2.2,0,0,0.7,0,0,0,0,0,0,0,0,0,0,0,0,0,0,0,0,0,0
"ALBERTWILSON","WR","cbs","KC","Albert Wilson","KC",106,314,64.2,0,0,0,0,0,0,0,25.4,390,1.4,0,0,0.3,0,0,0,0,0,0,0,0,0,0,0,0,0,0,0,0,0,0
"ANDREWQUARLESS","TE","cbs","GB","Andrew Quarless","GB",44,315,64,0,0,0,0,0,0,0,26.8,288,2.8,0,0,0.3,0,0,0,0,0,0,0,0,0,0,0,0,0,0,0,0,0,0
"BILALPOWELL","RB","cbs","NYJ","Bilal Powell","NYJ",71,316,63.7,0,0,0,0,71,311,1.9,19.1,161,0.6,0,0,1.2,0,0,0,0,0,0,0,0,0,0,0,0,0,0,0,0,0,0
"KARLOSWILLIAMS","RB","cbs","BUF","Karlos Williams","BUF",72,317,63.1,0,0,0,0,60,274,1.9,21.5,174,0.8,0,0,1.8,0,0,0,0,0,0,0,0,0,0,0,0,0,0,0,0,0,0
"DORIALGREENBECKHAM","WR","cbs","TEN","Dorial Green-Beckham","TEN",107,318,63,0,0,0,0,0,0,0,22.6,373,1.9,0,0,0.5,0,0,0,0,0,0,0,0,0,0,0,0,0,0,0,0,0,0
"EDDICKSON","TE","cbs","CAR","Ed Dickson","CAR",45,319,62.9,0,0,0,0,0,0,0,28.1,308,2.1,0,0,0.4,0,0,0,0,0,0,0,0,0,0,0,0,0,0,0,0,0,0
"DANIELFELLS","TE","cbs","NYG","Daniel Fells","NYG",46,320,62.3,0,0,0,0,0,0,0,25.9,287,3.4,0,0,2,0,0,0,0,0,0,0,0,0,0,0,0,0,0,0,0,0,0
"JASONAVANT","WR","cbs","KC","Jason Avant","KC",108,321,61.4,0,0,0,0,0,0,0,32.6,299,1.4,0,0,0.3,0,0,0,0,0,0,0,0,0,0,0,0,0,0,0,0,0,0
"RICHARDRODGERS","TE","cbs","GB","Richard Rodgers","GB",47,322,61.3,0,0,0,0,0,0,0,25.7,279,2.7,0,0,0.3,0,0,0,0,0,0,0,0,0,0,0,0,0,0,0,0,0,0
"CJFIEDOROWICZ","TE","cbs","HOU","C.J. Fiedorowicz","HOU",48,323,60.7,0,0,0,0,0,0,0,26.7,267,2.8,0,0,0.4,0,0,0,0,0,0,0,0,0,0,0,0,0,0,0,0,0,0
"DEANTHONYTHOMAS","WR","cbs","KC","De'Anthony Thomas","KC",109,324,60.5,0,0,0,0,0,0,0,26.5,256,1.4,0,0,0.3,0,0,0,0,0,0,0,0,0,0,0,0,0,0,0,0,0,0
"DIONSIMS","TE","cbs","MIA","Dion Sims","MIA",49,325,60.3,0,0,0,0,0,0,0,28.5,302,1.9,0,0,0.3,0,0,0,0,0,0,0,0,0,0,0,0,0,0,0,0,0,0
"RHETTELLISON","TE","cbs","MIN","Rhett Ellison","MIN",50,326,59.3,0,0,0,0,0,0,0,26.5,287,2.2,0,0,0.2,0,0,0,0,0,0,0,0,0,0,0,0,0,0,0,0,0,0
"BRUCEMILLER","RB","cbs","SF","Bruce Miller","SF",73,327,59.1,0,0,0,0,7.4,14.3,0.1,28.3,282,2.1,0,0,1.2,0,0,0,0,0,0,0,0,0,0,0,0,0,0,0,0,0,0
"JIMDRAY","TE","cbs","CLE","Jim Dray","CLE",51,328,58.5,0,0,0,0,0,0,0,25.9,318,1.8,0,0,0.6,0,0,0,0,0,0,0,0,0,0,0,0,0,0,0,0,0,0
"ROBHOUSLER","TE","cbs","CLE","Rob Housler","CLE",51,328,58.5,0,0,0,0,0,0,0,25.9,308,1.7,0,0,0.3,0,0,0,0,0,0,0,0,0,0,0,0,0,0,0,0,0,0
"GARYBARNIDGE","TE","cbs","CLE","Gary Barnidge","CLE",51,328,58.5,0,0,0,0,0,0,0,25.9,305,1.7,0,0,0.3,0,0,0,0,0,0,0,0,0,0,0,0,0,0,0,0,0,0
"QUINTONPATTON","WR","cbs","SF","Quinton Patton","SF",110,331,58.3,0,0,0,0,0,0,0,23.5,347,1.5,0,0,2.4,0,0,0,0,0,0,0,0,0,0,0,0,0,0,0,0,0,0
"JAMESOSHAUGHNESSY","TE","cbs","KC","James O'Shaughnessy","KC",54,332,58.1,0,0,0,0,0,0,0,28.5,256,2.1,0,0,0.5,0,0,0,0,0,0,0,0,0,0,0,0,0,0,0,0,0,0
"KELLENDAVIS","TE","cbs","NYJ","Kellen Davis","NYJ",54,332,58.1,0,0,0,0,0,0,0,26.9,277,2,0,0,0.4,0,0,0,0,0,0,0,0,0,0,0,0,0,0,0,0,0,0
"ANTONIOANDREWS","RB","cbs","TEN","Antonio Andrews","TEN",74,334,57.3,0,0,0,0,48.2,212,1.5,20.7,192,0.7,0,0,1.3,0,0,0,0,0,0,0,0,0,0,0,0,0,0,0,0,0,0
"MARCEDESLEWIS","TE","cbs","JAC","Marcedes Lewis","JAC",56,334,57.3,0,0,0,0,0,0,0,19.5,285,3.4,0,0,1.3,0,0,0,0,0,0,0,0,0,0,0,0,0,0,0,0,0,0
"MAXXWILLIAMS","TE","cbs","BAL","Maxx Williams","BAL",57,336,57.1,0,0,0,0,0,0,0,24.3,257,2.6,0,0,0.4,0,0,0,0,0,0,0,0,0,0,0,0,0,0,0,0,0,0
"JOSHHUFF","WR","cbs","PHI","Josh Huff","PHI",111,337,56.8,0,0,0,0,0,0,0,23.2,357,2.2,0,0,3.8,0,0,0,0,0,0,0,0,0,0,0,0,0,0,0,0,0,0
"LAMICHAELJAMES","RB","cbs","MIA","LaMichael James","MIA",75,338,56.3,0,0,0,0,68,291,1.7,18.5,121,0.7,0,0,1.3,0,0,0,0,0,0,0,0,0,0,0,0,0,0,0,0,0,0
"MARLONBROWN","WR","cbs","BAL","Marlon Brown","BAL",112,339,53.8,0,0,0,0,0,0,0,24.8,276,1.6,0,0,0.3,0,0,0,0,0,0,0,0,0,0,0,0,0,0,0,0,0,0
"JERMAINEGRESHAM","TE","cbs","ARI","Jermaine Gresham","ARI",58,340,53.7,0,0,0,0,0,0,0,24.1,231,2.7,0,0,0.8,0,0,0,0,0,0,0,0,0,0,0,0,0,0,0,0,0,0
"JACOBYJONES","WR","cbs","SD","Jacoby Jones","SD",113,341,53.5,0,0,0,0,0,0,0,22.9,312,1.7,0,0,1.8,0,0,0,0,0,0,0,0,0,0,0,0,0,0,0,0,0,0
"JARONBROWN","WR","cbs","ARI","Jaron Brown","ARI",114,342,50.5,0,0,0,0,0,0,0,19.9,302,1.7,0,0,0.3,0,0,0,0,0,0,0,0,0,0,0,0,0,0,0,0,0,0
"LEESMITH","TE","cbs","OAK","Lee Smith","OAK",59,343,50.3,0,0,0,0,0,0,0,25.5,219,1.9,0,0,0.3,0,0,0,0,0,0,0,0,0,0,0,0,0,0,0,0,0,0
"ANTHONYFASANO","TE","cbs","TEN","Anthony Fasano","TEN",60,344,49.8,0,0,0,0,0,0,0,17.2,187,3.7,0,0,0.3,0,0,0,0,0,0,0,0,0,0,0,0,0,0,0,0,0,0
"BENNYCUNNINGHAM","RB","cbs","STL","Benny Cunningham","STL",76,345,48.5,0,0,0,0,43.3,156,1.6,20.9,166,0.6,0,0,0.8,0,0,0,0,0,0,0,0,0,0,0,0,0,0,0,0,0,0
"JEREMYKERLEY","WR","cbs","NYJ","Jeremy Kerley","NYJ",115,346,46.6,0,0,0,0,0,0,0,20.6,243,1.1,0,0,0.3,0,0,0,0,0,0,0,0,0,0,0,0,0,0,0,0,0,0
"BRANDONPETTIGREW","TE","cbs","DET","Brandon Pettigrew","DET",61,347,46,0,0,0,0,0,0,0,24.2,235,1.3,0,0,0.5,0,0,0,0,0,0,0,0,0,0,0,0,0,0,0,0,0,0
"RYANHEWITT","TE","cbs","CIN","Ryan Hewitt","CIN",62,348,45.6,0,0,0,0,0,0,0,22.2,226,1.5,0,0,0.3,0,0,0,0,0,0,0,0,0,0,0,0,0,0,0,0,0,0
"STEVANRIDLEY","RB","cbs","NYJ","Stevan Ridley","NYJ",77,349,45.2,0,0,0,0,62,290,3,7.6,53,0.3,0,0,2.6,0,0,0,0,0,0,0,0,0,0,0,0,0,0,0,0,0,0
"DARRELYOUNG","RB","cbs","WAS","Darrel Young","WAS",78,350,44.9,0,0,0,0,9.6,34.3,2.7,10.5,94,2.2,0,0,0,0,0,0,0,0,0,0,0,0,0,0,0,0,0,0,0,0,0
"DEVINHESTER","WR","cbs","ATL","Devin Hester","ATL",116,351,43.8,0,0,0,0,0,0,0,17.6,229,1.1,0,0,1.8,0,0,0,0,0,0,0,0,0,0,0,0,0,0,0,0,0,0
"BRANDONTATE","WR","cbs","CIN","Brandon Tate","CIN",117,352,41.9,0,0,0,0,0,0,0,19.7,245,1.3,0,0,1.8,0,0,0,0,0,0,0,0,0,0,0,0,0,0,0,0,0,0
"MICHAELCAMPANARO","WR","cbs","BAL","Michael Campanaro","BAL",118,353,41,0,0,0,0,0,0,0,17.8,232,1.5,0,0,0.4,0,0,0,0,0,0,0,0,0,0,0,0,0,0,0,0,0,0
"TOBYGERHART","RB","cbs","JAC","Toby Gerhart","JAC",79,354,39.4,0,0,0,0,37.1,148,1.6,16.2,146,0.4,0,0,1.4,0,0,0,0,0,0,0,0,0,0,0,0,0,0,0,0,0,0
"KYLEJUSZCZYK","RB","cbs","BAL","Kyle Juszczyk","BAL",80,355,38.1,0,0,0,0,0,0,0,24.3,214,1,0,0,3.1,0,0,0,0,0,0,0,0,0,0,0,0,0,0,0,0,0,0
"VANCEMCDONALD","TE","cbs","SF","Vance McDonald","SF",63,356,37.9,0,0,0,0,0,0,0,21.1,229,1.3,0,0,3,0,0,0,0,0,0,0,0,0,0,0,0,0,0,0,0,0,0
"BRANDONMYERS","TE","cbs","TB","Brandon Myers","TB",64,357,37.5,0,0,0,0,0,0,0,18.9,208,0.9,0,0,0.4,0,0,0,0,0,0,0,0,0,0,0,0,0,0,0,0,0,0
"DEANGELOWILLIAMS","RB","cbs","PIT","DeAngelo Williams","PIT",81,358,37,0,0,0,0,59,234,2.2,8.2,87,0.3,0,0,2.6,0,0,0,0,0,0,0,0,0,0,0,0,0,0,0,0,0,0
"DERRICKCOLEMAN","RB","cbs","SEA","Derrick Coleman","SEA",82,359,36.4,0,0,0,0,2.3,4.5,0,12.6,144,2.8,0,0,0,0,0,0,0,0,0,0,0,0,0,0,0,0,0,0,0,0,0
"JEFFJANIS","WR","cbs","GB","Jeff Janis","GB",119,360,34.2,0,0,0,0,0,0,0,14.2,199,1.4,0,0,0.5,0,0,0,0,0,0,0,0,0,0,0,0,0,0,0,0,0,0
"ANTHONYSHERMAN","RB","cbs","KC","Anthony Sherman","KC",83,361,34,0,0,0,0,2.1,6.8,0,17.2,128,1.9,0,0,0.3,0,0,0,0,0,0,0,0,0,0,0,0,0,0,0,0,0,0
"TYLERKROFT","TE","cbs","CIN","Tyler Kroft","CIN",65,362,33.1,0,0,0,0,0,0,0,17.3,163,1.3,0,0,0.5,0,0,0,0,0,0,0,0,0,0,0,0,0,0,0,0,0,0
"TYLERCLUTTS","RB","cbs","DAL","Tyler Clutts","DAL",84,363,32,0,0,0,0,8.6,40.6,0.3,10.2,46,3.2,0,0,0.6,0,0,0,0,0,0,0,0,0,0,0,0,0,0,0,0,0,0
"PATRICKDIMARCO","RB","cbs","ATL","Patrick DiMarco","ATL",85,364,29.4,0,0,0,0,0,0,0,16,119,1.4,0,0,0,0,0,0,0,0,0,0,0,0,0,0,0,0,0,0,0,0,0
"JAMESCASEY","TE","cbs","DEN","James Casey","DEN",66,365,27.9,0,0,0,0,0,0,0,5.9,102,3,0,0,0,0,0,0,0,0,0,0,0,0,0,0,0,0,0,0,0,0,0
"TOMMYBOHANON","RB","cbs","NYJ","Tommy Bohanon","NYJ",86,366,27,0,0,0,0,16.7,66,0.2,15.6,136,0.2,0,0,0,0,0,0,0,0,0,0,0,0,0,0,0,0,0,0,0,0,0
"NIKITAWHITLOCK","RB","cbs","NYG","Nikita Whitlock","NYG",87,367,25.8,0,0,0,0,22.2,85,0.6,12.2,104,0.4,0,0,0.2,0,0,0,0,0,0,0,0,0,0,0,0,0,0,0,0,0,0
"ZACHLINE","RB","cbs","MIN","Zach Line","MIN",88,368,25.6,0,0,0,0,17.4,86,0.7,11.8,95,0.3,0,0,0.1,0,0,0,0,0,0,0,0,0,0,0,0,0,0,0,0,0,0
"AUSTINJOHNSON","RB","cbs","NO","Austin Johnson","NO",89,369,23.6,0,0,0,0,20.2,61,0.2,7.6,62,1.8,0,0,0,0,0,0,0,0,0,0,0,0,0,0,0,0,0,0,0,0,0
"MARQUEISGRAY","TE","cbs","BUF","MarQueis Gray","BUF",67,370,22.8,0,0,0,0,0,0,0,11.8,130,0.8,0,0,0.4,0,0,0,0,0,0,0,0,0,0,0,0,0,0,0,0,0,0
"JOHNKUHN","RB","cbs","GB","John Kuhn","GB",90,371,22.3,0,0,0,0,27.6,102,1,10.7,63,0.1,0,0,0.5,0,0,0,0,0,0,0,0,0,0,0,0,0,0,0,0,0,0
"JALSTONFOWLER","RB","cbs","TEN","Jalston Fowler","TEN",91,372,20.2,0,0,0,0,17.8,79,0.4,9.2,82,0.3,0,0,0.1,0,0,0,0,0,0,0,0,0,0,0,0,0,0,0,0,0,0
"FREDJACKSON","RB","cbs","SEA","Fred Jackson","SEA",92,373,19.5,0,0,0,0,26.7,133,0.9,5.7,54,0.1,0,0,0.1,0,0,0,0,0,0,0,0,0,0,0,0,0,0,0,0,0,0
"CLAYHARBOR","TE","cbs","JAC","Clay Harbor","JAC",68,374,18.5,0,0,0,0,0,0,0,10.1,116,0.6,0,0,0.1,0,0,0,0,0,0,0,0,0,0,0,0,0,0,0,0,0,0
"JONATHANGRIMES","RB","cbs","HOU","Jonathan Grimes","HOU",93,375,18.1,0,0,0,0,32.2,134,0.6,6.1,51,0.2,0,0,0.4,0,0,0,0,0,0,0,0,0,0,0,0,0,0,0,0,0,0
"WILLJOHNSON","RB","cbs","PIT","Will Johnson","PIT",94,376,17.6,0,0,0,0,2.8,4.7,0,11.2,81,0.4,0,0,0,0,0,0,0,0,0,0,0,0,0,0,0,0,0,0,0,0,0
"CHRISPOLK","RB","cbs","HOU","Chris Polk","HOU",94,376,17.6,0,0,0,0,29.8,124,1,5.2,41,0.2,0,0,0.4,0,0,0,0,0,0,0,0,0,0,0,0,0,0,0,0,0,0
"DAVIDJOHNSON","TE","cbs","SD","David Johnson","SD",69,376,17.6,0,0,0,0,0,0,0,9.6,98,0.7,0,0,0.1,0,0,0,0,0,0,0,0,0,0,0,0,0,0,0,0,0,0
"JAYPROSCH","RB","cbs","HOU","Jay Prosch","HOU",96,379,15.3,0,0,0,0,12.5,54,0.3,6.5,80,0.2,0,0,0.1,0,0,0,0,0,0,0,0,0,0,0,0,0,0,0,0,0,0
"DRIARCHER","RB","cbs","PIT","Dri Archer","PIT",97,380,14.1,0,0,0,0,14.2,57,0.4,6.3,48.5,0.3,0,0,0.2,0,0,0,0,0,0,0,0,0,0,0,0,0,0,0,0,0,0
"PRESTONPARKER","WR","cbs","NYG","Preston Parker","NYG",120,381,14,0,0,0,0,0,0,0,7.4,99,0.5,0,0,0.2,0,0,0,0,0,0,0,0,0,0,0,0,0,0,0,0,0,0
"ZACSTACY","RB","cbs","NYJ","Zac Stacy","NYJ",98,382,13.1,0,0,0,0,27.4,128,0.6,3.9,30.8,0.1,0,0,1,0,0,0,0,0,0,0,0,0,0,0,0,0,0,0,0,0,0
"MATTASIATA","RB","cbs","MIN","Matt Asiata","MIN",99,383,12.6,0,0,0,0,11.7,54,0.9,4,29.8,0.1,0,0,0.2,0,0,0,0,0,0,0,0,0,0,0,0,0,0,0,0,0,0
"JAMESWHITE","RB","cbs","NE","James White","NE",100,384,12.3,0,0,0,0,25,94,0.7,2.9,21.5,0.1,0,0,0.2,0,0,0,0,0,0,0,0,0,0,0,0,0,0,0,0,0,0
"JEROMEFELTON","RB","cbs","BUF","Jerome Felton","BUF",101,385,11.5,0,0,0,0,12.6,79,0.1,6.3,38.7,0.1,0,0,0,0,0,0,0,0,0,0,0,0,0,0,0,0,0,0,0,0,0
"KHIRYROBINSON","RB","cbs","NO","Khiry Robinson","NO",102,386,10.8,0,0,0,0,17.7,88,0.5,3.2,25.1,0.1,0,0,0.5,0,0,0,0,0,0,0,0,0,0,0,0,0,0,0,0,0,0
"TRAVARISCADET","RB","cbs","NE","Travaris Cadet","NE",102,386,10.8,0,0,0,0,14.4,49.6,0.4,4.8,38.5,0.2,0,0,0.3,0,0,0,0,0,0,0,0,0,0,0,0,0,0,0,0,0,0
"FITZGERALDTOUSSAINT","RB","cbs","PIT","Fitzgerald Toussaint","PIT",104,388,8.2,0,0,0,0,11.3,48.8,0.4,2.6,23.4,0.1,0,0,0.2,0,0,0,0,0,0,0,0,0,0,0,0,0,0,0,0,0,0
"BOBBYRAINEY","RB","cbs","TB","Bobby Rainey","TB",105,389,7.5,0,0,0,0,13.7,60,0.4,2.5,23,0,0,0,0.2,0,0,0,0,0,0,0,0,0,0,0,0,0,0,0,0,0,0
